,d0_1,d0_2,d0_3,d0_4,d0_5,d0_6,d0_7,d0_8,d0_9,d0_10,d0_11,d0_12,d0_13,d0_14,d0_15,d0_16,d0_17,d0_18,d0_19,d0_20,d1_2,d1_3,d1_4,d1_5,d1_6,d1_7,d1_8,d1_9,d1_10,d1_11,d1_12,d1_13,d1_14,d1_15,d1_16,d1_17,d1_18,d1_19,d1_20,d2_3,d2_4,d2_5,d2_6,d2_7,d2_8,d2_9,d2_10,d2_11,d2_12,d2_13,d2_14,d2_15,d2_16,d2_17,d2_18,d2_19,d2_20,d3_4,d3_5,d3_6,d3_7,d3_8,d3_9,d3_10,d3_11,d3_12,d3_13,d3_14,d3_15,d3_16,d3_17,d3_18,d3_19,d3_20,d4_5,d4_6,d4_7,d4_8,d4_9,d4_10,d4_11,d4_12,d4_13,d4_14,d4_15,d4_16,d4_17,d4_18,d4_19,d4_20,d5_6,d5_7,d5_8,d5_9,d5_10,d5_11,d5_12,d5_13,d5_14,d5_15,d5_16,d5_17,d5_18,d5_19,d5_20,d6_7,d6_8,d6_9,d6_10,d6_11,d6_12,d6_13,d6_14,d6_15,d6_16,d6_17,d6_18,d6_19,d6_20,d7_8,d7_9,d7_10,d7_11,d7_12,d7_13,d7_14,d7_15,d7_16,d7_17,d7_18,d7_19,d7_20,d8_9,d8_10,d8_11,d8_12,d8_13,d8_14,d8_15,d8_16,d8_17,d8_18,d8_19,d8_20,d9_10,d9_11,d9_12,d9_13,d9_14,d9_15,d9_16,d9_17,d9_18,d9_19,d9_20,d10_11,d10_12,d10_13,d10_14,d10_15,d10_16,d10_17,d10_18,d10_19,d10_20,d11_12,d11_13,d11_14,d11_15,d11_16,d11_17,d11_18,d11_19,d11_20,d12_13,d12_14,d12_15,d12_16,d12_17,d12_18,d12_19,d12_20,d13_14,d13_15,d13_16,d13_17,d13_18,d13_19,d13_20,d14_15,d14_16,d14_17,d14_18,d14_19,d14_20,d15_16,d15_17,d15_18,d15_19,d15_20,d16_17,d16_18,d16_19,d16_20,d17_18,d17_19,d17_20,d18_19,d18_20,d19_20
0,-0.3574172730197572,-0.11907583814152062,0.18856796369433856,0.4505386158808873,0.030779521173090022,0.04928972226245585,-0.1791788442363486,-0.13460424515824768,0.17099419858174839,0.07519760762742911,-0.1318095563521129,0.013581969077995557,0.29762626977860746,0.2704319195725715,0.1342515883309212,0.25724088950042606,0.42865318158067256,0.22513826027332917,-0.08115669403821639,-0.13644870417686633,0.04365388655297786,0.3037505809687744,0.4881229126674638,0.03726518731572747,0.07407881636491057,-0.16595625582787224,-0.11040694329828397,0.10744502937037216,0.020271149880942845,-0.16312890183387596,0.021763234190370823,0.13783619537649058,0.18697925543963537,0.0991133308738489,0.26374449029924824,0.14255538098527476,0.13626211257844653,-0.12021154151023664,-0.14256865888457101,0.40620531187884457,0.4854674846776938,-0.09990624872527967,0.01938709637016772,-0.21519807216261747,-0.10778851581313284,-0.11052208882425776,-0.15346319388319554,-0.22859195810492666,0.011768317315860118,-0.20839656927525382,-0.04456934195081964,-0.049766504516772045,0.025494851418870534,-0.20490957123467507,-0.03431860764341114,-0.20608558963444445,-0.24578775257776947,0.4594555744755596,0.1416544836600417,-0.29925949338134933,-0.18292630681524388,-0.17083386692592692,0.008892123856216707,-0.3394785667131021,0.043179649004981696,0.062223827637406075,-0.09871446899638375,-0.12859609432294,-0.018435369264117454,-0.06552193178517751,-0.08471321986521463,0.12943532030023738,0.07541587022732883,0.019356028884534023,0.06187449147463106,-0.536781855362913,-0.11107499688374263,0.006200951053997827,0.17457332217348287,-0.06055922521551003,0.2870260176599911,0.23632669899228856,0.2763182948577917,0.3258901281648516,0.33140888006192437,0.22552189949967677,0.3160841652642688,0.5730913296489206,0.6087015364151919,0.5880512174407043,0.1973351150635805,0.09757605376680813,0.24761230114358074,-0.47920267778295417,0.08368210575886997,0.4825758734431483,0.408012535193667,-0.3808253495415794,0.07438067773710592,0.3229527702109655,0.18298482713132824,-0.28205094378501816,-0.0016010694637676967,-0.012627154721732559,-0.12077409938170561,1.1657261591766803,0.43427480289193826,-0.38147093816798355,-0.9896233123168101,0.7719174156014258,0.4727000882384958,-0.4883736558323951,-0.5824388734296843,-0.05216138499867702,-0.1449992198830873,-0.41601783783432655,-0.09122070867172517,0.12190428290416236,0.08895671035129099,-0.4000224794015451,-0.358719421592422,-0.2887957111661538,-0.38847590445676144,-0.20870990862980793,-0.4981442314446133,-0.3113757147279801,-0.38655857479575545,-0.42001609365663745,-0.464133525480859,-0.08846575127204795,-0.13793502301768062,-0.19695532330875262,-0.03334255442219158,-0.2164124901689159,-0.600083075851579,-0.2869624954103833,-0.22446962935990597,-0.14784339202893515,-0.26631156120354726,-0.24378023303880014,-0.26812166339154136,0.03794723013186873,-0.06188368237947876,-0.10956490578101233,-0.022748487992655664,0.4483114196538473,0.3580197840773276,-0.2913240159950715,0.31768645548684926,0.398931015537539,0.11357823528359749,-0.200718728665424,0.12484568393745071,-0.04054985078216367,-0.26194154281643156,1.3671013686082023,0.5013977087478173,-0.30695381765791924,-0.2140334178568735,0.16653615682077555,-0.13568653818472562,-0.2994240164025711,0.18330854252678194,0.332141370564225,0.19435310033530126,-0.5264529252748977,0.040246426250091935,0.7396822891967002,-0.10789690902869575,-0.3405222419528264,-0.15997007588111642,0.44609106045971325,0.04159073947072114,-0.13366754199593553,0.13245520474499278,0.40331463303853077,0.041976583765867874,-0.00958673341949422,-0.005333627886504053,0.3988465493781816,0.14555348836784987,0.03642003000276938,0.20665312547993064,0.321808374744503,0.009161202505814547,-0.12294916732698563,0.17188914656292922,-0.29794846092052396,-0.5700402065006319,0.6585082424257881,-0.053611363801860615,-0.1280179022655441,0.5935797386239701,0.6912381138794897,0.22932330724091765,-0.9239286147206174,-0.04107674302321318,0.7434542637849375,0.03813099083758442,-0.28655304431974293,-0.1410580172481711,0.19098347807216282,-0.16051917333114596,-0.17823852020323916,-0.378481364257731,-0.5646933600204144,-0.7799615999634196,0.2586503614529162,-0.2668376200263987,-0.806179520536948
1,-0.42217856121236086,-0.14974464726499453,-0.05675409815728169,-0.0027132382391518574,0.03093387065118676,0.07173305761142824,0.20325067177071837,0.3361984934849866,0.04202214329140438,-0.007708113247402671,0.17161763212042733,0.3371856073920746,0.037491150018459325,-0.016745862923288623,0.16562930347243043,0.3682061101735872,0.02090909967292601,0.05499641039830408,0.21058019855386684,0.3492543276123225,0.1652656101901605,0.14040904646817556,0.1001416913606989,0.1843608423933671,0.1789535855989166,0.3011373474374061,0.4184056376895686,0.13077540843237848,0.06606428849074761,0.2619782063715285,0.42415859074073575,0.05075970647635555,0.03461920071371073,0.2635678340298292,0.4867831927047368,-0.048157241914125265,0.08310679195122067,0.28436340606645016,0.444037050550921,0.03902441429991188,-0.035917321435418516,-0.014408480520693058,0.07190857783772794,0.24881340540053262,0.3914040935892094,-0.12315806312781166,-0.08502821772263591,0.20550235355941054,0.4156651181016767,-0.3096019656706942,-0.1919498498877594,0.14597005037224745,0.4482835082328817,-0.39926872469498464,-0.21730759166121996,0.07179713226630605,0.31565079033810767,-0.17932607324191754,-0.4900209234702561,-0.10995971281041723,0.1614125396198645,0.4091447866159833,-0.3397148945337103,-0.234989824693967,0.12475982391593983,0.41865218773085494,-0.400296881677891,-0.34438814112427196,0.009149316101796897,0.3545998077753463,-0.3987454613257366,-0.35681722299878454,-0.12727294389112015,0.12472160549308314,-0.48889580212765815,0.06966657689606663,0.2075426244027886,0.4702244846175737,-0.19045884228403423,0.014164659311902156,0.23972429575192392,0.5168555411908284,-0.13435087598871073,-0.0754088280673996,0.13410552982592033,0.3918572370324002,-0.10489247659709233,-0.08251060985660415,0.020784197750097284,0.17218103555812173,0.07119366685441678,0.20946257936109694,0.3339007821605529,-0.2626897168891646,-0.18796563118345597,0.15515137491231049,0.3637206189393031,-0.3178327396916695,-0.30903630272560506,0.04228006461652962,0.33166919205397155,-0.3087533949191701,-0.3087536640091099,-0.0926807442438233,0.11286074648556173,0.22071107270368523,0.2960222593815421,-0.0035149162243692535,-0.3648672828439761,0.019160559424568697,0.2999259181785948,-0.08640198563239491,-0.34052498264761405,-0.2992985411787836,-0.037723447824721534,-0.10419334818191882,-0.24225113157990735,-0.42630141905553687,-0.4075727330701239,0.2885725057203871,0.15273509953495815,-0.2169802976771527,-0.23044470880804488,0.03723825280171095,0.07016067069620915,-0.19886817906168555,-0.32393329680471594,-0.2744501887628786,0.04461078887181371,-0.09147060686569089,-0.2746557060967421,-0.45098184387367435,0.27573222405343634,-0.05017381355059124,-0.38615184474568687,-0.2018971234054461,0.2043348311146326,-0.0863085131900879,-0.28765701286352785,-0.3402327303810007,0.1784792895497365,0.02096107358754159,-0.16825711244494068,-0.3314535687179355,-0.13400114838240298,0.1552158762646734,0.33590358846221785,-0.3726271067453356,-0.17690239546970504,0.10833459810664305,0.3566431326045918,-0.34864935019528237,-0.20944143548076533,0.039520201503507095,0.23869604088068386,0.36158290958234546,0.4656305325494695,-0.1666346465731373,-0.26595169695898924,-0.0463160636657591,0.14422103441000025,-0.1717251790755275,-0.2893103953886148,-0.42852956948761495,-0.3179615811776064,0.4613477327361482,0.11230662593790637,0.07977492456964318,-0.14081793497002637,-0.18783099423618693,0.07799009510648383,0.010752510481819516,-0.1990800976194786,-0.49838876605230475,0.2911672245736019,0.25688988191390044,0.07237377729750007,-0.11750178394041343,0.26230271825480445,0.19591420730121953,0.026573962634130047,-0.1492696261631442,-0.15514342730268235,0.10192492804535042,0.3198045986798954,-0.3421119001090346,-0.05819342352245183,0.15232846519984355,0.32546393481038677,0.15290848850443647,0.2743099664799215,-0.17936170169750848,-0.407524113898558,-0.34776767939404635,-0.10722999123352248,0.3375442357276169,0.0959463250574988,0.06883323415611252,-0.2772211985553228,-0.5826693108943571,0.32224923091769636,0.29030021515534943,0.05800425676727248,-0.17821044567209646,-0.016777181411114183,0.2040366357820914,0.3709218689447596,0.3389337014708874,0.44880577102666025,0.47145261767048807
10,0.39373665844209754,0.24328373904753672,0.26647403815624826,0.3264606504449246,-0.011289082857593372,0.005233571492279941,0.0053601304675956985,0.01994330368047105,0.08742663223938253,0.09828586982955166,0.20863662698599292,0.2826438959407644,0.13162569556560616,0.03937816444660119,-0.04471805712916214,-0.08979791937316337,0.10517342946640411,0.0369689921186764,-0.011216742897249447,-0.03681242331823092,0.03462098478985739,0.07090662750475607,0.10925402423488469,-0.19741315332334572,-0.1768538480415676,-0.1686385354273648,-0.13733681256755526,-0.07995457917867015,-0.025516228144430133,0.10848040709831976,0.19666054715205952,-0.06638153591401622,-0.12890857020555427,-0.1893422890665017,-0.1959577859794287,-0.09473591512274272,-0.13739491808655388,-0.14269309458532348,-0.12333426351355338,-0.0791726611522475,-0.12963517982780745,-0.34054289847785507,-0.28409828343756427,-0.2476444896823563,-0.19629641253525848,-0.16092257036912455,-0.0713831822802733,0.0956631959809927,0.185355588487694,-0.1488316330139633,-0.2273158558790045,-0.21160799569468908,-0.1006550174743279,-0.11608743913961096,-0.17504376096413474,-0.11082225723873125,-0.033708264992276256,-0.34024551827924365,-0.5478133467540094,-0.3883935439632527,-0.29987872701986734,-0.2749584969837743,-0.08423626668107664,-0.13114302269954126,0.030795167867182154,0.11038305603042894,0.05243991413972345,-0.1453371653253472,0.03967647302082257,0.20830329703078082,0.08710212263260374,0.03518244062957619,0.14023397772663315,0.18458387109475866,-0.515976201292291,-0.6865172664747149,-0.5264560681492022,-0.4388062298993358,0.04497142597224088,-0.3873987434029041,-0.23937946725878584,-0.12884636944153563,0.3221370399640925,0.09405690859304314,0.34428878516512557,0.3710490125647934,0.3211292259532848,0.3335425510916592,0.37429108566067254,0.3363687783140234,-0.07198074535263098,-0.07435640095590862,-0.0777597941323014,-0.15444730349020286,0.11498359194444455,0.26408856651440304,0.3207031444180282,-0.20967302595077847,-0.21032534714389528,-0.22262118302394782,-0.12588584841060999,-0.21248536967427067,-0.20460211652093407,-0.19573793695386918,-0.1665003956996543,-0.25453789808445765,-0.22321105621172566,0.041475081432164315,0.8548283944227365,0.5816106549615503,0.4553231714382553,0.021708609038424566,0.11734356000199055,0.06931077491972977,0.07578422167909338,-0.008078208880110136,0.04000326461478019,0.019506440064297484,0.01073182245596763,-0.17892060674314572,0.011673851002518262,0.5048493713847706,0.7668515312182342,0.5782428363307203,0.04460354631139949,0.17002425235086094,0.11034993247967698,0.09896032648507767,0.04306917635030745,0.1009118783392151,0.06298642164509646,0.043088487231554264,0.00930246141720576,0.2272533314800697,0.5421347472290381,0.6273884893748557,0.061131493222183295,0.16773936197108438,0.1270878256511827,0.11086675258242412,0.07957818959100015,0.13297687728642232,0.09160936926260743,0.06760291111116166,0.0401198892101846,0.21028911160314373,0.27594146991072527,-0.23004150454765615,-0.2144932682053953,-0.18132382040661052,-0.003939725831650634,-0.1981956126061618,-0.20312381667741874,-0.14237592858337253,-0.07076723504471219,0.17912127876748857,0.21076150848420944,-0.041101283010338406,-0.03210304098127946,0.196325007970905,0.23664149843844168,-0.06710123773204842,-0.03747624355783672,0.06680351063009876,0.10883779330113426,0.218379803269406,0.15048973949261701,0.2672508380106273,0.40998434606188044,0.42714880657043,0.11030144813807677,0.17055887617819468,0.2502633753431038,0.27055443901303317,0.23634464632750324,0.34083206259333676,0.4836881202653085,0.48666069479430996,0.2112626564702445,0.2719850512195716,0.3368918819145792,0.34572645958979953,-0.17999974604762936,-0.24855899231971512,-0.038794167127460644,-0.1485590138775212,-0.18401292816177364,-0.11557982715051099,0.0027810157866031133,0.12930044467879803,0.14831150860326842,-0.12992888976492534,-0.04249727842184941,0.06320514083469594,0.09619812118040284,0.13539515355090354,-0.2268747378782625,-0.16543481733731247,-0.14566940705059842,-0.07153880917248556,-0.17318566144835482,-0.05098755402594939,-0.0944791212376048,-0.1517768753824696,-0.1995174861968095,-0.21546121545446,-0.07189850801665752,0.034240491414149116,0.07108967963984827,0.07100679688132915
11,-0.22630477925371592,-0.12851111865755369,-0.08655522270966978,-0.03037890636326091,-0.13750579201029478,-0.06845744387053275,0.011817459987590097,0.062434616054653384,-0.1283327342997468,-0.1317349895488865,-0.18900430059376933,-0.2198663161680579,-0.12629206218658473,-0.1626858102803218,-0.2159552062872813,-0.246641105571196,-0.1198570181039839,-0.15122782940905552,-0.20143476976168967,-0.22312209817370976,-0.039882858103886816,-0.07122675100723501,-0.04902378399402808,-0.0882975840039306,-0.023228949149947716,0.05941090914549062,0.10295557268145215,-0.08992241808473603,-0.10442492420423378,-0.16177804423309522,-0.1968620430295078,-0.10004052156975499,-0.14957092626269736,-0.20046744008012804,-0.2222061818142118,-0.0955711218701381,-0.13771451708370558,-0.18834118471804429,-0.20478560379542607,-0.1683411711670066,-0.14056267962446073,-0.07921983837497865,-0.01381246010064147,0.07642647166712033,0.11332026821483579,-0.07139056094104591,-0.12143886998282756,-0.16373292453205687,-0.1405909212236457,-0.06748282258934551,-0.14918375242539403,-0.13299434222868856,-0.06750654079167395,-0.041347907178671685,-0.09245876336369095,-0.11156597943945173,-0.09896211078285522,-0.18413206729731188,0.22229323461955347,0.16829998059517212,0.18489951900036491,0.1874189251992661,0.21169664638209318,0.125724703093769,0.09266782135340994,0.08999020521626279,0.1931411341123128,0.15128491802172755,0.14653470289240036,0.15285108555233906,0.17082303549656744,0.17242358793315798,0.13534992773537616,0.11369788238041928,0.29061728646689583,0.30210534562430985,0.2703741942478721,0.24011542773978817,0.3857821262337108,0.3425361583290872,0.3070310522592571,0.23950353207736677,0.3506236742371579,0.379232803432233,0.32889170227605674,0.2789107875685062,0.3147010949124147,0.35854668763004843,0.3054164661357352,0.25949710058646064,0.06232358300520356,0.12765950802469606,0.14791310694109644,-0.10007609109720805,-0.19296356546172808,-0.16925034833410238,0.004432303832037674,-0.06750742021578822,-0.17051693086489852,-0.03216401492393317,0.09658826322730435,-0.050323758111180554,-0.08711709563579373,-0.0686463627190036,-0.020877251041147397,0.10643073413715247,0.11833182146826958,0.022560697040321053,0.026590833019658068,0.1775139401246502,0.24382653439002128,0.0027262763374001227,0.045049660820077296,0.15832224269561623,0.22053759143430718,-0.005686640944496882,0.006577776706211442,0.05814875461649185,0.09823038206239344,0.1177536297494636,0.11240030978927779,0.19806655027624945,0.3427680815605895,0.3876057868100781,0.08859730625932276,0.15478887843369626,0.2388479854758651,0.2786037743879919,0.0682491124858861,0.08605348617137334,0.1342014437073292,0.16196409526640254,0.1432315163023093,0.2153522130638904,0.37154448724355676,0.4046884872152772,0.12906711208231214,0.19195193024882,0.2618041456206604,0.28485152923255846,0.11190065699504201,0.1289681545770952,0.1678778846478098,0.18569855473902155,-0.1513534011484213,-0.14639923176447098,0.006144475096622597,-0.041093997268308806,-0.21664327999546745,0.013871734801766277,0.1470546471810459,-0.036452164959859895,-0.0953802762469958,-0.04997929919388702,0.019887428461719574,0.12775081367241417,0.20103672229491248,-0.11027491126912631,-0.002577255422019468,0.12131098096436824,0.17824893750564003,-0.08130882392436611,-0.04746670744316099,0.01184040012734271,0.0547670691925479,0.24237475798726632,-0.14422323908467624,-0.10379777385270096,-0.036729596749870114,0.03499071355538054,-0.13277353662239996,-0.10560612435535136,-0.09823099744748137,-0.07192511859917451,-0.04628812972981562,0.025497234510792614,-0.06973370694477447,-0.055034867157471044,-0.0872853885928291,-0.040857543576499795,-0.10223400056416769,-0.11796692168760868,-0.18328649278049802,-0.021749690845692723,0.11921365816242802,-0.036863046558606345,-0.1596327979622753,-0.0440237740615045,0.043728751404954296,0.14744697290931885,0.20979165273967357,-0.13355070247073356,-0.09395294799706391,0.0020843001346124335,0.06621230574555484,0.2354790287405423,-0.08646812127620447,0.019320206066201974,-0.11877235421049892,-0.09654607206918818,0.040068242119327045,0.1536303237477909,0.03039441427860307,-0.09586871030652565,-0.1458503425059512,-0.0808269848220161,0.03705896793083385,0.14517780212316364,0.18646482350293841,0.18154860928889394
12,0.010367288848180455,-0.023677002794902036,-0.1474657024702212,-0.12069856558311427,0.07996956209439247,0.018089915560924114,-0.13413348616521875,-0.28089020323716557,0.10199987026822357,0.008427773149891665,-0.09099925759785989,-0.19568311143537725,0.10197817487061807,0.3310591286485697,0.33840298468374175,0.22082639150295252,0.031489029083105205,-0.006995144840389771,-0.0753896929729396,-0.15920970400053117,0.013416784373894718,-0.11603100001947525,-0.06500031799072474,0.09374063711427924,0.01290677563978227,-0.15733601479006798,-0.3139096102129977,0.11439390133336366,-0.011461394847347966,-0.11561548527667904,-0.21718909091953784,0.11046299674215772,0.3558904064789142,0.3463427867303624,0.2002177984877157,0.040281533524465195,-0.025230434530864446,-0.11324385126436595,-0.19466453046023266,-0.18641011857225126,-0.07271650963329916,0.014937364297321811,-0.027912228283424483,-0.22414596405107554,-0.40817461589033566,-0.020301297895854255,-0.10225144141816779,-0.2155468568223033,-0.28788435295098413,-0.059759711237434635,0.2898166036488797,0.14520125330161224,-0.18014304484021906,-0.0860830903676479,-0.16918727260368355,-0.2791851119654641,-0.28586546775272237,-0.05378258211693232,-0.1923015114925051,0.11271624465386944,-0.14003017040161553,-0.21313876658739972,-0.35995415377038936,-0.05702892071341677,-0.2569575896112709,-0.09985721222588757,-0.3174462303981811,0.16954946389517617,-0.36516459089376024,-0.63103148041063,-0.25755961608301636,-0.3290429754630622,-0.42745836569404294,-0.2944822045149509,-0.16495805803830715,0.10519739545317465,-0.08674208738730695,-0.08901949874834338,-0.31475710411689645,-0.019387177601735178,-0.09769560118305323,0.04745412310271536,-0.3281811782573886,0.01698277947955163,-0.6424845759056441,-0.49418672549130194,-0.2588725475054128,-0.38880570098053846,-0.3161751114691138,-0.14602006496726527,-0.14998311350823124,-0.33964600396269196,-0.15996821336586636,0.036372175831162125,-0.22517359757343966,-0.33481564323529067,-0.004893463846017798,0.04410534084303637,0.2977581069501983,-0.14844550910185222,-0.4145312509943947,0.068701167882689,-0.0889108268185696,-0.17821654156323755,-0.07803639938700914,0.07058579290868766,0.34996493186393585,-0.08630828246130741,-0.288211050604945,-0.05413543898592872,0.3068554010474423,-0.012843154637867385,-0.0035281484844810525,-0.4452193194276698,-0.3801411251852096,0.052935808355181864,-0.011504710986832596,-0.03131401615285843,0.06118640384972704,0.6379711528953165,-0.20139554724268308,-0.051639115830810454,-0.23184990981497855,0.04896262399120645,-0.13049985522728577,0.21300613697436163,-0.213872625694737,-0.3668127094601553,-0.08003365707665486,-0.10602052988416771,-0.15216362801211109,-0.1070541370928251,-0.09542651676931393,0.22107600507803069,-0.07560290607040873,-0.21761299289227345,-0.11566050846543459,0.41638500526831584,0.12116788602780836,-0.2375965608163495,-0.14125529873715667,-0.09986455187514817,-0.19851695520747964,-0.22187266944971656,-0.17735599050933196,-0.22186324563765913,0.13292386200640607,0.06467988629481314,0.45048554869380997,-0.195521702511046,-0.5032770164703134,0.11220729915072873,-0.157851741038671,-0.2258306312299174,-0.014806254123549738,0.27389083266406455,0.4733673559436575,-0.03513474585081221,-0.17385912931107425,-0.711863129431673,-0.4636012966898957,0.0910007382526918,0.030205953620834503,0.009597252065970167,0.11754746099838308,0.6556879966200228,-0.09903606682495676,0.4990603963730397,-0.32607769170073275,-0.4551598440723037,-0.03309095194124089,-0.07849830019774429,-0.14639805302578807,-0.07121397018850753,0.024935968795089858,0.7323553863077078,0.3904959012649855,-0.24137017635247662,-0.05012977273894851,0.015386127798779398,-0.15415793063704122,-0.1878074380832144,0.6016513423039895,0.1380850986205363,-0.29601692084227754,0.1827352614387244,-0.2698823076390469,-0.29582530908569526,0.047901085751710634,-0.17937444668267208,0.06617761607401874,0.6840022477459377,0.9919223919088604,0.8599033214062365,0.8467075026728791,0.431755239233946,0.3274477151696963,-0.11200165302362369,0.6349472237756156,0.7965545348402496,-0.06171464025746504,-0.5008829902058275,-0.32722553289513223,0.25452375260607735,-0.02604238341603084,-0.05844101654280082,0.021185648245573136,0.10734563428150173,0.2522520295250719,0.42264735531344577
13,0.3388068235040935,0.21373747274178395,-0.05661962172064009,-0.13326557826999846,0.028629922485721947,-0.00014945004447699078,-0.1381752669990615,-0.26083359659548944,0.019046322552829575,0.23372972256694421,0.22473298272886066,0.09533206493802532,0.02253102365298599,-0.041764709725246214,-0.1472992685394631,-0.22419355845151356,0.035348572076348395,-0.005441378141615881,-0.07486159475853489,-0.10550886514050462,0.062103251363889715,-0.16513139439186006,-0.19158459092458105,-0.13733171788217968,-0.15022839331827922,-0.2796710115880925,-0.3743980202452278,-0.11636080869285846,0.12341130518179094,0.12048682092721097,0.009772520046252129,-0.06964565572641802,-0.19309036251274084,-0.304215070008515,-0.3248601070658418,0.0019579683960037307,-0.15623977063285696,-0.2132691342617051,-0.1669490428094772,-0.17021108702767168,-0.14623646545441832,-0.27370807240546263,-0.26523214550916424,-0.3916953186235699,-0.4618156072613338,-0.16341828956324148,0.06382499260441543,0.027931453993880393,-0.17093572539589214,-0.031034204928074505,-0.3356515574563506,-0.3847478688374128,-0.10222658963208145,0.07311209003158639,-0.2241757746342629,-0.2000193581225816,-0.02942137441352541,-0.16467938373794533,-0.19318165890367736,0.10216361815694909,0.09198571897151374,-0.12278831600415582,-0.3707280521821229,0.00012793695860319562,-0.40767886748833665,-0.5945582943742758,-0.2726831440588231,-0.6757874591487975,-0.39223316311890233,0.111444090858101,-0.19399283728507985,-0.46683125402881864,-0.2985874011174589,-0.10159856201117594,-0.06970190543418076,0.635307427894161,0.15035187047985188,-0.05552308601565615,-0.3045803161976172,-0.1512920652241325,-0.6477898510927755,-0.5728079231056091,-0.29210565838471425,-0.9432157729301396,-0.11053492947365415,0.12950364324848881,-0.276894711760849,-0.4584463474395397,-0.24466236486022733,-0.10878372923956538,-0.08800334722069234,-0.21182633970438886,-0.07169625299222099,0.06062095872301086,0.36188343173998927,0.06803918229675021,-0.5311408665804025,0.10824167912662698,-0.28039122632381425,-0.23295664587468595,0.1760564451842849,0.11409904979983493,-0.15822339953401582,-0.12591133148170622,0.024607575785867385,0.14898879332480458,0.2735896941053159,0.12158702033403908,0.36088120850361954,-0.6774788617908412,-0.5677038925855843,0.18238742128580937,-0.038223066492956745,0.09881794990718093,0.29087025950667783,0.1809060457563972,-0.002869641916041129,0.013236873711755404,0.09980110651924824,0.4235565050911287,-0.04644269348607916,0.6624562988533255,-0.0006617575536422501,-0.5308522138585556,0.02230789546002455,-0.14172984976195854,-0.18892525015555356,0.011010800990198775,0.04072640593870145,-0.11431574444190826,-0.1481907822703832,-0.07857115572357756,-0.07954601287106294,0.6503938552356371,0.5511660782559946,-0.13736408748094786,-0.08409782379433338,-0.131095809674871,-0.37798669504671234,-0.2461913485566248,-0.090045847408719,-0.18757302771481155,-0.28003204715396834,-0.23086095074345028,0.5759907196073948,0.31918986168413754,-0.3950589569034015,0.14326115266752112,-0.2721178853745411,-0.1923812311982519,0.33725127044069175,0.12979908914933636,-0.23587020730619665,-0.11411504183583736,0.07457574780024678,-0.4270630394184073,-0.16203891925798022,0.6024425595231991,0.4636297218605761,0.7678997294538037,0.8111013801490373,0.5094084525148563,0.3380977972924088,0.42212259921195305,0.48634076027944895,0.22090720562365962,0.3253221844056175,-0.4544846435612616,0.4114029566731293,0.6481419642169591,0.34006710900282167,0.08220792746809874,0.2849618607233663,0.3868386947093975,-0.13199863063225778,-0.6645809503996325,-0.40866545420960193,0.22294316355921123,0.016128608933235894,-0.30816519705748113,-0.10675836723469811,0.10545846335991435,-0.03898036855292153,0.049368003770295765,0.3556628242227704,0.11614842531782443,-0.2768756154474865,0.015521060586790777,0.1518043524932899,0.4234917349962758,0.4930068523107148,0.1434280556312071,-0.17776728100049258,0.027594877129704428,0.1459839372836181,0.5479337896451878,0.11869540154695625,0.01957423845185577,-0.2500065191727237,-0.07532465122027991,0.18121949493958034,0.3603339686907612,0.043544820707274834,-0.1823944143758442,0.2817559584761435,0.29710004379866767,0.2258856073560397,0.3294693822769878,0.3122996173406186,0.3012110214556255
14,0.5396980866789991,0.46093209597445023,0.40830322874247454,0.3819959074332237,0.3718078584241418,0.29036384981841346,0.20116757911239158,0.07574272913026954,0.4218906712795409,0.43637322233906006,0.34224539088758815,0.1771307610398581,0.5147900082652778,0.4862388729500627,0.4052434505795621,0.254457375993556,0.5846204358351664,0.47056027680803153,0.4041588835182806,0.3213833412165606,0.2298455043512044,0.1963061013018816,0.20438117298575093,0.13121312264433815,0.09513391584120479,-0.00774299344607654,-0.12002348673861851,0.17080070621812793,0.24505740408102766,0.14487625538262142,-0.0045159442053891805,0.24469229183436542,0.25843049297957155,0.15266195730533053,-0.0023588564418427103,0.24318610217780884,0.14463257962833828,0.09621790437322185,0.038805791829569274,0.07314165794649105,0.09149197367666684,0.08172492697399386,0.02543647364646746,-0.1246920797477747,-0.24074810242705455,0.08589512905438032,0.2002644241477895,0.04790676782409679,-0.12676057895064438,0.11686693737042585,0.15467342342133006,-0.021682342144612978,-0.2269202733184834,0.0630112623257404,-0.08119113883409167,-0.16508994591013837,-0.2425350803542776,0.10035670319122693,0.04815706891778022,0.025555190456586916,-0.23180760563627684,-0.4722728255049211,0.06843484981963503,0.1875238971070029,-0.028105751836748384,-0.28015476186930854,0.07263365019930172,0.09473732040125199,-0.15182391350559918,-0.4459988807232587,0.029777894090550594,-0.14552578444952405,-0.3246949596880593,-0.4909941690984284,-0.22500933554841232,-0.2213646706751868,-0.5444890719337478,-0.7943038351120932,-0.10165651194425751,-0.06673057462993537,-0.2793540384469759,-0.541950788057743,-0.04451753115410413,-0.11846509053875767,-0.3679065625862788,-0.6410830493923724,-0.045543329219177246,-0.2718449669792025,-0.4787142083483568,-0.6403477237741036,-0.09083704240376354,-0.08485374919760758,-0.13021693506968215,-0.12682183142967363,0.18466671189637973,0.032301070076635144,-0.11504203529094574,-0.2772821916248334,0.0046286072917749894,-0.0768142840418675,-0.18694064392933815,-0.5083450482272406,-0.4510076074739263,-0.31720314268613226,-0.243543648201634,0.012472969742959623,-0.046366137514518464,-0.09643951488412075,-0.02898815969099432,-0.14211611293663348,-0.21978077214005667,-0.13763851171880476,-0.394508799315489,-0.3210884618548997,-0.20331355837170956,-0.20005749650462126,-0.5901677875382334,-0.4702014907448489,-0.23187389891809593,0.05568208905317461,-0.04733269770215906,0.004696247986240703,-0.3148804544930839,-0.3479447417361952,-0.05386635472288991,-0.14916961637694962,-0.43685555607400633,-0.310559873857031,-0.10888037730111888,-0.3415892310656868,-0.5464455483710977,-0.3908172880244797,-0.07411720337085621,0.06069301671885478,-0.061873220887026306,-0.38779073399390546,-0.06100349809371778,-0.05084585754805336,-0.23079420002127252,-0.3813195413887981,-0.10604246530116028,-0.2521093005557153,-0.384797149903663,-0.5084204053442709,0.2550575314535193,0.11766463610097183,-0.011826686635526055,-0.5071344344341349,0.1557591467326342,0.1369814336612772,0.06248099394803904,-0.6151384173011516,-0.2854739102072131,-0.054001363505222395,0.03414849762235987,0.04183681923718587,-0.009495566907126081,0.21035861456133545,-0.34173703548590706,-0.017717114553175643,0.06630213425187177,0.09588998317474041,-0.14690095289132846,-0.01850087449081015,0.06895995725451935,0.11295857598052078,0.1416376788745868,-0.038202866766164495,-0.17104216199860833,0.06384555168249507,0.10848459087588645,-0.10447086892581375,-0.17655502015179228,-0.0058432836984048525,0.023213025192394512,-0.03406433373045544,-0.10953768451620848,-0.1071214945269315,0.009681441872800406,-0.15457625788678037,-0.2423364303677732,-0.2682784588065481,0.2706111196179301,0.24964773593477194,0.1808506254654356,-0.5950665354055501,0.06831862991747704,0.2565485569934819,0.2965929200143044,0.2077867732798248,0.15794701552103516,0.23957084034058054,0.10367192964820703,0.20284739587907172,0.2169890871599362,0.19514217845185033,0.25415569220228423,0.02113817243167272,-0.13599966925489365,0.06146294520678241,0.17902285270972065,-0.03221105185086909,-0.17484583558892627,-0.2924692415355051,0.27758162568272204,0.35935351554326733,0.36862250504494004,0.276198631818542,0.2207999131153909,0.11200246619200051
15,-0.6054757274140928,-0.3808003066128924,-0.24402129455710445,-0.1005709273123854,-0.2671477853524292,-0.2494549905834318,-0.10744029331742014,0.003907644893831946,-0.41229856573033186,-0.24696640286474358,-0.09208303116986377,0.029514554057384755,-0.5574213424873843,-0.1881293282925371,-0.23205401529517014,-0.2769574823533967,-0.43870899771207206,-0.11419826211659909,-0.14190689899857004,-0.20543156920072508,-0.18512170612619572,-0.14453880650604872,-0.08983265858343198,-0.17717314412132834,-0.16712985176930856,-0.030779047087599945,0.08216872881911921,-0.48406071078629115,-0.17972743718006148,-0.0017383605229339691,0.1320458098273908,-0.575254050573829,-0.11393557080465401,-0.15899610248664256,-0.2123197589351351,-0.31428093837774657,-0.028304139115579153,-0.05863253263119286,-0.13130729626228832,-0.19563989250159386,-0.23912459051080226,-0.23759005435154423,-0.21539567189987271,-0.060149737303924054,0.06775040874251392,-0.774965101498252,-0.25179941090233615,-0.01121665474830346,0.14054156835773063,-0.4402586653417453,-0.07196110376734381,-0.09758612646846387,-0.1529801493019308,-0.13104988527403294,0.05447392190322255,0.02419172243797626,-0.052899806474943654,-0.3894637368480116,-0.06139608333424168,-0.3564991489820696,-0.18367804635760782,-0.05043081619252627,-0.04684124812396062,-0.3474226320777127,-0.11547335355390921,0.014191927082676265,-0.0030133328670946063,0.08385997887779482,0.05331341607042932,-0.018769209598743983,0.08437797721242732,0.17274460947112877,0.14224706650251506,0.08343298385674344,-0.23008846650260537,-0.4929788522120455,-0.4942175017562711,-0.31856728858325206,-0.020069991287229694,-0.28062110256902384,-0.24052021681683047,-0.16868533274000577,0.1792883983324812,0.34938424434192117,0.24750500913016885,0.16224833117146628,0.2762968224267839,0.34966376076401634,0.31733482874911273,0.27705384710914427,-0.3175936466071742,-0.014438118063493268,0.15758064343968717,-0.10783397005749032,0.02463016130668534,0.18551170078798607,0.2998137007605704,0.06946758419589745,0.2928644913547329,0.12617702288364632,-0.042732672102774066,0.20102731037324165,0.3286462169464272,0.2253467737124312,0.08042822194069979,0.12524195817311845,0.17998259509314504,-0.19073784804193694,0.30970192923173306,0.25416391341275163,0.25176213144454573,-0.06318423980223857,0.2927116825981115,0.12462259074098897,0.002541547480876278,0.07718836385294009,0.23271478018229705,0.1675047582300641,0.09632776810400387,0.16263523620103115,0.0854490494135853,0.32611471042614976,0.24214553908941502,0.19186628223415472,0.12041107308846809,0.31365049452072724,0.2292052009118975,0.18878129843795172,0.18178334091719964,0.2671223517531958,0.23309682167788437,0.2066959447049118,0.23919659847273309,0.20430822482858524,0.12418462268392748,0.12558598251326503,0.21975519539920307,0.24132271416615605,0.23461251277614661,0.24311471547840202,0.2276820501357321,0.22908912532652992,0.22410353158187282,0.22727027030827343,0.012201132818460546,0.21641532806183064,0.333770147444518,0.21145637112206234,0.38303899931326335,0.11898648059374968,-0.13361280650702315,0.313301078255423,0.4547577572607351,0.22538469922390386,-0.009829903779381267,0.06456557336876255,0.07073880436608398,-0.10956508210122029,0.09984170717919112,-0.05323831754268408,-0.0745014892221263,-0.050529218066262656,0.08857851711575301,0.04331789799149978,0.01732138980772655,-0.002858775179984733,0.14890386568889383,-0.08693756395797476,0.10092715091287228,0.19712144633916673,0.034789272936439124,-0.03471892661799138,0.03599645716025439,0.08612874357617523,0.2641649910903804,-0.13670181328229905,0.10448142638146923,0.25035068472367494,0.08354057228703655,-0.08982102931277211,0.015256329894910515,0.09747570524104353,0.2830484552819668,0.019928821675494562,-0.24646440327805558,0.3943665524234095,0.4958940443395482,0.13368157151071222,-0.20082199316029029,-0.23674038354011312,-0.0101987735426844,0.030080797470351785,0.04635177753167933,0.002918754855498544,0.0388360442256942,0.2242297748550943,-0.17274776126722516,-0.0754436173244926,0.000533733840871184,-0.009144458371424203,-0.3571020349471303,0.013323269685096178,0.06727679823503706,-0.04266243900476736,0.34912395223580805,-0.03789190010885448,-0.4017181921149393,-0.26528005779403296,0.048843288381698366,0.2917509564019831
16,0.023456331974416537,-0.11750634381452206,-0.06975130326240611,0.0760630302882154,-0.5643377307859487,-0.45080969168771484,-0.20638398298815766,0.04065299642517483,-0.5136449590272337,-0.3170936107573266,-0.24776688976109393,-0.19589342949307034,-0.38151214032404873,-0.23965589872880305,-0.18737016953519833,-0.14129151516610552,-0.37283453542829476,-0.2428743268699137,-0.18827653034162728,-0.14599265165448408,-0.12723527259395756,0.05089508072277558,0.24425548989334986,-0.5992041933019274,-0.4030135819664166,-0.11202209904653332,0.14903190393638663,-0.267252802794937,-0.18898698414410683,-0.1448254170214323,-0.10191911898579972,-0.16693421909600067,-0.09508179882121517,-0.07612460953646664,-0.03979902719985267,-0.13493265652502937,-0.08095687868966778,-0.07640231280716478,-0.05988846007271395,0.33307580375054097,0.5390366504564257,-0.22087542007910746,-0.38592998071397994,-0.04758664897403742,0.23356845158482534,0.04422406187228561,-0.05490097926250007,-0.0780144072520622,-0.04729139818270367,0.06549626995293778,0.04051580507506806,0.00020857572172040733,0.021936481888117892,0.0007112924369951769,0.02517531311774624,-0.025543461657998517,-0.02584134089221797,0.7329127774697209,0.29024670258729807,-0.1599741251757363,-0.1604549338290384,0.09250364089629826,0.21940240387970014,0.03024909956145373,-0.12745675241366372,-0.07855192058839627,0.1433419626003352,0.0337830790903619,-0.04158669759743872,0.002694164858295834,0.014049579680597817,-0.013354039069993755,-0.08652214473242195,-0.07816446063552512,0.6428547348175493,0.30488162418124554,-0.1027121688939845,-0.19070365153022223,0.4290331612891281,0.16632500318896015,-0.03309697061074508,-0.021655732348679898,0.2862507597525515,0.07631527895566126,0.01709784987645015,0.05540233431611367,0.1369174236461813,0.04408634613068711,-0.022102973256261656,-0.012657605842088039,0.027675369992964324,0.4038859535328958,0.6851350698111649,0.09896297652962566,0.3499744302733231,0.19573127139432334,0.11532100519239284,-0.0411385971749752,0.29256062475530015,0.19879686726837642,0.12304484362746457,-0.1869315190867998,0.060236971437824006,0.03373953423158779,-0.005811004588847143,0.8579351361448513,1.027335742296435,-0.1532732754969936,0.2292669099859945,0.2539172690351225,0.3586365008934592,-0.2527337052631649,-0.06712383607068413,0.010590032232591477,0.14152396397089098,-0.35563622827628716,-0.246241078971398,-0.21670889290745557,-0.1229490086629826,1.060888577332772,0.29709569765910343,0.12769999970907453,0.21116069220321787,0.3616431728545803,0.12309374795165054,-0.09687578635209888,-0.009594627396870049,0.13066880818638593,-0.07871833325784736,-0.16510026217720788,-0.14832489802293358,-0.05224286918968257,0.6043541345132406,0.4327865550698856,0.12235048772421449,0.23145114297133632,0.4329208258000815,0.09325692028974884,0.03719491658018461,0.1445028364762716,0.20496619039557326,0.02751074178642853,-0.0070918334798458285,0.05624128739598563,0.2435833701523395,0.17478853786038728,0.12861225913312785,-0.22227215919171484,0.30303697232654025,0.21098764810011203,0.14274158148239788,-0.3815109287425027,0.05605664158533381,0.04238427161570275,-0.02945528953600199,0.09303162325161046,0.14863140181099602,0.04684601926500509,-0.27238468913038655,-0.18546628318285632,-0.06758831635192873,-0.22832269764576912,-0.3413562570756124,-0.361572085614464,-0.2645008715906353,0.179973935731346,0.11735131143188944,-0.07692370665089751,-0.23311630744604564,-0.20918411436327863,-0.057606061283789145,-0.11891603692893256,-0.1689399878638179,-0.18220983245569097,0.10997615077849125,-0.006367495420970972,-0.18391161509038112,-0.23880883441432424,-0.01468567623140798,-0.04818521955053464,-0.0881774578705,-0.11491607841834679,0.3050539757519095,0.2488671820071308,0.21341910612883144,-0.556451822837784,0.22290175835787218,0.17314348369312285,0.09729400610574679,-0.00023556572500477063,-0.02964857439639172,0.011449179419784334,-0.2841863218422137,-0.3782870758412288,-0.2811313169291511,-0.1115932279822377,0.10659234196126599,-0.02139362752112101,-0.1043723132925647,-0.15007085185799512,0.10406621012631007,-0.05744825328768134,-0.0663926606828877,-0.051869516986423204,0.1680045388830069,0.1492258076871337,0.116746666034316,-0.1316446277376635,-0.21458443219769127,-0.13476947269921977
17,-0.2816367430319442,-0.3082275683790794,-0.0686232373301169,0.20788147649093164,-0.1691296811028924,-0.14935873130118124,0.09905063409152352,0.29281975713476305,-0.07702171148701949,-0.03349790492159505,0.17692248571958816,0.3131607852510868,-0.014035061973975292,0.11508597983713426,-0.003813506467576936,-0.04252695246167498,-0.0159402955111035,0.034888138603415705,-0.0568068431254389,-0.0477252359185794,-0.1477180284072318,0.14782860865763708,0.4517000428988237,-0.04171444036526399,0.0026140687018240717,0.30011026500857985,0.5004812750224258,0.06927776463523806,0.06692461858733485,0.2833330748739982,0.4154256720323388,0.09178624570861592,0.276214697898055,0.14925403152657574,0.08551963324074975,0.023535688947473602,0.1498452607920397,0.06259601221447668,0.05082098314338466,0.3467694694285358,0.6247970265069364,-0.16052032194891666,0.05104996345418851,0.42501132789808577,0.630522978530409,-0.09422266705367265,0.05536957413385845,0.31463516935807007,0.44805198177422156,-0.19332234075476065,0.28470273112199235,0.13947410320560596,0.07834221545931315,-0.2623658266289234,0.018428947902730836,0.031091636278291576,0.046131925679576365,0.7209500007732318,-0.6651478342577113,-0.34832925831200645,0.1731843722537003,0.39652643128060155,-0.5826124496253231,-0.2386663346899472,0.05591212318487179,0.18953586639888825,-0.4096963606675487,-0.005477859632840624,0.015747870755560275,0.16578601533380546,-0.3341414778216638,-0.17328860777285476,0.0007378790355853662,0.07265624551191786,-0.2083059647051286,-1.3217101722241538,-0.7877823232599129,-0.46428765464589156,-0.22245896679554625,-0.9454839989488586,-0.7059902714050189,-0.4824938553065204,-0.08141653026391348,-0.5130375897137545,0.023642825269563062,0.23607008870434032,-0.11308786561260147,-0.16868164134496672,0.046074410800340034,0.12229013726670147,-0.0900341174619634,0.37071435133425745,0.5605761406983548,-0.02127671015985651,-0.027903815515994825,0.1976610296806609,0.3016669345649496,-0.031654307596371216,0.3830326403457778,0.23645407763091322,0.2835570726833613,-0.06259055505691334,0.19182336549223222,0.26251447577113324,0.23929485721460725,0.3042166173642599,0.406703133034518,-0.4501101178504711,-1.1638559062803264,-0.33336404892320937,-0.1253849842542999,-0.47388444738689084,-0.48885279199461074,-0.12298836732988926,0.07679558916683053,-0.4321053438838624,-0.36162920634662604,-0.14449141116401393,-0.08461865917260455,0.4730372147978917,0.03361203585519744,-0.9757940335182271,-0.930382332349523,-0.36935861338976983,-0.19639038401091427,-0.6395613292112435,-0.07711445794733625,0.1648155018015637,-0.28736114366455506,-0.4173655259041832,-0.17650195191475732,-0.09547244403752433,0.260279286119896,-0.4134683563807393,-0.5524032558464104,-0.5714090549444757,0.006796945815703958,-0.4889310142410203,0.03200787400886967,0.20894389103321273,-0.12600478642959095,-0.31363629132387866,-0.0827714122789718,-0.03234975793147074,-0.06223236955125075,0.17340087697403034,0.2700414944070381,-0.043965823450058485,0.39232366325606244,0.06726543460774193,0.19801265807098142,-0.09211761109270608,0.22993194531895297,0.28178279643317933,0.24202899681048748,-0.319289101621003,-0.19102954051328527,-0.05564827772747549,-0.02879359165070254,0.14696552856325729,0.27075447653659396,-0.09910824258716418,-0.033170657264350735,0.07388945414656241,0.08314205048265748,-0.04832243175143269,0.15004152109156596,-0.12653117235078049,0.2947832249967969,0.46298104930064515,0.09727291897852354,0.019011087054373304,0.12376308895785233,0.1366883613990466,0.24532274965781803,-0.10488669026053847,0.3282910996302288,0.42496805029089046,0.19224855479960218,0.07123511930719698,0.187817220690479,0.15588694982795148,0.17825950207957314,-0.5753217821222242,0.016042443836147766,-0.15250556202046653,0.2952860229515964,0.1800880256912597,0.17557131301472062,0.48124197435275157,0.5946351319061332,-0.036507754113989196,-0.06366497814541106,0.4002700213215483,0.4470253181892714,0.607519421509901,-0.5150602994128518,-0.6506109005801315,-0.41254011628355053,-0.22167252993711342,-0.2966697613911964,-0.18101185540052278,-0.4363003727148595,-0.46710914369840145,-0.1730379322275278,-0.46034087788662,-0.06518355797140468,0.3570017129845912,0.3294140229744593,0.1552547128310792
18,0.15947679751638294,0.2268572065024392,0.3222623856061989,0.2046562812745821,0.04951358944274612,0.42874686008021223,0.13147271630822757,-0.017688258831742378,0.11219376207424098,0.17842940839345872,0.06890799105288113,0.213376486645107,0.17520390254618592,0.17858974912825729,0.0320025083284916,0.2434902393712316,0.2912503994463906,0.17473161529109432,0.10268747731867364,0.3184844518684812,0.2157925876170366,0.41365663713617595,0.31542837077451014,-0.017806364205464706,0.4214066305690975,0.07293293682093455,-0.07285614087807875,0.06933661544427211,0.12925167521226347,0.013325654570845821,0.18557969878718786,0.1077742360413224,0.12428276683716044,-0.046899117702463695,0.17017690634995347,0.17328863330030655,0.07637128558822902,0.005104392849952554,0.20832857275092964,0.7986498399215978,0.5577659658065228,-0.14006246479096626,0.4557234939995687,-0.010546621029378887,-0.169524363000785,0.038817196840500674,0.08504283328131268,-0.06897698012691283,0.13470164769683698,0.03182958283166054,0.07471728141353849,-0.11821794670601349,-0.008950656558683164,0.08062762429269556,0.008749060846926554,-0.04032063111044277,0.018943287019842044,0.2518860966642065,-0.008183750524330097,0.10547496520606363,-0.3876379997566775,-0.6924519243864938,-0.2999868492554427,-0.4246230256384347,-0.7191049542974706,-0.3555236342467494,-0.2249558590072396,-0.44406698961484237,-0.457946833644751,-0.3031170900885183,-0.13805856720508594,-0.30846153696643774,-0.23604160913773198,-0.2919858613193722,0.34244539995766327,0.2696099927312409,-0.4385508664370656,-0.6889503452623363,-0.15439837192138567,-0.8003516687237799,-1.0494694948614713,-0.6796587452216435,-0.29497650642243656,-1.304952147272379,-0.7756394557561088,-0.4057232304570457,-0.36349262651375214,-0.6597613092802421,-0.4208971178468072,-0.5097386544702255,0.9366107704369678,-0.30389565452035355,-0.8082759267477224,0.04492180231420649,-0.014491616724444704,-0.22951187699886,-0.15084845693580715,-0.01807220553705742,0.03557264793678761,-0.14126535940002463,-0.3111895831579433,0.008109408346036098,-0.010485887650407165,-0.06417906336164414,-0.24240679952448768,-0.7277553016544427,-0.5364614385344252,0.8019990010177342,0.3901157325458877,0.4897381392212736,0.21579021008988847,0.5364111047401147,0.3344571446632889,0.38110740514340996,0.13780447256179046,0.39895227510788667,0.3094240837673576,0.3021653824225741,0.09337606271078422,-0.3545202898065439,0.026950377397622155,0.5293216704729063,0.38122232177718296,-0.02167497352137146,0.09173651555065168,0.16246716744038917,0.1879294510315057,-0.052615967808532574,0.08670438931296807,0.07121892876153722,0.10025945772025906,-0.08814458582073262,-0.37096770893936865,0.2303507125555391,0.1500884315016401,-0.0899842092951163,-0.21110946105123732,-0.07561352202367184,0.0047039380810129814,-0.15698840116820567,-0.13747284788992906,-0.13758034855166704,-0.04945028230531755,-0.17957983631755814,-0.005399122770238906,-0.7112913934051798,-0.3904388059392518,-0.07074597499974987,-0.06942056588213295,-0.25816018702303767,-0.4589280965361405,-0.016802120105877037,-0.02379215493292064,-0.06016038246285403,-0.38436495371666074,0.3035817781557175,-0.2995295296047989,0.15142910623493722,0.06820620710093485,0.17221690678001475,-0.18561962264657586,0.1048086973188398,0.061683262856504356,0.04735009378877387,-0.2592391985832528,-1.190863767610977,-0.3165177455847516,-0.16996472041822813,-0.08152117434175214,-0.25748379631405105,-0.15434958604689922,-0.2269349099875857,-0.12351049310711792,-0.2994304494276465,-0.19646107721615808,-0.30933466030564544,-0.1936996263286195,-0.10592438362885005,-0.07224591194291108,-0.20456833930414156,-0.038209224842948794,-0.09171314957733327,-0.0886021102335146,-0.8145900857133228,-0.39920028017216286,0.016221569340518462,-0.05036896507754589,-0.016107497615275145,-0.3569543969595609,0.46777776147457006,-0.2180090960209978,0.005978564658997358,-0.041057706556948716,0.01799084245128566,-0.4448829795225155,-1.379937055878407,-0.3496836912235006,-0.36886185270110444,-0.2873780310160804,-0.6037617432623522,-0.16898375713458996,-0.29731946171400503,-0.14784166217144432,-0.14109334051534228,-0.31075551085816555,-0.48611835685613314,-0.1622028800981514,0.3009982729251548,-0.477695899397553,-1.5670202579355974
19,-0.3100015163416079,-0.12293504857190772,0.10208261765836144,0.22354422250980768,-0.1257800809582775,-0.07384611749935026,0.005687949241339839,-0.11406826380592212,-0.17064244121972852,-0.1646297026955273,-0.18146733829032397,-0.2828939756554881,-0.22101678149934842,-0.2824573199807625,-0.34166349670849505,-0.4366447330150612,-0.30746877219482444,-0.35900773022036714,-0.44578861736959624,-0.5164555086156977,0.1403989171242447,0.3413167662073354,0.4259529546337747,0.055589835693332104,0.06678404690777404,0.1340945693611908,-0.016721730345767818,0.006345399097376204,-0.01820420472839561,-0.0674087847269901,-0.22577308284474454,-0.05188820531658907,-0.15373460060747887,-0.23321683068500812,-0.3639179534666638,-0.13413523214954626,-0.21498386843973535,-0.3271760187771015,-0.4392886507968119,0.4336730206190974,0.4661787076038606,0.00020219143230530782,0.024985951975633882,0.10304060444442603,-0.04376029178484427,-0.004106063951008749,-0.035469875522200114,-0.10053309365082591,-0.1582780688159166,-0.0425998060214663,-0.17027584655166877,-0.11378881987500854,-0.028693365011935482,-0.06836039795775192,-0.1498952309559344,-0.16968201390634743,-0.21140823065798278,0.45889128571924764,-0.19661018105077116,-0.5894338431437538,-0.7080579576190722,-0.1702305076159743,0.16528986627320202,-0.32828198018229177,-0.10653311930098404,0.3047891568349635,0.15110950663509076,-0.044927789814822754,0.2612660135136236,0.4035444991676684,0.13964960779240101,0.09432804134145215,0.1783015444249356,0.1989584186967497,-0.028711229572565385,-1.1593512553250445,-0.5686243594800947,-0.060503001214437885,0.21448177868319868,-0.5578689893934917,0.07363272716726496,0.4526574040647616,0.273559360326549,0.28406874838226315,0.405386218210924,0.5614687078357369,0.26520961840220636,0.269786562840572,0.3435892765074942,0.39768367395502835,0.00023213024316783387,-0.07899726951152004,-0.24041435567243868,-0.028828360391567314,-0.12919389067912845,-0.32306047149920303,0.19101547283793482,-0.053543284863547834,-0.2252055276500416,0.06485752416032295,0.3328680091297903,-0.05246251284875881,-0.11317051431890207,-0.0413336006202283,0.013154317157703228,-0.6896126675258695,-0.07733935340649783,0.0368146942640808,0.04192000845992589,0.14943549338523052,0.4874261787492006,0.016890759502128552,0.04672380750466353,0.2899071394449478,0.47288908907138416,0.008258936096647518,0.046804306488668186,0.16183200573551115,0.2275197528295186,0.5844941402268005,-0.06493065507679696,-0.46061120018229124,-0.0778754812529142,0.4661645733970069,-0.04252731825218576,-0.2898654783048063,0.187897277377401,0.38021811647899145,-0.02401344489848946,-0.09213954884584799,0.07163905650805102,0.12898117151454033,-0.19996376394709012,-0.2537345689686284,-0.38270204556745885,-0.12343318410044707,-0.18207480010652735,-0.36226047244181137,-0.16627012188271464,0.06544300480722874,-0.15401215294420428,-0.23958630756861898,-0.17199258564080766,-0.1263030136772159,-0.15907494482660928,-0.4348525920512763,0.2016386591609487,-0.0818028912830869,-0.342259561040907,0.12213746973818647,0.4496042803209385,-0.06889919672527418,-0.17036902064862683,-0.03709331139105152,0.08552099333577262,0.1476470136666505,0.5706692202996906,-0.16887263317606038,-0.11280481312366876,0.2800522446070183,0.49320724091456586,-0.1442729376204035,-0.0962543522773072,0.0987354293059833,0.19953812766708237,0.9529004796095085,-0.2695564490587375,-0.38633164446873924,-0.007829575710491246,0.25098662362238927,-0.2147969610576535,-0.3175672930676095,-0.166706566499457,-0.07864000687226685,0.05852132029120698,0.20691479341812788,-0.06493034912861244,-0.044055679061775835,-0.054071433070619006,0.0036474327400454554,-0.17400283173324682,-0.242618762197825,-0.36184897052240445,-0.04413124191054081,0.461531189540266,-0.05803682721581008,-0.3348856414145215,-0.0641681792691669,0.17066892560996824,0.29216474892238453,0.5767865586731686,-0.2599387049911243,-0.1597124221383953,0.07050262345823446,0.21565012119236746,0.8149197845643791,-0.17122369863949172,-0.039915240892273905,-0.3429041678645129,-0.23937916532566375,0.24764210080905413,0.4334599040923248,0.09239499071280369,-0.3245955655836361,-0.41638301012766105,-0.24557059316728375,0.16213356000451357,0.2756853207722949,0.44251814882976775,0.4750595798152347
2,-0.2357109857093016,-0.19682996023145208,-0.15294604687250157,-0.0068902005163405874,-0.05666207025276617,-0.07567647537163824,-0.05012037983540493,-0.03567293137714558,0.01407301511550015,-0.006149866388871817,0.0172410517360745,0.005652310057228499,0.1192596728654284,0.12255284707316717,0.13935164386757937,0.11073596771598411,0.22628626603534321,0.20964725315281693,0.19932606768918756,0.1530869305227188,-0.17062633906233732,-0.15281604619142822,0.013728625489830323,0.06608323459430593,0.010874531609767157,0.01138749945714323,0.0028507351812729516,0.10313429958116613,0.0795310585201387,0.07840755255863449,0.039051145602791625,0.19006979480432487,0.21788633975935937,0.21492966958264048,0.15278826851832958,0.2546452421932771,0.2847167328531405,0.2612125969904437,0.18843146694844323,-0.13045440621789603,0.09074347403836032,0.30082018041228914,0.16156684249342068,0.10135627901360968,0.051645887712159465,0.2391214907046267,0.2341859351656804,0.17291751359470262,0.08298083512694568,0.26518318641960426,0.38171576761239473,0.3250188494135482,0.21016619090024324,0.22986797809754164,0.36053317931820134,0.33086303593900973,0.2296812478343183,0.26837850295895704,0.5384262919235278,0.48217378585322884,0.30597393626523356,0.19343719223456898,0.3682157081655637,0.5094020942365831,0.3694377685082697,0.2144817334614484,0.32872284518981376,0.5707391207590814,0.49134431072481444,0.33968073741207916,0.2561357811879205,0.44820832963371576,0.43828867645037806,0.3321051784845204,0.5791068166325241,0.597844829334997,0.3953087215167246,0.22906634650929986,0.40427672163522455,0.5780433629832191,0.4522643231970578,0.26197077679678166,0.3272864205804109,0.5460575770242051,0.4836355462603869,0.33244814922316096,0.2587307129383702,0.4096376543598763,0.40132544947386806,0.3057465378673838,-0.16434668437367944,-0.09643793092026774,-0.06830745048944194,-0.22740087803302494,-0.0290711275862918,-0.04501740262520814,-0.06909592605541978,-0.20463734119229504,0.10255100465684303,0.03563402659021539,-0.07245788425909298,-0.3021761622880567,-0.05338125015481355,-0.05324828021668097,-0.11679115316822566,-0.03483581246901996,-0.11180912124696489,-0.2912390867262138,-0.03814854131685016,-0.1183565668625186,-0.1729402551034755,-0.3582146557183421,-0.06487245692205854,-0.1888541075534755,-0.29190453747481027,-0.39593762569318985,-0.35291951639700536,-0.36331079349976386,-0.40257980840701396,-0.18596085857412958,-0.16111477981482017,-0.07879831619946119,-0.15732579922250425,-0.26245477964991487,-0.22470978197492522,-0.1169475588497537,-0.2202690816922365,-0.3951161848558978,-0.27395325047250013,-0.27074168097073364,-0.3393982251354902,-0.47211556758188894,-0.10011770658211291,-0.08057314303899937,-0.12224084700625884,-0.2438670594554484,-0.1405756833920133,-0.08343381103689647,-0.14932388100741129,-0.29517741541925085,-0.18291502566280782,-0.18420021857766272,-0.22063759421240373,-0.31626892234064435,-0.11437020188430645,-0.07026779781168405,-0.05323409847217099,-0.23780051499341304,0.12143950860780763,0.04754218590291884,-0.007910408049314314,-0.38813884104005314,-0.0029676159755403983,0.01405718438238758,-0.026902200951672922,-0.012118383223526461,-0.0313933785856593,-0.29200739761815414,-0.19377737736629957,-0.12580912936808283,-0.11634890193497012,-0.380005003383902,-0.5427260948031531,-0.4364741795103105,-0.2411366865899688,0.01759559600459434,-0.1409985285509288,-0.08183444863818712,-0.15779518752581045,-0.15127471928299385,-0.20723740021442352,-0.25352933329583643,-0.346901571490698,-0.3573859153180936,-0.07759386777796032,0.006601950008781941,-0.016512088670553794,-0.1439453168352234,-0.11739341178034209,-0.11134725533675469,-0.13683254531300545,-0.2194327621459893,0.004305109670452262,0.0026006961550950713,0.0060488499543444865,-0.49515085948452464,0.042403508233552864,0.059200592078655384,0.057813682821127685,0.01916962561660641,0.01915181969158303,-0.183464170329936,-0.49738283753339024,-0.15833419883500793,0.013276046310525015,0.08871289146160241,-0.0743865329144709,-0.177255743706919,-0.33027765257633257,-0.14816953160538593,-0.029100239316972917,-0.061374430156960126,-0.12039888584768807,-0.19214916540593693,0.019022903295083906,0.05108860000295326,0.06548671525957124,0.12689019953091274,0.11096694982184978,0.11655040938173639
20,-0.19340627880169045,0.16352793592637088,0.1571722207505068,-0.27864770979493936,-0.04837629169139965,0.07918244624557301,0.1030524357288861,0.06448422158618795,-0.084888320381764,-0.05740371639420426,0.04622874370008297,0.061585198242031104,-0.02587997285006624,-0.46106043969874705,-0.24457887270855636,-0.13569821696816914,0.08420041666281039,-0.37088966586415467,-0.335818511698603,-0.3055109096598175,0.5889946772118058,0.4190008939002444,-0.2526348193813553,0.21099827549399885,0.2791386929208442,0.2624409299956266,0.1913504600884041,0.16019258841789072,0.09416242552244011,0.1667272479209512,0.15693147751488776,0.2184461351162529,-0.4060125498061022,-0.24317722999439498,-0.14032379647682164,0.3225129078442222,-0.2903544913762512,-0.3172059995817855,-0.2745308110671381,0.21158975715183176,-0.3292212642835219,0.13642642437724356,0.22041373963553795,0.1870055969103363,0.11217183663128132,0.20656718573173677,0.005188779853172829,0.07925275731300839,0.07632329438491078,0.3451062853070116,-0.5463936275736001,-0.3390076159034015,-0.1416215868785397,0.43234444615403667,-0.247772418148586,-0.2538271093687177,-0.05897621450838593,-0.41942600423874155,-0.33378294195944835,-0.027017224675016025,0.010242014860061162,-0.03793653318444462,-0.17581038436088187,-0.22369711489049823,-0.059750841544170555,-0.024842434043397175,0.015571194671693558,-0.7547836065229873,-0.48933298587519386,-0.0467057720721227,0.14832541386194265,-0.32747419249565407,-0.17599945077972448,0.12670455360521196,-0.33049937593872314,0.46254765710998236,0.47005192727610784,0.3391260366188298,-0.6013822646402349,0.28387550064188377,0.4193068272237867,0.39173854565937033,-0.5301398774677099,-0.6785772625430759,-0.5708407690423949,-0.18938015593859184,-0.3668142838397244,-0.5773304844547988,-0.35475551182202686,-0.14875224792836822,0.2693696531195197,0.16569317193319846,0.0683600327081726,-0.09571112196598323,-0.21608636392366432,0.008338015976274229,0.0393102877558052,-0.1101337363061897,-0.8403447151066318,-0.3203049237113614,-0.0745108014459573,-0.10070040277890215,-0.44101989892592264,-0.3008719066194385,-0.0333599617135945,0.04013669052530683,-0.09629280797128667,0.21219833899215013,-0.8358322897096789,-0.6473882366651502,-0.39082496035566766,0.041879083760110854,0.011329840378542694,0.12831218533318003,0.16937452999381797,-0.02979202435889325,-0.1106577812805493,0.018085964446218017,0.20455339185181148,-0.24473346654540054,0.1959087710040573,-0.3924002912796033,-0.7391071506188428,-0.7001573713731555,0.10076803750916902,0.3641403210134785,0.2286497481666886,0.20370955034103136,0.027092873771840477,0.05448613636652319,0.11887075730949304,0.24193529846234366,0.09014180299303988,-0.3136596320038627,-0.9344255708558965,-0.8690419114959176,0.034328112115065104,0.33219510572342154,0.17686580333210306,0.14056160451729685,-0.015145701886978051,0.050044359106815706,0.09227584203629165,0.18514077645221025,-0.01799889331347506,0.15087992031662917,0.14885750683342358,-0.2347317658646253,-0.9043595025010646,-0.003550807881991094,0.0635455626120084,-0.22028174298826955,-0.473919335985117,-0.205036062319344,0.08064635417147203,0.41223137740130655,0.30343626363977233,-0.06807309385138191,0.6678839967631278,0.21906928678507762,0.1079267627543276,-0.14677358452513553,-0.06305628558741683,-0.003979012789229812,0.14557091573217867,0.12664170812849912,0.13315235434874734,0.8363723474006035,0.36828738598462063,0.24831278575974888,0.056713542867034186,0.2023119257143959,0.18550045209467894,0.2723419646730168,0.13555948835670173,0.6962954752395024,0.3356045861795329,0.22491468161093547,0.07954606733106755,0.22246596906526717,0.1921028552994832,0.24919101424023726,-0.5772500243157962,0.56025831976412,0.34183407638028107,-0.23316669278826474,-0.45151975339228256,0.15616277810105889,0.3397624896416806,-0.6052165188940073,-0.5975120453944538,-0.6112682612501078,-0.8888227755789582,-0.7259088704957894,-0.4180131874942968,-0.5101556050469325,0.3396374953391461,0.22663365695413198,-0.07572919204732781,0.01222767660657371,0.4593398378989278,-0.04539012671208859,0.10931146575895832,0.1611370647270757,-0.23059589555900104,0.6224437938251844,0.6030277256535695,0.030717649749733657,0.09484464481906736,0.13139933091581218
21,-0.28011838978382914,-0.34846678597408787,-0.4757435182674628,-0.3395511010838595,0.09506533879909,0.08010191359265333,-0.1370282439422638,-0.27016419719146906,0.037695244307565975,0.10859224301761572,0.04543167493469862,0.004716164585360034,-0.18516062784482365,0.03004929166221719,-0.059460133775365236,-0.06447300163258596,-0.5596264507092711,-0.2451269713098647,-0.26861456156493557,-0.302345946910066,-0.47832984722608396,-0.6239042426211521,-0.31258311682546064,0.11698987589744919,0.08817372533350608,-0.14593308857775383,-0.30242367494650496,0.00704834211366404,0.13141775759784527,0.08493417196489222,0.03323837996852345,-0.3013896430207947,0.05596475627304127,0.021502610848177346,-0.014276102134500488,-0.6656933282136456,-0.2363571596426459,-0.22883808802581507,-0.3331310708943512,-0.6165512447870805,-0.35827548524147834,0.09344847267319252,0.20904857339903873,-0.06815835810815943,-0.2589342277398752,-0.028528903382425433,0.2845702753517971,0.2527115350766185,0.17002945946719653,-0.4041730259837453,0.17146141139588872,0.10124325816662955,-0.15307130804158173,-0.5893105312815471,-0.17409810923820507,-0.2524334072065734,-0.5101615067719997,-0.38189253269663737,-0.29978339295155343,0.5042048485852858,0.22687322918833652,-0.04988747587249697,0.24922546315802294,0.7594646302340743,0.7884867503421372,0.6632353607494826,-0.14349156644891714,0.6571218109809268,0.20210008031584126,-0.5332759519858585,-0.3401368488408315,-0.01618522932395406,-0.36470078660223054,-0.5389401999194964,-0.5366885614216544,0.051145377473350746,0.2507103661409337,0.3238785301811577,-0.2019003481800053,0.6460300597148798,0.8866862134154585,0.8116201124804758,-0.32627595226477923,0.751612705908178,-0.2598077918242191,-0.7459896509813285,-0.16701317012555714,-0.14291573329210597,-0.4003916179008304,-0.13132069630003287,-0.019972270786371333,-0.37631446649998485,-0.6650428647886857,0.007708692623222506,0.1677888598250817,0.1764300455298488,0.02982008080138511,0.05884272789273413,0.1667541993561534,0.017657228583658997,-0.13678941662114932,0.10123341177302049,0.17583142907188992,0.20272299402527225,0.1385394775665081,-0.12164418339106087,-0.09091701364850512,0.10271034244456574,1.055559147621487,0.7990529099408514,0.41881900557942414,0.27818042648235625,0.3378816351213952,0.3160335607130658,0.12563896265502483,0.32435617515850673,0.4385844353335772,0.4389604735218486,0.334127182477947,0.04836494082804391,-0.5497662322232874,-0.020510314649368856,0.49794098801469033,0.23543359300654573,-0.2274069486935875,-0.22772864518306374,-0.0376989863547012,-0.1466923500337258,-0.0004212286057253184,0.12138030266661295,0.15182741153436685,0.053984735251459234,-0.8843168646222117,-0.13691607543471315,0.428595803324218,0.2892667806976194,-0.4452163849090786,-0.37192342440955684,-0.1735095973641232,-0.23523367399617076,-0.14956255319852854,-0.016693031958242968,0.020142432040487213,-0.06997699649077362,0.10954541296401893,-0.09524726196024805,-0.3076039956887144,0.24988198677031265,0.056046905663952006,-0.19560301160918478,-0.17889408854454517,0.28020123432769267,0.21650918964497964,0.3169968839875123,0.2796483496768346,-0.4529287184064935,-0.3921923130104116,0.29842977107610846,-0.041580579541776026,0.26469184678820973,0.07589430997802847,0.41558474320704075,0.5551894508309969,0.6671534459324855,0.5694865526387991,-0.23948552979604715,-0.08257660936680145,-0.5742426076987392,0.04107706611406974,-0.06685236397045478,0.11148687461324469,0.2250206882517419,0.41434309047458634,0.348093971652158,-0.2830337101267911,-0.615576493373005,-0.10415101497412521,-0.07665940232835916,-0.020002552537546334,0.07010111270512517,0.27000322110511416,0.23082713237707309,-0.062421651833685414,-0.3412971116334301,-0.5545727997516854,0.3258072022751957,-0.03262147941644588,0.11839151742267633,0.11560181650874903,-0.09905027706918731,-0.21689323073915706,0.331307437707832,1.0218197416392634,0.9749147080534705,0.7001954122305607,-0.3092799452366078,-0.31184294442703103,-0.1990726091488405,0.362598897291864,0.28577207635433327,-0.5916407832882626,-0.26702937991721976,-0.004247721153771458,0.10680266061556262,-0.16761282026432708,-0.6299226166181494,-0.6052159250681864,0.15310773174280795,0.14632659016272137,0.18053870219027393
22,-0.1860049237597977,-0.20119125742737165,-0.25881771927620434,-0.2588212338086651,-0.03188067700172809,0.03634993586268861,0.06253686082819354,0.09377656096363028,-0.006081523953960634,0.01746981409025061,0.04383894309272182,0.0613301397951576,-0.0007958361007050263,0.017735649713592507,0.17782457943924662,0.272851899505156,-0.021519834507292748,0.06528439763272573,0.0760924456744379,0.03990474176248566,-0.24241277575545106,-0.2810506645706732,-0.2526138747091896,-0.01241644484497606,0.05226547632493714,0.07509857584409532,0.10401772045964365,0.013154784898577859,0.022461976615755358,0.044349045767011236,0.05983946922899077,0.004519101321959442,0.042297727942131665,0.21618944285874192,0.3128560525709712,-0.044237873130794865,0.06811823599445974,0.07859199840760563,0.03575765754240466,-0.19021183081482373,-0.13727628218505541,0.1433589641052295,0.13931511266345187,0.1462516361984399,0.16209493817061119,0.1551377453344809,0.10580028148637213,0.10728665843861183,0.11004001293590568,0.09689735170695625,0.16643709433371437,0.3382608069805739,0.4300434208494375,-0.021070229561611583,0.12298439102719225,0.09077756019157682,-0.020951324559887248,-0.07895427978139899,0.2301939296802352,0.17250822676790947,0.19777955924896956,0.22930826230645032,0.19934547810218267,0.19634685122556958,0.17671906967505532,0.17466947966352514,0.09245299950812667,0.23808950358048953,0.40496641189462934,0.4863269473132162,-0.10030791677470557,0.11648231733230276,0.043310034829216915,-0.2135412232703833,0.12987381317253857,0.22478621531612883,0.19341888976182198,0.24013515055074766,0.11147221190672145,0.23548678990105967,0.22125934472570563,0.2183269520327577,0.07757963312287364,0.2329088867862627,0.39159104581666754,0.44253665196951397,-0.20774791291755235,0.10646458566408888,-0.0972929456793796,-0.5352257545705135,0.14153212573463722,0.12066530637234266,0.14703406041262343,0.0027423950285049375,0.028066836486525165,0.04719229191310341,0.06803323061072497,-0.04635102109049462,0.09998564988423769,0.26030190864252745,0.3570889822052934,-0.07416370755762404,-0.07556899161929719,-0.2050924149328824,-0.3337006003371571,0.05947942784446044,0.08062389617280623,0.1098322439215752,-0.02116082035669532,-0.07698044024107584,-0.057174915694830325,0.07711939799071948,0.18868027369241272,0.14534432454834106,0.16036053351187413,0.04846494718682353,0.015713316094951933,-0.049733270907236504,-0.09449884890060395,0.08552502288166779,0.12171978152090464,0.03318104857922798,-0.08167935983922374,-0.09912141539293652,0.1091275969708653,0.1915035562239034,0.07484151449701729,0.057268175433223815,0.08734450093707874,0.04702334567186532,0.0008319528714699469,-0.012104186838773701,0.14147007425645516,0.04528243726856263,-0.07984020805131005,-0.10539009305131514,0.13256242728978798,0.16849844729579397,0.031846287018697295,0.003726653068948171,0.11664795730022402,0.06936202421830506,0.030483840728844018,0.030551076541189815,0.04570650155944415,0.06747590094434702,0.08484860486560118,-0.07244353729526991,0.07201555296224194,0.24033018096009778,0.33821984720085474,-0.0855529400303581,-0.1605272763103478,-0.3882115842625097,-0.5138814357444466,0.06291712382736553,0.04832782132339841,0.0627087990847121,0.2815094564442377,0.10012696444776446,0.11341362099526442,0.0441921315415803,-0.03821263538495361,-0.12349924622906087,-0.16765635936707524,0.013240367775043924,0.09368207776981473,0.24156865802370575,0.049579648426819556,0.032468258022366796,0.09329222869059668,0.03604594721006197,-0.018823999119746755,-0.02026611969947189,0.10490388165477466,0.1808868419383496,0.0015510607276393246,-0.024762368617892796,0.1084659542697457,0.05773450633732909,0.017564045069839523,0.029037591346861128,0.02581546035793844,0.2294281940034478,0.31145014154242595,-0.0927807198126996,-0.14490616476439977,-0.5768825891390561,-0.650731192338128,0.30945083342035423,0.3298682011224766,-0.03426040593750967,-0.3155007683633524,-0.33370412828555834,-0.4015079229493955,0.30384119186223874,0.21741532849691236,0.1532550847400038,0.17532251424378714,0.17739625987220517,0.3091946126878099,0.2687904750130544,0.3096910355450406,0.34402425697329664,0.16110839315378916,-0.12434517800207331,-0.46897214002142135,-0.5944380098891441,-0.5638710892233836,-0.45248581367690305
23,0.6589836003180972,0.47357488351059196,0.20645310104135006,-0.21364940632781307,0.3210720902261584,0.06023605093342615,0.2849790072093027,0.4143908043368249,0.365813303598832,0.3778134871644682,0.21640686470550377,0.008456274812811327,0.3658438268155021,0.393047911788898,0.4520382295139179,0.3581573372261354,0.21642723918256893,0.33690426642124155,0.38091975197175965,0.26464585966241905,0.13855641034171462,-0.09643242107590048,-0.4860663562314221,-0.04436966214425447,-0.2780232024439844,0.0047607855484344125,0.17430240274728398,-0.017190047636237025,0.07958413032399216,-0.04560456044185966,-0.21078657903460726,-0.08218483684106134,0.059411019107226216,0.15805333293976445,0.10097498268955554,-0.22699853690227195,-0.010551436880333933,0.06849673282936163,-0.01922429028153782,-0.17176604103345025,-0.46044368850259726,-0.33704788562966914,-0.5086191919783832,-0.10576723679998763,0.1051065519230835,-0.27430531608693004,-0.08858155614957232,-0.20276748354076057,-0.3621900141484383,-0.32109408560467834,-0.14287911681037938,-0.017730945460981418,-0.05614260413076714,-0.26197873942764227,-0.12430678814451727,-0.07706978009686302,-0.15079247620515424,-0.2463022518407408,0.11754802241408649,-0.13088772410939292,0.16240305939054925,0.24389382811483096,-0.6218843528303051,-0.004768925761342359,-0.19154283514937226,-0.6297715314452326,-0.5198177016403915,-0.2893662128243149,-0.279157454830744,-0.42771455273079423,-0.3652086362613465,-0.2993417204911862,-0.35617428892515635,-0.4055152696001477,0.3900174355023014,0.7496781412365089,0.8030577929442454,0.7023907627334125,-0.04746670409991388,0.7622586640305262,0.3850496801035478,-0.20633309070329303,-0.7587416795970564,0.1857295477443719,-0.20601639804361607,-0.9110932576123928,-0.5942451235999746,-0.44138895690155894,-0.7206178022836995,-0.7735812677295075,-0.7458631835287604,-0.022599270592790533,0.12291601764675356,0.1245273840862406,0.049825615902391346,-0.17884840268324773,-0.38126099400797214,0.06044669803450281,0.07311143856089346,0.10565747487722148,0.03161325979586765,0.1166914872490588,0.2221110285127694,0.14436578288968216,0.03763079905626374,-0.21347852405344642,-0.5237432076474255,-0.29961318397479575,0.18200159995421186,-0.345133500713782,-0.4369297167524755,-0.0736509003910103,0.1701464950550127,-0.08490833892211365,-0.20973851118448752,0.08329544132755354,0.25451948670141317,0.053270131571038375,-0.05432780355015795,-0.8587275085016979,0.08942401488358202,-0.45528443706059385,-0.01192928635531036,0.17213862014470974,0.18479163019471506,0.05675507926568488,0.01871136275584684,0.044248275552859914,0.30391534508275025,0.3709709502183103,0.22084142762198117,0.1686913565947931,0.1708724290315535,-0.6825013716082294,-0.057749077084902185,0.4096609151823642,0.26235088800713,-0.08308218630539112,0.008226698732924932,0.14249773319781575,0.3904557678248142,0.3705620374889456,0.28143245224024005,0.2732423861190791,0.18720927223491843,-0.15748240037273797,-0.5691762017338793,0.02491440626025743,0.036958053865807444,0.005768447856527501,-0.1617030437805097,0.16837564973581956,0.21671084247338035,0.06086693177584327,-0.04696056413489057,-0.42785434594256505,-0.06226744446170877,0.330255186723909,0.2847205924366752,-0.003028035277194132,-0.015617766063281654,0.43464028542715916,0.4946830964427566,0.23120028597795755,0.1886424723854252,0.34625461741966074,-0.046449394500013584,-0.24249731455801068,-0.14021590422121408,-0.12091062191086503,0.08723941856014947,0.10863522543223199,0.005716746067012323,-0.013317382231903959,-0.3364552985219546,-0.30856517564723596,-0.24106346337536919,-0.2657457766313201,-0.1981767027874077,-0.1783880658455892,-0.20843231382810512,-0.22152572373358753,0.23739388742317846,0.1546883832493183,-0.4023010102465169,0.355600666382035,0.19289512516842902,-0.08526169196559784,-0.19032899047659066,-0.5941291916614269,-0.30640656470824273,0.4949479564775847,0.6310027325690525,0.09192638943295363,0.11428238741014661,0.10599306769430385,0.3106029008996068,0.18634217467503958,0.20445613729303244,0.25180423838518873,-0.04042446210643287,-0.25565528484443323,-0.14427510407920416,-0.024342158763430186,0.27124967244750864,0.07274828151638953,-0.3292321489833359,-0.5916931511772998,-0.1689771597746716,0.3420653524761552
24,-0.08158482805057916,0.0074688562204543564,-0.07745979512268124,-0.19116711195155753,-0.04159930506611592,0.014584730147416384,-0.04400253315362682,-0.11894706053657612,-0.038454045301026904,0.014140975122370699,-0.07768203384472948,-0.13270463814634673,-0.07380862488642667,-0.015691459958887124,-0.061067792369350435,-0.10658039113179218,-0.1949740098425887,-0.028544563976346034,0.2365765352571122,0.3995754041114944,-0.064678896327157,-0.23734802702240246,-0.37724199205674713,-0.06429332126653697,-0.008323126386177233,-0.050241601126583026,-0.1119815890733353,-0.06989106046951239,-0.011400948646751384,-0.08101135094709336,-0.1225419181034363,-0.13043194280465129,-0.06480875630347946,-0.11416579312006342,-0.16850083159966373,-0.2554785277885342,-0.07615909740817785,0.19969915111002792,0.3674372701416412,-0.48324245057424786,-0.6169942874517719,0.2762908866250856,0.10699887509769537,0.060911667211260366,0.031783743549127,0.2659410934512666,0.15114476271566668,0.06381105756590344,0.035069056491020816,0.20704994022316267,0.16086281151350795,0.05262981821531278,-0.04893355404151695,0.10528164922300323,0.23536879358569,0.4186159501841513,0.5280281276164128,-0.7952452601938446,0.4763055110581353,0.6385672026054067,0.4125866459264341,0.26532035343242794,0.4919608257140636,0.6520459316147524,0.32496541081005353,0.2168689849533606,0.4661999314486803,0.6111954957631931,0.30153407010257727,0.1280559751272166,0.398111576773116,0.6834296833757316,0.8419114588137077,0.9058263892904067,0.09238406708603376,0.7700397101943408,0.1959049264225607,0.11684809487941082,0.30286013853537874,0.6746000375840837,0.21310073862805867,0.15474688773348705,0.33407843464386766,0.5790292410887276,0.21104429514068498,0.07246942885936357,0.33551704858922693,0.70138932767331,0.9209730161736281,1.0232714901781732,-0.16146340616433832,-0.4842691421757474,-0.31275860188972276,-0.1204517908228721,-0.23718378414627597,-0.42698591211117554,-0.2984163790531788,-0.11245493698994864,-0.25686705143119887,-0.47086752671434057,-0.4761345908451539,-0.13939090425260833,-0.14097741184402351,-0.06276095813610788,0.033434044198879714,-0.17045519128514836,0.05492729693947451,-0.07230678425050704,0.08040104602765902,-0.07205603979629244,0.049945119548108076,0.039100943391524444,0.1075193873684304,-0.09045328080250331,-0.08273549578417641,0.051039116438055886,0.2138322126039355,0.23235878045599961,0.2099992991570916,0.23986713266271723,-0.2598026499287029,-0.008359826119332678,-0.0840525833467107,0.035513246868307695,-0.116577258333001,-0.0065226319846120725,-0.1040594098463338,-0.10780247237618583,-0.09205269780361215,0.053074484444627146,0.1452377753203535,0.1928977288054444,-0.17423514535396914,-0.007724337898819716,-0.11856423010995636,-0.1482873830186363,-0.1426915377325475,-0.05567303735860484,-0.1482679202990324,-0.21226351510424546,-0.16015500514597145,-0.02666227586081143,0.10769558916154177,0.18840101863043615,-0.14172954640658014,-0.6172951695598251,-0.37465974715536454,-0.10054759557061904,-0.27305880515341424,-0.6755033506462285,-0.5567108612608597,-0.1493595241109355,-0.21027930053825436,-0.12469193426998844,0.014535653347574503,0.019348816896859838,0.10261476758723732,-0.0609845774309953,0.07333258880024812,-0.06287536047062976,-0.021244595268659305,-0.0075237603038370085,0.11734360388572473,0.052090533991450354,0.021237011358887187,0.15785937723857663,-0.3471449719147042,-0.06677165460469615,-0.07275755393835083,-0.0569572347403632,-0.25000238928961827,-0.0740101558049132,0.11609506092809507,0.2318386687821206,-0.2112385364659511,-0.007026985164153231,0.03252250711649492,-0.10673378198036314,-0.2099045265564913,-0.04640670796999491,0.15862384672381372,0.28878486533772973,-0.1298269442529214,-0.7641307468006598,-0.5028644608680861,-0.21012758955292732,-0.1950419396023529,-0.05318311874655621,0.12112748643353899,-0.13938026832047382,-0.05861947471556179,-0.08776356293493434,-0.011298873951164428,-0.09396473186506642,0.015922283935082802,-0.016346767080881883,-0.461424895849279,-0.1857661164003988,0.3513565742500681,0.5762658759770559,-0.37589122883716414,-0.11655625381273817,0.3774404245587554,0.6480635531062562,0.04061216479420458,0.08376818453679481,0.23788293836935945,-0.05679208963340894,0.21125721822585086,0.4940733368631942
25,-0.42155995651292755,-0.12412874668894634,-0.050803676652903196,-0.12434883406239991,0.029792785901265842,0.07137367560812512,0.1978187966175169,0.2697656117496617,0.055309142286603385,-0.007529862165370165,-0.06475340080507926,-0.12986646123746662,0.06823209889537256,0.00026583772122812263,-0.05886082153796766,-0.1435470591107321,0.1005725608548462,0.1274419915035438,0.038211393195387924,-0.05251800567884685,0.1552841020345359,0.1502865005700102,0.03254775442197537,0.2550766005252906,0.23821857518872325,0.3481983650681391,0.395282435063559,0.2478552766601602,0.13105821934055972,0.03510003725801731,-0.04814785163186458,0.2329912608214506,0.1299759462398612,0.029562214676465505,-0.06011891181974775,0.22820255735408412,0.2528979793883525,0.1272030566067915,0.03644380851303539,0.16279825115057106,0.0707402772424863,0.28142762152999,0.2692586838990763,0.3863517084801356,0.42386207139322885,0.2951196903786311,0.1664878456061834,0.01509424380446342,-0.08219291576929089,0.24156029634447518,0.14957214150724313,-0.02083161114704133,-0.07272004873906471,0.20423242688876567,0.22835311800151,0.07768878689887508,0.043259326936821496,0.10648131394949199,-0.8449097796628003,-0.12002250656095131,0.1748110522885902,0.30397750784181343,-0.0008082725140133434,-0.10959516218236769,-0.19282396320993514,-0.25959745191374206,-0.003098586730752732,-0.059592797288491865,-0.20045604901433683,-0.08452413817546198,0.02207905101588765,0.00564476979264422,-0.1024755208998101,-0.01978956012909662,-1.0505085416311948,-0.44184443569193654,-0.0070536246826504514,0.18366273598779279,-0.9169108761805367,-0.5551832275716831,-0.7443970153690422,-0.5687112148659238,-0.3379840617235713,-0.34508392092946855,-0.5792830223247518,-0.16513713552228174,-0.20389769620666479,-0.26569615638594857,-0.34097193274311133,-0.16148691948554214,0.12819257350448104,0.3096339028197814,0.38148252282669254,-0.10472654854690093,-0.20530486040678453,-0.36568376418770115,-0.354207813647337,-0.07066711588046741,-0.20867049192949141,-0.31632882383652894,-0.2299062132957725,-0.014018954616184964,-0.08326620490415339,-0.1988143997179922,-0.1679959589186205,0.5606156912087339,0.5544551326362852,0.028313640650009294,-0.18466920389336713,-0.2265154090931246,-0.09077497058820366,-0.01924608725551934,-0.10594405731080199,-0.1051273431449376,0.06437897434047016,-0.012488833368644453,-0.14380413956461965,-0.14035870991106417,-0.02872106278880999,0.5176171335905015,0.2585679915916337,0.3259113751020753,0.31103112562362756,0.3390393256796163,0.18364627983782233,0.14302380024619282,0.1705527316504167,0.27942990787907174,0.1408390642341686,0.012974791132071426,0.05072793158281211,0.15327359347907102,0.3376284127983525,0.4553788910232698,0.4819346749520765,0.49953190171440415,0.2758331890427983,0.27388682866761604,0.2877271339332238,0.356392412954641,0.22752924729824134,0.12298245306986727,0.15908821841185763,0.2406880495331441,-0.15266755897500778,-0.07610218964600966,-0.16254896030096588,-0.04548927855654541,-0.24917154451032994,-0.33566261915933754,-0.1796083789097172,0.00344966206327411,-0.1381107714050079,-0.31497213910381605,-0.2553462795656163,-0.1615485519463115,-0.06706512206918304,-0.12940063625964934,-0.17463598783496867,-0.12414881049036157,0.06371868611562008,-0.09427404466770478,-0.24855688842855542,-0.22409615421742513,-0.09380898746111843,0.0777386545141255,-0.07225351122794625,-0.17536020481569436,-0.14106127175016503,0.014331121934685111,-0.061810142831704384,-0.1390269886506958,-0.14551452019207325,-0.048170380451275925,-0.11158808456584104,-0.14917929151157136,-0.28042657223442014,-0.09787655464731411,-0.10747288458215384,-0.1159772591608994,-0.16808962608875638,-0.07794987275289449,-0.13058693590615209,0.05457815730601081,0.05337428183202679,0.029435275647500814,-0.1246569207398505,-0.38653846185561247,-0.3268333622609219,0.10934594812363556,0.22062659527834902,-0.05027309585938284,-0.3611955604186515,-0.29887570791168394,-0.08350138871390514,0.4222046480180605,0.07647039151991336,0.17630259772477727,-0.04225568028004539,0.04542248532126517,0.02036288605040971,0.285846574700265,0.10110965134591042,0.03847797068630374,0.21297084476661657,0.12906930626871663,-0.13215406349805256,0.0005367705349805861,0.13409867928324348,0.41012857591643004
26,0.1610592007065367,0.15221942091366378,0.14222985280937434,0.18715212523627955,0.04694638702491355,-0.1526385870888521,-0.1688199372001914,-0.1377693975440175,-0.1496468607871318,-0.2413808178737491,-0.22381452621201747,-0.1913487261147793,-0.38461768689259457,-0.3464956925483411,-0.2774024716980656,-0.2231687096151317,-0.5016976908497219,-0.5213125594568083,-0.39182895870643814,-0.34391023953733785,0.09557361331405312,0.09629491436886081,0.1740002379333105,-0.09772470965537963,-0.2874060586304872,-0.25355991432240943,-0.20154354911005046,-0.29409612360533227,-0.37854835313918267,-0.28124394413524906,-0.24083682690602431,-0.35661972870120806,-0.37865802776049917,-0.19246304596189348,-0.15179359432986772,-0.3174873945958398,-0.311294774795068,-0.19394470820056986,-0.16134383135287478,0.07852387820365785,0.1350465206211892,-0.21750816394151246,-0.36265504396666537,-0.11172645823099749,-0.09802046105817339,-0.1333386565946171,-0.12267634782189715,0.029722410883553145,0.0043973592466894015,-0.06796161057901436,0.010781268015731389,0.15876977819932686,0.13734663740198358,-8.156179444206091e-05,0.08439547313262301,0.1406504055118554,0.10842134250623209,0.17118683712863675,-0.19697619293098811,-0.05051512362159736,0.20002817732934472,0.10778384250576446,-0.018682402453931712,0.24062511202124962,0.30073616592563873,0.19570769651709732,0.08027438759698022,0.30573492561249593,0.3859636554744529,0.31231668067165075,0.1353067273488926,0.31251541917056846,0.3565137236761878,0.3048048082390647,-0.12198488786885517,0.18875180436214242,0.3471467920558644,0.20595800757270427,0.046221204871439756,0.42346677100169267,0.48463622232573217,0.3321961824168469,0.13654964995310245,0.4058127783583824,0.4726290336219358,0.381754545541513,0.1866461076772548,0.3771714054374126,0.42560867700351995,0.37780149015887005,0.19215882895375286,0.09993719840289783,0.008346208476407435,0.2279288850621293,0.3888118350629382,0.19450592437837166,0.10299229004797622,0.2209606199006186,0.4025140386915605,0.3839217045448839,0.3208124666716828,0.20342639797364917,0.3443462960141307,0.3406684657727107,0.2826990428651554,-0.11082730666369743,-0.19822842375031158,0.059154897523702836,0.2009978591643896,0.15619973859827282,0.0436877551894413,0.01714400115819121,0.15776840075878662,0.19728182489774462,0.1296078122660227,0.012761847469581405,0.13644261333645527,0.1595472472057326,0.12979640205294937,-0.168452951433211,-0.017663096368276284,-0.16853652273795605,0.05213026895590778,0.009688450074309959,-0.08312396832760106,-0.040438518343651475,0.05249289361730565,0.01431924785203967,-0.08793063196806422,-0.005214036555725976,0.022815457368757758,-0.006901371146962077,-0.08153385955331043,-0.18095374605637507,0.03524312602883497,0.0094510218975588,-0.12130308769318794,-0.06278377689538525,0.026760450255467087,-0.007789344884872295,-0.10695399532430316,-0.02719422854701933,-0.005288740610688871,-0.03839548995702968,0.23321102081968695,0.048328543481417185,-0.02022385143633963,0.2143035415271919,0.36348109579506044,0.2643041150461624,0.20529727870734218,0.18811181244415495,0.36661869790916113,0.29031085564017645,0.2056554691792741,-0.21272383672070053,-0.15640909672913555,0.016116063468774557,0.059890905670554155,0.0842422937892119,0.014261952549417518,-0.0562331433741528,0.0660006748549236,0.07833516804034975,0.03486441398403148,-0.11774113190164621,-0.10333812622130405,-0.2074210939942215,-0.0336640457654761,-0.08120989548038929,-0.1620281997231928,-0.10071937839642638,-0.06365878563654044,-0.10424418418679482,-0.13593325929197184,-0.1462239908890417,-0.02746552010102307,-0.07627687001863936,-0.1604184627741295,-0.08614392326844172,-0.062357240844519365,-0.10732053075966046,0.17311990340776998,0.07742546811618006,0.051124644991782306,0.15498958208596567,0.28621240265046277,0.13113911954150803,0.04819722702680442,-0.16862029150636423,-0.12259493855738296,-0.05905123400738155,0.048680808637612136,0.013107795248511899,-0.05634735219089969,-0.084364381592406,-0.11328092859252359,-0.23144593176728256,-0.16889593865618033,-0.20512655083198586,-0.10249102892038468,-0.1581622837821347,-0.1126657027828599,-0.16722802516714386,0.04482024415413407,-0.08247620236304451,-0.12935871983875544,-0.31748898833548583,-0.18028212839815108,-0.021191499523822925
27,-0.08602960011459233,-0.10638536389720346,-0.1650867599742047,-0.20489447837045896,0.1389443898784969,-0.23177524152220771,-0.3216786878576632,-0.30412125767502707,0.15933322016091242,-0.3829253045215087,-0.42639016680968445,-0.3212357422742269,0.23128286138200402,-0.4283004314571434,-0.5000255135692308,-0.4166448477663475,0.3695491954346359,-0.19461441304440602,-0.3561918485817423,-0.29216772805286767,-0.17946030501549687,-0.31428775825215444,-0.37353710639713233,0.29039296657961194,-0.2304675296919142,-0.3684553328416853,-0.31781148092824535,0.3509583268416848,-0.28076314947754943,-0.3895812219787275,-0.26598872377906385,0.38043603775553314,-0.2016251433351824,-0.3445157994736193,-0.22177828259998497,0.4301450878978749,-0.05310702120117844,-0.20883201663336567,-0.17108143880094226,-0.4587910928335378,-0.24187158310201523,0.5958912346023719,-0.09042630125989418,-0.36257420691123504,-0.240232322481502,0.46936766828407805,-0.14611551580031887,-0.216237719871728,-0.08651376088501475,0.4458799741000368,-0.06968981707057002,-0.10600473938179454,-0.0030914561328379965,0.4577492069776928,0.13112035185925383,0.012287087119933322,0.021839542801170106,0.08231618514837875,0.6246908814238598,0.17403776114412087,-0.04444695852537498,0.0633911070726138,0.4595163800864952,0.08425253647957545,0.06203909037185067,0.12473561949574657,0.43208279488948664,0.16287786617730568,0.1342927810899385,0.18914932755529504,0.4613990732633818,0.2944855407917063,0.2079042179599286,0.19986917672494617,0.6000479243411581,0.375041697084455,0.14174508279699755,0.2127278479741324,0.44410193957476896,0.21598137354528538,0.1700217066995098,0.19220885269876106,0.37986454490449845,0.24812777517726858,0.21353827546487844,0.23356709824244304,0.40484503484253587,0.32329004387025223,0.2611029566491259,0.24807628651770203,-0.6025411889232863,-0.1839107304497547,-0.13709130819924512,0.11298652051257782,-0.5546221175403679,-0.04518698627596555,-0.0028362553134881484,0.19807130138802562,-0.19635203223428144,0.06143800655241274,0.1166472240614232,0.2749954897823717,0.07021068325639061,0.10781510890038243,0.1141277852185443,0.1385057307119513,-0.1173957951347774,-0.15740435784616524,0.09616791828559328,0.29316880103457377,0.09858463107722541,0.07051423905707938,0.13971720699474527,0.19972346985604988,0.13931278601076383,0.19583048950579468,0.20975689601800687,0.1708661166226455,0.12977227121032595,-0.18809565203142067,-0.029058169404467874,-0.00139266657267448,0.014245565248713978,0.01247047367658003,0.07682294586377461,0.03179420482684511,0.027300444023985095,0.03253847076957288,0.15999499283699384,0.1231989951862276,0.05059809295237867,0.02524233417551254,-0.061559475316211594,-0.21157091467999617,-0.14275568537679026,-0.06294636859169264,-0.00032093632269773525,-0.11887390625493599,-0.07899041083400903,-0.04076686959107789,0.06677640445352029,0.002233316858343959,-0.0468175871950756,-0.05392720331350102,-0.3286617423844622,0.048844629207938806,-0.0020388222451707965,0.28850347913622704,-0.25956884503156885,0.11004175293498783,0.09792709472481467,0.35848557868452635,0.049496956985763896,0.16729619468450202,0.17819156403389025,0.1116102978259296,-0.26678398983603585,-0.061327396815145395,0.1128197603456116,0.16548461612537396,-0.008599544624645815,0.13379524631490022,0.19811013035336159,0.11958345556576518,0.03899860430863261,-0.22269687808429012,0.12226131777684218,0.0664380484824522,0.01505321902089221,0.0224634656081392,0.191367331314975,0.1399235351823432,0.02667264004839468,-0.010779732500281443,0.04509535321184123,-0.15693112491613248,-0.07975120843585105,-0.006963557861279884,0.10035790218523019,0.006292235269914506,-0.046511571798816154,-0.05057223052536351,-0.16904764957900725,0.15739106726602486,0.07100526197873226,0.42153614198671213,-0.1392182132638951,0.09023771480100032,0.07932103578463276,0.12188187275322145,-0.2992465915560662,0.08483356696691706,0.24897524366516616,0.06479084929058969,-0.1242125445225131,-0.22967880548193578,0.27600223198840057,0.2687238485843887,-0.002279428186309773,-0.0912474972170913,0.16167996538321402,-0.022771245951981996,-0.12498399169967474,-0.10642273459477956,-0.1243983301083324,0.16025671503259784,0.1005074751858783,0.2400090828597156,-0.21104502074740047,-0.4613848276348891
28,-0.36422301351912484,-0.26530012217100546,-0.2665511372085402,-0.41777520749371744,-0.2136105748783202,-0.08763095317517877,-0.33712656665009383,-0.5336188497313658,-0.2971911777570875,-0.09271573757975371,-0.11507959473039334,-0.18383250627013,-0.37810593061604597,0.01753329601241879,0.0074955559346369756,-0.10420488554921921,-0.2826269125480181,0.058814473065476894,-0.10241791823512601,-0.3025929710283375,-0.2552133748842046,-0.31425496726183644,-0.49080478817447315,-0.12162067231644617,0.0014113346493810548,-0.2570302719485508,-0.49339367431350156,-0.3609566116001626,-0.022101073971528627,-0.023536280262734327,-0.13015018833616118,-0.3193530045029956,0.016089910324185705,-0.0018674799149099221,-0.12602816884376655,-0.2282990580802574,-0.0491061436454472,-0.21507257972681296,-0.4038200040430233,-0.3661211823235763,-0.5766835100802711,0.3259907919063143,0.1726469254584024,-0.15876148813121047,-0.44743438770986277,0.32569295609306786,0.01386116375053372,-0.008861085027255904,-0.1186937185099387,0.2054836200841228,0.01465533514626292,-0.04081736069360561,-0.16097890836214734,0.07267049232387668,-0.06239966224999268,-0.23504225833056053,-0.4108000800268019,-0.7535971688166374,0.7679624324310391,0.03983123526237048,-0.0993683353147132,-0.3208618065478034,0.6448187485554695,0.04960917066307717,0.08072237397420623,0.018380987819995902,0.47541444615335493,0.04860854834413231,-0.01858209048726542,-0.08544243944796198,0.2756238755560982,-0.007384267174288746,-0.10841729471898491,-0.18790100473414406,0.510973292937279,-0.195214554645167,-0.14227545381656934,-0.05365482781555366,0.44809623744965665,-0.032679042483852304,0.09101582394698444,0.15198997171617,0.28860076994865325,-0.04164456631133131,-0.0796112291844848,-0.07408331040398645,0.13111225371558166,-0.08582589035357889,-0.12038537963909873,-0.12469110812698153,0.4421523972055855,-0.02271410676569536,-0.3208327336489133,0.2500875186456177,0.3923358874633155,0.1898677485703768,0.11188852368313898,0.18770290272560733,0.4111043722297304,0.24904047656786532,0.10782769078624856,0.15007252210457353,0.3252524456479965,0.10695771225180892,-0.1592059595299458,-0.6468784380024675,-0.7368997176389792,0.7155862021222344,-0.14274862685736198,-0.15155854508892694,-0.20398300859555044,0.4810057954126656,-0.04238471291097151,-0.18959780170415558,-0.27569525403824446,0.2305051860186858,-0.015198216233491622,-0.09857079817506982,-0.2033647813523481,-0.7420558318460212,0.11853075388344225,-0.16868107166137272,0.057231639645552,-0.025353636533386452,0.05156737462022792,-0.1440187450234083,-0.10991048875223437,-0.15482812393725662,-0.07403147978568646,-0.21633910331702488,-0.20938156684459844,-0.25037028957127744,-0.22427051729814937,-0.3321267105654117,0.15255918077932626,0.19087722487083444,-0.2604293503142737,-0.2247062238991103,-0.08908742946527959,-0.08497777628436583,-0.3088122535801386,-0.3263068804964172,-0.2975930287429991,-0.300623088820216,0.23079170840236354,0.259839767375204,0.22530527757036617,0.1785423068221813,0.56119781712024,0.3723507873467674,0.2886920713027422,0.16567145638135028,0.5790334826906791,0.24544611573445246,-0.08505394492430209,0.1085384622798925,0.03186188067339338,0.32677549289559765,-0.0003005781132845404,-0.09436561676781645,-0.15500680762802582,0.1299894230045945,-0.10413947306738539,-0.10172450322019237,-0.1733703238524341,-0.11782928742475952,0.23502273687260863,0.021030332580271816,0.14841459991209954,0.12633845367433214,0.07387932442503088,-0.17995978713514013,-0.1366697482166271,-0.09334832221809554,0.19267107917440393,0.06987884840709205,0.18113333779206361,0.29930595809513194,0.04854313355664604,-0.1386216453294336,-0.12586654133821643,-0.05968909102827222,0.28600288504554433,0.33071034731325466,0.31831261368977093,0.17165557594825587,0.6920044127699916,0.2496676696065564,-0.07546567852904036,-0.03171084408485868,-0.031079733828617836,0.2019550974359684,-0.24376255477848524,-0.09530322733148675,-0.12503289039892346,-0.09991628514239322,0.1673948141783388,-0.20382153918833287,-0.13764791784191047,-0.010591083271208149,0.15291552632501773,-0.11774365046471609,-0.15420669115456048,-0.07607449704145608,0.3137712167168382,0.05301276872484736,-0.16565465539843685,-0.2117597961095066,-0.13091802950250028,0.03587784194029357
3,-0.037620134164568254,-0.21023138084046145,-0.20618193710731078,-0.20337440010155353,0.02616247057088748,-0.016763312205430293,0.0605167103256457,0.13494531616688019,0.03525892528750787,-0.03476402329632454,-0.04933820385913553,-0.056613113741502956,-0.04386810777886462,0.029016582306811412,0.03949747243700239,0.01987174208628968,-0.19088582268925786,0.0033314606290279825,0.1017789938611801,0.10583335557625612,-0.31604927173241537,-0.2984140663415169,-0.287064652869313,0.218846945849963,0.07908075703737528,0.14940762187388257,0.2152890376540797,0.17489010626260762,0.000768019528615506,-0.047505373666640996,-0.06890121545829338,0.021518866997741377,0.033526468026006825,0.004018986744463349,-0.04399735003659685,-0.2457674309271878,-0.05339387425140255,0.030180303443897886,0.01662054160629921,-0.326023045498384,-0.33698356359289405,0.5969522547336472,0.28572467259773277,0.33035414301682187,0.3704666871013672,0.3915629206637904,0.10391513265444371,-0.004330306780446768,-0.06784037116285495,0.08930300510669935,0.07578381326172132,-0.028818886763406805,-0.1518633278711161,-0.2920463293721444,-0.11393047779650686,-0.06631584042534262,-0.12479508231525073,-0.31054742765992127,0.6906280847500208,0.4993872460805603,0.5198041398271662,0.5912190038322233,0.44001820039900735,0.21444554942712576,0.013494873111590045,-0.12409466658866744,0.15387490917009192,0.11662105984715791,-0.07623067770796725,-0.259959828921094,-0.1901795371248217,-0.10599848033756924,-0.12871872785378657,-0.22995113211263832,0.37770839747762164,0.37996535331884307,0.5057259705716456,0.5999544966678783,0.2854852341419815,0.11741252911377427,-0.08718792479708372,-0.2415747424552976,0.08869930985495718,0.040237023851343,-0.150565514877481,-0.33721310097095347,-0.1601079831946833,-0.12841910109758986,-0.18688199094159366,-0.28947416364373313,0.08123144684058314,0.2423172016433148,0.30696932565011276,-0.47140464589747677,-0.026740801421544162,0.09250570092546581,0.07700478991562804,-0.38280596458508614,-0.11807212036443687,0.007302666103117118,0.09509912887516427,-0.15857838291469936,-0.15265643335621568,0.015517260715088068,0.09772165793976875,0.2788656854622282,0.19808878558209403,-0.03438981515538856,-0.5022199690568782,0.04526081965889037,0.12274807154834953,-0.14543354906439512,-0.45031665255201553,-0.015246856715167333,0.12661708270298838,-0.1457884744120756,-0.16706024167150776,-0.017031052589368555,0.04687272654860828,0.006342371806539668,0.1436530409032244,-0.17226233942546235,0.22077225574614606,0.35781974688820684,-0.002752824229346838,-0.31381671341997863,0.11914533811749918,0.27486830598933143,-0.0729662915057447,-0.18162447614804242,0.05281101946224965,0.1607808618989256,0.2069665025668161,-0.09721773341353228,0.1049426975987042,0.4913081632470416,0.07217899858142943,-0.21720197274931868,0.05252660346731245,0.3474640895889363,-0.010119325514259574,-0.13343394548835483,-0.018353679572792412,0.20919266873551326,0.09751087239110331,0.1717362578601457,0.13245697644647433,-0.12155800021810383,0.20513469696467732,0.24825262384207136,0.24894204742789666,0.07131668951129945,0.09539241424946737,0.2655802794567805,0.2842035421813173,0.06798722422820525,0.038889705945241375,0.015059897367385907,-0.37486188956235506,0.001602075261366529,0.08371464693607612,-0.05393827912166502,-0.1546159016793142,-0.03743601280097827,0.01785179280290944,-0.03063600233757393,0.07160981825026545,-0.10146460977792482,-0.16107319689627456,-0.031077525157669407,-0.07831625552467886,-0.2222632419007478,-0.15375050931788364,-0.06484913159626295,0.054106473920833155,-0.04990677310918776,-0.058272205408311656,-0.0866698738595684,-0.09135103473208271,-0.17447106070297283,-0.16112386514568844,-0.10501419613639373,0.30661980249236065,0.270440238776178,0.21502134697460507,0.23326623595514823,0.3585311656528276,0.41253299235050483,0.32907261931817805,0.12682773586013318,0.16068290809440852,0.20233096188903804,0.05489187656137192,0.11987910466180766,0.1383958560974659,0.18372370491422682,0.11918190353584189,-0.09114072254749916,-0.049728496046337944,0.04046642108126569,0.057933760221277414,-0.03431613654966909,-0.020767872541776956,0.019230108689175948,0.3471839950525373,0.32546787769042523,0.223412996698452,0.03605345445991415,0.030560734117477537,0.0729739510104574
4,-0.21180903835676207,-0.11310274803866123,-0.12392251563927349,-0.28550067753977454,0.0715921121646408,0.10258510583173922,0.04495052522474374,-0.07722567565361008,0.08155045252258865,0.1318048390402877,0.08571572440563703,-0.030996824459270322,0.07644886184609392,0.14552498832255945,0.12258207391066647,-0.010202319726585246,0.07998350819694931,0.14911880004221953,0.12111838215175469,0.00927084223617811,0.08617793201924877,0.031662198589432734,-0.16887699545832424,0.2664194453104158,0.25745453891515807,0.16676269884172756,0.018009354826446833,0.2579137307632545,0.27972735694864403,0.2058336589368905,0.06677708627513844,0.24212119290840164,0.3093528152493301,0.2729578338963572,0.11766801303231102,0.22929609604558807,0.3230129805837438,0.27476237691385763,0.13400756698049207,-0.023104706122261735,-0.2295303538120971,0.30273119103442864,0.31894724619637754,0.18642965049618554,0.013485113496409287,0.25284986651389046,0.355733018322715,0.23787018605886792,0.07205295513415183,0.19104357221889315,0.36428801332636335,0.2953969511765145,0.12004976189734679,0.1490053030485527,0.31581695515376174,0.2695309692988115,0.12724386645380914,-0.19607579655155546,-0.060076641464983344,0.24425228895234002,0.1248959719832298,-0.07341197159841326,0.005581482873046724,0.2864297421421563,0.1904434914284327,0.01989906829175603,-0.026495753213198657,0.23401786722275994,0.18585366586703736,0.02217683033656514,-0.02175435204361764,0.15021535750776,0.12690162074618674,0.0221776491722546,-0.5052629917959296,0.1359563066457751,0.07504815880226681,-0.14984030729575618,-0.30310951460133156,0.16327670401824942,0.12365674518539785,-0.09011673406951226,-0.24386582069588278,0.08391343579085248,0.061805618389020635,-0.11359885180854222,-0.2237793269673545,-0.028611765671290354,-0.03578284664588492,-0.12186876738719288,0.16418111118069248,-0.031028200817826538,-0.260685502562217,0.03954709091737902,0.23136318107343032,0.040335696422329155,-0.18763924726366996,0.03384615906991002,0.1705963470520306,0.028106438043940005,-0.23146095823011884,0.07322586514106438,0.11526117540354269,0.005119647813451244,-0.15600927044707164,-0.4716122673470351,-0.22874262523968256,0.047651450615239975,0.030024339384107448,-0.2553560099496595,-0.2221991124820018,0.027003926398027712,-0.013310696248953938,-0.15342299900887316,-0.14487741656725678,0.04850525931384283,0.046015001198538207,-0.03285233961974449,-0.06229438714059062,0.18703361287198184,-0.07338812556655465,-0.04706285236654221,-0.04913135677669094,-0.046897849780952225,-0.058292085597359475,-0.037080051076267995,-0.04862391917327211,-0.01448476159667828,-0.017925711076743855,-0.00045526131872958937,-0.015148547502509895,-0.003933303737844241,-0.25392962571335553,-0.03551259040217167,0.009022504831837341,-0.08214533795002119,-0.20578753858599397,-0.07122475072346872,-0.04884447565691627,-0.06542518369924526,-0.14588340820403328,-0.08341749165970147,-0.0735766446265909,-0.07508263343109418,0.18972629283936263,0.022484683904363954,-0.19059157501359184,0.035415056034449194,0.18035312034289763,0.0134568215405378,-0.3399511157442859,0.089781807404298,0.10520980268449498,-0.06966423501182677,-0.3063749688815499,-0.3176200308048785,-0.08137385542176943,0.13650041926186524,-0.015492657036940341,-0.2266584288518012,-0.10627447103733283,0.10898063699319528,0.06136551934394002,-0.05108055417606803,-0.06533444440955812,0.2748159324212098,0.0093014228812757,-0.07127532456915464,-0.019237949953802312,0.04722153327125958,0.023725848423445644,0.00309300166618853,-0.006897238170518247,0.020486587029528606,-0.16983470410779797,-0.08072966041143596,-0.0034604521961803534,-0.019916686218734773,-0.12593587723132282,-0.0917349052691369,-0.06839276633092474,-0.05756917981970493,0.19300625604238192,0.04748192320501756,-0.27589316706703754,0.12919132688557855,0.14341319829030266,-0.05004472064162302,-0.3679559049450808,-0.36934955657402074,-0.16118146290638735,0.16592452388707316,0.07703877469318328,-0.18416259864769927,-0.15521970667969873,0.25426471189270544,0.04855579379750599,-0.05470067812054928,-0.027876915515091548,0.03150479573407404,-0.19726030611078677,-0.2200157546336195,-0.12521183304680433,-0.10604577163024972,0.1705640166898384,0.02557747484097444,-0.2342050643850378,-0.42615089866892486,-0.35228430388055626,0.023360938738244824
5,0.16031293270432795,0.07746212998774149,-0.017215974101431827,-0.12440742540747923,0.22050579248877955,0.0403170796514841,-0.019241299390703025,-0.08389819674138199,0.19051140904284877,0.12799770725905826,0.19971187409487715,0.2479044156229848,0.15060304337797822,0.1463151247451919,0.303024739129416,0.40134335169374097,0.0810720769276639,0.14724726274787267,0.2885055026295692,0.3671040476439944,-0.12122418819750679,-0.23171875476034468,-0.29097312449778484,0.07218944234600488,-0.08957924631949242,-0.14143520439658358,-0.18848344101803688,-0.04130031679442201,-0.01400796381120194,0.08331122551721201,0.1518854657300613,-0.14798148009155343,-0.03756862827551364,0.1475831962481063,0.26446965385927756,-0.11437792632054587,-0.042056525676264354,0.13381957219653076,0.24242624973107793,-0.41935375394894303,-0.409198677724039,-0.13590094711642525,-0.07381063778869748,-0.1516035335678424,-0.207982179298278,-0.36353451207952775,-0.022846580256293297,0.09600312120089163,0.1618486497664672,-0.2139628753188984,-0.08670344492880445,0.11704998921832249,0.23113909612777975,-0.012829588560438662,-0.02265270763668788,0.11817983389480331,0.21605577411014654,-0.29090067177499246,-0.40724029741115125,0.05585095727721183,-0.09843071171009465,-0.26838866864348565,-0.24971393855455248,0.03105858822486882,0.16135780330744168,0.20477893411257816,-0.057513624185508594,-0.029271852095864304,0.12321068122352548,0.2058943054444116,0.08648404870349047,0.08991295076619985,0.15953351933983495,0.20986705736165145,-0.5378751082866393,-0.4448798895229772,-0.3664795112963153,-0.5361804444301921,-0.4352344846099818,-0.43134610515773397,-0.10258563222657889,0.004369342477085636,-0.25946500016817214,-0.36107190428214103,-0.23814941745535415,-0.13375579510198948,-0.13579037046491152,-0.17301519324405892,-0.15180433492740972,-0.12712621267513685,-0.4046788590994027,-0.25232694182497195,-0.23931531277152518,0.003423382182775565,-0.19369046450695976,0.0021337626794010896,0.09399501034761404,0.1174794006927905,-0.11979214705827887,0.030569675315775657,0.13499681310128242,0.18050968177245585,0.06698889346045453,0.12228723847784927,0.17183451179398854,-0.26741890813448155,-0.3090261533179699,-0.21217093243374086,0.07736907168633488,0.03686749168756714,0.093510684795279,-0.03850957982452141,0.03779387944729641,-0.020167320434317258,-0.006328781433340385,0.07897693914170442,0.10341296501483338,0.1059652738122492,0.09604118081399224,-0.3130427791647385,-0.1257989306020779,0.269903486534671,0.24204036247363014,0.24802514914877333,-0.019222687359685495,0.14138572933380075,0.09807591707651961,0.04699805198932739,0.05981259046600131,0.11652514848096886,0.13890038036407662,0.15279186119720733,-0.11034053828189695,0.1615747381179124,0.33713468819733267,0.32036114121936204,-0.039480673176746715,0.10262997812792216,0.13046650315087555,0.11436212256650255,0.008550182314726876,0.06320248139521173,0.10949603532555367,0.15317551144215327,-0.1024332238871777,0.08175039826355858,0.15961912671819223,0.20821077734289062,-0.06992952532894192,0.15601563335474125,0.26127067194536224,0.25891826264428214,0.05415633921854219,0.13232817038804562,0.19104227653197656,0.0435260398240878,0.07754271734295894,0.03298119722294147,-0.00331014000090737,-0.11906057683149665,-0.05841067753874686,0.18890272430711422,0.13893067946670976,0.019482336213173124,-0.05226499297168549,0.09770389650971283,0.14831012811018507,0.07910104729439334,-0.1084817695670529,-0.196868535707494,0.24274510143861336,0.17065047805013142,0.026067390487307936,-0.04430957625828054,0.20570877840202248,0.09074875338999171,-0.07860565270330924,-0.15583412765278454,0.26909479933844355,0.17617740163536114,0.03964933171664945,-0.03332874158785602,0.03867908824280674,0.2820506017618484,0.3733018884040611,0.321908246711225,0.004701967354757856,0.1809284436913782,0.26073867163273584,0.18685730479769572,0.21755090723940904,0.2734264219513721,0.23560359023533015,-0.0979099871190093,-0.22284282511729872,0.21151030224503356,0.446153738377044,0.4082985346751572,0.01892539213787354,-0.19827106142979709,0.5166791417529424,0.4232794357806364,0.13409584021208223,-0.07600173636114263,0.1939258309080739,0.3801078201915679,0.4385145280237003,0.31628643910847026,0.2977504834557857,0.20405989368113586
6,0.9310530850534289,0.36708521900956176,0.13892075040329901,0.05829607571850961,-0.07457432703451718,0.02587003475855189,0.1278370710379459,0.14466229626049953,-0.06157489249252981,-0.14323440532704773,-0.17177303796311552,-0.23714634842705623,0.009313992373013781,-0.049860982435909904,0.03982948739314782,0.06572648462864769,0.06358022390453053,-0.06720686913790169,-0.06436306007153234,-0.08382847303726315,-0.025180115010013625,-0.023594455103079937,0.061691679869594,-0.285994708693487,-0.08980384616834271,0.045894786805273445,0.07894460977198604,-0.12239279816664393,-0.20843995760238868,-0.24322801732014324,-0.30384624428572143,0.08525572301763114,-0.0816135606093414,0.03793150122172734,0.059021262023364274,0.3208086143412846,0.11243756155165839,0.12936139964641805,0.10036618950141189,0.07748729424491023,0.14425767327106606,-0.03215741295034676,-0.102447980614956,0.021951696025823555,0.0695846848302295,-0.04491668747590438,-0.25501393356372287,-0.2860325493117057,-0.32793730101050633,0.20716492364353262,0.03664193707517701,0.13333751109755151,0.12970972630547878,0.3740727293597891,0.2865877427220648,0.2998027655457239,0.2503558811655145,0.2158509854696055,0.41189906684172456,-0.01898205848110318,-0.06951537113966902,-0.0635054977154174,-0.05787988128941478,-0.29089492182237014,-0.3300848157572738,-0.3472547598975505,0.04545488721040454,0.015536316881566214,0.053556443024198826,0.02267689524271096,0.14612703153970305,0.18326175539363898,0.1928332177427131,0.1605155259810505,0.5413301145786906,0.2424557745743282,0.07490463464497964,-0.006192705605060898,0.03803558196570471,-0.47033606944089934,-0.4925984312552205,-0.380512484793716,-0.0648417765987465,-0.172200967055894,-0.1756153595077001,-0.16515709991721808,-0.06044530846230126,-0.019651213192978287,-0.022189218842600385,-0.02174171960475559,0.038427593724999785,0.22273415747165853,0.259366605501172,0.5486213975976933,0.18342223618337947,0.06210809009948501,-0.11908439328349814,0.5417165633917687,0.41110704081821237,0.3174465994700795,0.19852827955510235,0.4082791353391875,0.4210810450765358,0.33962571432301153,0.252685771360705,-0.11723201987426428,-0.004771488685931772,-0.04828125794351407,0.5649820191702695,-0.11490820131888305,-0.18710957018803523,0.10526714440296417,0.28682547959063454,2.4929189509043167e-05,-0.030807627239609777,0.11548895258646315,0.23830943126200285,0.16057084136304042,0.13750429625360366,-0.06469077263153657,0.13746581586088052,0.5259956586290603,0.32365311878186576,0.2239160557346268,0.15434725794042328,0.30949070523992617,0.1192994472259676,0.08580253039643922,0.13857862764961035,0.27363935109716825,0.2055106461371707,0.16942995975200395,0.20491066998870827,0.32665095602631367,0.34922919895936794,0.3465230290025938,0.16474630959078954,0.21511797950092845,0.09903484233784013,0.08576999686188555,0.12383847547763437,0.21195468981050763,0.15893326799586527,0.12769344275269154,-0.336106495465794,-0.1437432879705109,-0.2095318153938826,0.4799361497177358,0.2081243439150429,0.24740045271691688,0.17517958322378868,0.2741570181820237,0.2915368311226494,0.15987387425915678,0.030488726482594267,-0.4413727182039697,-0.31155861354277875,-0.5474374655713188,-0.17474149921038798,-0.4788032822148288,-0.36687472281225525,-0.33622827239002506,-0.10912888156051075,-0.19261369140912118,-0.19331232646002133,-0.19441589245144134,-0.44774202813395786,-0.0782063512086631,-0.19766006878121797,-0.29691129889554296,-0.2520182258999331,0.002473025957761232,-0.06416792037406295,-0.13407133382608985,-0.40528719826183285,-0.04683951790102396,-0.10669644932492335,-0.2385558587766689,-0.17607314530510354,0.009246729180103861,-0.05358328986441208,-0.12989146462450804,-0.39509113694505493,-0.09666773509266488,0.038489617401155155,0.03852216707483633,0.08369164019914646,0.056797471661577136,-0.004041465608254606,-0.1873277255307111,-0.07464576695008862,-0.4718489150203229,-0.02358112261415955,-0.18028006174932087,-0.12783889017804415,-0.03886687525055071,-0.2516872196256998,0.05683313386414706,0.1007944099231017,0.007821980066606232,-0.07041834885141293,0.03955893061322729,0.04942119771804331,0.013391681424931162,-0.6430473511518557,-0.4041960518883438,-0.12063484894257621,-0.11489746191227293,-0.045561518786339524,-0.11602037649198725
7,0.2156386252700786,-0.07150495649694232,-0.20023489203153247,-0.13118717034637312,-0.22640576939093052,-0.20994253039069127,-0.09537021117603756,-0.041889897562193606,-0.2717158803700933,-0.14814236265549918,0.033165727815990725,0.11974224656863075,-0.17085425725586117,-0.15158970253298792,-0.08406702016638293,-0.06046289028614314,-0.024177386189802724,-0.20311292697440966,-0.07107641145746971,0.04061736862019412,-0.08434592733621482,-0.0492727843022255,0.04972168384948527,-0.3642184305242603,-0.26590318504226756,-0.11205740225478898,-0.0417853018303203,-0.2280027224052643,-0.16430802126258431,0.02446240484174717,0.11787426339614315,0.055199185608895814,-0.055947370777704224,-0.011049998946538965,0.012487925505925186,0.267741255079743,0.03457599427599563,0.14465353330809508,0.2651812780679197,0.0795493362581173,0.154899385908921,-0.46124393144500897,-0.364155037333398,-0.16535013923679942,-0.07826178510819533,-0.3080380074687083,-0.3027675208402228,-0.07766673107726878,0.03979667517537718,0.010311496628829487,-0.11118903481514873,-0.08713520670240144,-0.0711920618220658,0.1912754720556497,0.10298551546534944,0.19812130710614054,0.2950567791434618,0.1565347851925211,0.559757429628721,-0.001537997786222965,-0.012974104747930716,-0.013949538007784803,-0.19129820901516514,-0.227017810706464,-0.033123437523360146,0.056237110231029015,-0.20884554240819556,-0.25594124439699956,-0.23026114289276087,-0.18876263369360688,-0.07275432693635488,-0.011076478684451947,0.0781641206773936,0.13716741494522314,0.7204050635327107,0.6592367144599224,0.37616730232183837,0.18177290893966055,0.25759650034861314,0.1393761013486966,0.17211194940509947,0.15439297073866712,-0.027248121121496723,-0.30934856388050286,-0.0615381125446246,0.04100668552634285,-0.08852434538351608,0.015229586955768907,0.1161227373085301,0.14236895305309477,-0.19859056507101105,-0.027640234106457825,0.009764523849668713,0.45348387900508497,-0.1664158866187418,-0.030601272337518318,0.04216934612453316,0.47932395794177335,0.2545846328052819,0.02965597916897405,-0.15943077878793357,0.38158776317621673,0.3704723956216612,0.30555661498852416,0.27481745130227814,-0.123813541634455,-0.19699709896193343,-0.08699293723106558,-0.06113839414308896,-0.2957488868227694,-0.3365802212150913,0.1034128224955099,0.24770137123968722,-0.005742402771221064,-0.12216841376005677,0.13287029040355974,0.2817748604280331,0.2082691799344593,0.17514282166070835,-0.3071438913708133,0.008965482312730932,-0.11292040012007158,-0.27678121314368836,-0.32808078778064975,0.09486931572047787,0.18991394288042518,0.07825123677327259,0.03204107464249208,0.11977361794759983,0.2713017954505358,0.2098668096919564,0.1732665589654645,0.03314132216454134,-0.17841454221810282,-0.3256411348072356,-0.3258993327251255,0.06607492190548994,0.10062034785443155,0.06541515858655637,0.053212103591257394,0.08377196305493025,0.21323065066762206,0.17103425787036913,0.13830844283188842,-0.19653570829197792,0.033550585571068235,0.1069204270804941,0.4512101025699889,-0.021608794550134248,-0.27908062755887136,-0.5388994314790176,0.2926655187304052,0.20306959291281693,0.023451090601622888,-0.048208446845377735,-0.3386997284417205,-0.48368186360060167,0.0441027606920897,0.34315372422404716,-0.11079684363540776,-0.24600823670812316,0.1449380416720672,0.38459873876072986,0.210854117995611,0.11972477445930159,-0.4655002409325207,0.17163006461834526,0.4004026288142764,0.2806907311870163,0.19901610387785992,0.22495070672615758,0.47433401044898205,0.3749740651674896,0.2886081147479164,0.1890300592140193,0.22901167429425193,0.2860049606355835,0.2770729626695039,0.21274449469279072,0.40307554645647536,0.36039747153193585,0.30143487795220486,-0.22633232752616095,-0.35224445100355956,-0.5375948175629729,0.12049672267091718,-0.1525287278727059,-0.34930083029169734,-0.4046036852312884,-0.7141927647202744,-0.7105395676097407,-0.08794148340028746,0.3981563851257609,0.06948966887578892,-0.10202164877499376,-0.5802398072684832,-0.014394792286102985,0.26927477288685714,0.2532431710082743,0.09479207519413196,-0.02302573676054171,-0.027415158762424455,0.12180629971905395,0.1402120670190559,-0.5296702520107018,-0.3753440821638789,-0.31283031514839976,-0.5773577816785899,-0.7528208923730432,-0.7668419326892715
8,0.9284563766093088,0.5774261559756748,0.501723207283359,0.6133023410522939,0.3758389159351257,0.2149247711685049,0.2158276354703824,0.29637470274976996,0.27381935045248124,0.028083425310269684,0.04427872442635712,0.1684250456460097,0.21348516903847678,0.026109405876724716,-0.031604426986654985,0.06542082329229429,0.24431727855202573,0.33604054832897806,0.41842072207626735,0.5038198452573462,0.31242139914480216,0.37392104324360914,0.5764883953011873,0.29713631808037,0.16510622238738082,0.1604730830296706,0.25005682852244576,0.2752073242976561,-0.005963812711175544,-0.01486882751726274,0.10605337259866406,0.2916008075951435,0.018512066379308217,-0.07034420930486766,0.038048497519617225,0.37438072596544275,0.3360557632906465,0.36993692582041765,0.42865538708733586,0.4358310477210756,0.6928865109617769,0.2616962568518874,0.14269321196934456,0.08283303020987945,0.14388962516727513,0.3277343872725804,-0.06460810280072461,-0.14520900484135918,-0.024193671033514472,0.2785357938574751,-0.034052345260879864,-0.13859903747409177,0.022334981575879695,0.2928138684575818,0.1738243072087235,0.14497744333331328,0.17748401951567938,0.8123154684275931,-0.40897092429169424,-0.24994075660210865,-0.22846625124532705,-0.024537557829300678,-0.08382015139034579,-0.31595663707269883,-0.21265670196366077,-0.08934348335843927,-0.022728014277920146,-0.2185676570277777,-0.1123384320861653,-0.002634682864602193,0.041516639085368005,-0.20297367276076103,-0.34660955212038336,-0.40359585950909127,-0.24980298864114292,-0.5470833767508378,-0.0642953611514809,0.04142240555427303,-0.042028680768540556,-0.24171354280898286,0.0068900832050017595,-0.10526903080588089,0.025955016154750293,-0.1376864980540262,0.13327047604003914,0.11357768912070738,0.058037692198441466,-0.2874169418301104,-0.5369516162604177,-0.7066982373350494,-0.2601074580076599,-0.1925799684693411,-0.16207468986089488,0.21265622408235696,-0.5631321443216294,-0.41479261190250927,-0.11632660521257358,0.12880448213396456,-0.45995660823312984,-0.41507853387654353,-0.14300281115516833,0.14190140565883677,-0.22418339435123583,-0.3697647522942893,-0.360190009702085,0.08260020591896923,-0.16034985780621624,-0.13369573723477168,-0.07158403799960904,-0.26550645867465017,-0.5669118827675558,-0.042838547366000304,-0.12309129935906589,-0.17127062482682762,-0.4737463399520385,-0.0189431399558497,-0.26788959004921187,-0.5061220617464414,-0.7221623367065945,-0.5046011829738699,-0.047003291917346667,0.13734082573053477,-0.14136829618088,-0.7373999607511272,0.056014707023757854,0.046660237502163096,-0.0171379618669758,-0.23645391087916617,0.11092285223992383,0.025486057951097776,-0.03648187201924642,-0.11492903701638525,0.04332292837633077,-0.02246718080984006,-0.14078144291925582,-0.2634578033140018,0.12804639836515144,0.03034617571222293,-0.025206753607319523,-0.005643310083168875,0.1940682373902321,0.11639246799699188,0.08407855856408301,0.07385889537135068,-0.5416335769079507,-0.1656437766622045,0.07469490620721825,0.030997430885407472,-0.5714151718296279,-0.2696277988777783,0.15352690033302083,0.07150400309906317,-0.40408272389341926,-0.369342820860816,-0.24815953851816283,0.05079491081716164,-0.36486934927662545,-0.36439553905814165,-0.2721395530086499,-0.42934877534921884,-0.6845034373556708,-0.24665283227405313,-0.43027366488445856,-0.6309950575995501,-0.8609133720044708,-1.0368863840078422,-0.02498535832149218,0.17002312697882618,-0.006325006185785211,-0.3644295403611384,0.06288900882744942,0.1872255753269524,0.19847973899276847,0.10508058858036406,0.1400634044946486,0.0749346726709192,-0.08802385843569299,0.07992874485388127,0.20060084743626783,0.26258352294084564,0.3033490947604395,0.3305531001635213,-0.4177825470796383,-0.0032449696964260023,0.34842709832550217,0.078067326301861,-0.08287117600955779,0.08087519658849543,0.17845410497091482,0.25613252113935975,-0.12803812251400323,-0.298824797280706,-0.3656006529889809,-0.7444158672837333,-0.7427463145965947,-0.8229435978660222,0.10720367067972165,0.7599630896189249,0.8973729134274437,0.46013685968369855,0.3820082823636279,0.6719810022643743,0.8866349784166263,0.9201446973625742,0.3721600272989465,0.38639604893988877,0.4545744105285689,-0.2686389526065132,-0.29363550550568074,-0.39824537884295647
9,-0.21996405857959894,0.024044080192977962,0.2905650863157112,0.4379514462429106,0.05074456112249288,0.17752080411463753,0.18337354948989912,0.16129297702342843,0.04255544974535614,0.17953072532696943,0.13687889958154278,0.03834327374988413,0.047652681405042904,0.03550288875671832,0.1327671557528499,0.08470697548855116,0.06688481337375306,0.07943849434480935,0.28877330068193624,0.38660051801312945,0.15537324534856695,0.3837871397874562,0.44042314177914205,-0.04672418318974172,0.14635912493743222,0.15874839844411273,0.11992875304218532,-0.08734860415281745,0.14416306803866943,0.125468805894523,0.020402094428282867,-0.09736495396796359,-0.0588780035656048,0.07317628679931487,0.023480031941885034,-0.13238461213460748,-0.09882822702077798,0.1376636999456561,0.2685981386398185,0.509075601999546,0.40735979168983116,-0.6612066207977572,0.0193895221926746,0.0888631355880201,0.03831593147176087,-0.4223626058831373,0.05295570913275077,0.06140933103449056,-0.08731972142365213,-0.2892329194770122,-0.19481074349140254,-0.04322359507084994,-0.12715637910856775,-0.239986019199606,-0.26005876737030037,-0.035572891593376545,0.12475420216469879,0.24705423850723657,-0.21336767947636606,-0.474271033992398,-0.09920645603516444,-0.06434031173277946,-0.04842667068447267,-0.0937409631460045,-0.03442439913126216,-0.1952110516762029,0.006082503052309718,-0.09765240631545097,0.025039508847178663,-0.012042067181789294,0.0006633623262435904,-0.12451466142273243,-0.03397380972723651,0.06001471713169295,-0.015369419172902821,-0.47649161500637605,-0.21670585925836194,-0.24695131142270957,0.26942539284579786,0.23811781845877414,0.18665116442347043,0.02225814973670944,0.37731926347450717,0.4013332484993544,0.41815204797637345,0.34700907317324364,0.3659218778041768,0.31842217023820024,0.3092523348392235,0.30912432507444604,0.6133792626479555,0.42755514387540416,0.21748260092434016,0.07628036342264591,0.40850478269322754,0.16927734658937882,-0.23910683853587847,0.07556982090367641,-0.07757601936134861,-0.14140370672673105,-0.2844090448544751,0.02911151974513444,-0.0973361793609906,0.0748512663955872,0.33136625175438694,-0.22241060522825426,-0.31574879474896606,0.3980653755651078,0.1922395776066351,-0.251404388223546,-0.3412431394852302,0.19220106844020587,0.19347054850412715,0.14614872105108212,0.07014231234582041,0.08438912857444292,0.029528321455952803,0.10480374985526782,0.17502374775986232,-0.3783729946857147,0.18826421831250376,-0.025507847117504586,0.05275210387381788,-0.027761937243569214,0.08064779717403663,0.2253943114246805,0.23300375537371396,0.15555041961046692,0.0490040938544309,0.09547375507546677,0.21360488573174524,0.2875694156646567,-0.016882870013980478,-0.017673729267960448,0.2206838158698684,0.1713948912184815,0.044093264665549005,0.29785087595429294,0.34480147969078007,0.25167645845464964,0.08825771883756595,0.23084021686924358,0.3688090558874432,0.4376141503516944,0.4236486882443024,0.14002201171356077,-0.288765048502979,0.09226595326254144,-0.16613273617419305,-0.29654365977684677,-0.5765328836971769,0.02387101880005657,-0.2721365913482242,-0.06925496487450773,0.3427829180662015,-0.7258458093458645,-0.36521782819204346,0.24380561659258537,0.2400962707712295,0.10297212927586603,0.04647974253199092,0.06129016936550856,-0.03545057605760026,0.12600358999561817,0.2223148974787771,0.03730860918376264,-0.07644724501154868,-0.3584569358328686,0.023102977241040597,0.04130484900954232,-0.1731950346087054,-0.3221135296184933,-0.06861919768270636,0.08540091341363423,-0.34752730318292674,-0.49724725140939047,-0.14321643897905506,-0.046800812667852285,-0.3040373426786055,-0.37542710176432437,-0.11671674590661749,0.06406803860898345,0.005980419679719611,-0.034746734576881606,-0.550373443100475,-0.04617854145562247,-0.40092696816273443,-0.11238019877630073,0.3058814368792754,-0.7649651489461402,-0.4506214264927989,-0.11723407025878112,-0.47418679461170155,-0.03374977215387745,0.10753122842719114,0.007081844179407419,-0.22130337833477795,-0.8010819583545188,-0.12812696017934808,0.1484381364625322,-0.5054161376864342,-0.6851967057424181,-0.16676401304718735,0.20854448901806844,0.1383144755394173,0.4659755615120751,0.5532610061682204,0.22883917603588033,0.320221005590576,0.23117663106732092
