,d0_1,d0_2,d0_3,d0_4,d0_5,d0_6,d0_7,d0_8,d0_9,d0_10,d0_11,d0_12,d0_13,d0_14,d0_15,d0_16,d0_17,d0_18,d0_19,d0_20,d1_2,d1_3,d1_4,d1_5,d1_6,d1_7,d1_8,d1_9,d1_10,d1_11,d1_12,d1_13,d1_14,d1_15,d1_16,d1_17,d1_18,d1_19,d1_20,d2_3,d2_4,d2_5,d2_6,d2_7,d2_8,d2_9,d2_10,d2_11,d2_12,d2_13,d2_14,d2_15,d2_16,d2_17,d2_18,d2_19,d2_20,d3_4,d3_5,d3_6,d3_7,d3_8,d3_9,d3_10,d3_11,d3_12,d3_13,d3_14,d3_15,d3_16,d3_17,d3_18,d3_19,d3_20,d4_5,d4_6,d4_7,d4_8,d4_9,d4_10,d4_11,d4_12,d4_13,d4_14,d4_15,d4_16,d4_17,d4_18,d4_19,d4_20,d5_6,d5_7,d5_8,d5_9,d5_10,d5_11,d5_12,d5_13,d5_14,d5_15,d5_16,d5_17,d5_18,d5_19,d5_20,d6_7,d6_8,d6_9,d6_10,d6_11,d6_12,d6_13,d6_14,d6_15,d6_16,d6_17,d6_18,d6_19,d6_20,d7_8,d7_9,d7_10,d7_11,d7_12,d7_13,d7_14,d7_15,d7_16,d7_17,d7_18,d7_19,d7_20,d8_9,d8_10,d8_11,d8_12,d8_13,d8_14,d8_15,d8_16,d8_17,d8_18,d8_19,d8_20,d9_10,d9_11,d9_12,d9_13,d9_14,d9_15,d9_16,d9_17,d9_18,d9_19,d9_20,d10_11,d10_12,d10_13,d10_14,d10_15,d10_16,d10_17,d10_18,d10_19,d10_20,d11_12,d11_13,d11_14,d11_15,d11_16,d11_17,d11_18,d11_19,d11_20,d12_13,d12_14,d12_15,d12_16,d12_17,d12_18,d12_19,d12_20,d13_14,d13_15,d13_16,d13_17,d13_18,d13_19,d13_20,d14_15,d14_16,d14_17,d14_18,d14_19,d14_20,d15_16,d15_17,d15_18,d15_19,d15_20,d16_17,d16_18,d16_19,d16_20,d17_18,d17_19,d17_20,d18_19,d18_20,d19_20
A,0.2524182736905178,0.3041166242650437,0.3708122814166753,0.3442286126794783,0.17079429506509958,0.17031150159951147,0.013799913563835241,-0.029339471665277676,0.24489986106000364,0.15998277542072636,0.031538953239198114,-0.00931583919775117,0.26441317020584687,0.11886001890407914,0.028215486125069585,-0.008420721123784322,0.27924698766433614,0.19146987654840766,0.03900531197210091,-0.024431890441860154,0.2754175081407036,0.35139696749004096,0.34557309811049536,0.081449976785097,0.062212971502109415,-0.03237108652068733,-0.05186109716401856,0.12808296054173865,0.038700141186821135,-0.006269250957976269,-0.007717428995904485,0.14223632654707882,0.03362657279930057,0.0010723649709681693,0.006226470681126561,0.16224307715073677,0.10243345215223397,0.01567874025464089,-0.01978404281807301,0.26083787517047957,0.2800764406622774,0.06444972739485624,0.016241219726000032,-0.02773864751655251,0.005104117329579609,0.10167483059631609,0.01221964694075675,0.013556717154472094,0.048950495727622785,0.1147240928068706,0.02967426442219468,0.03215426675299261,0.06763224014465166,0.13499726968011713,0.07945401906051795,0.0372673440833034,0.028196235696876442,0.2515740035711696,0.19819849777667048,0.03744693355512426,0.13074186572117402,0.122230969418538,0.1855784696604242,0.10448996765408415,0.1362055528626781,0.15077341106222827,0.18956611077447902,0.12744707109794765,0.14212166383598696,0.1735688260446234,0.21803892494406144,0.15965023909092887,0.13468512635827917,0.13984415457584648,0.10332053143427235,0.002721109860775516,0.16491053683447904,0.17592506027951935,0.22604296396498633,0.16876713137957344,0.21034480887734933,0.22436011731871244,0.20822950360692982,0.16453664974029814,0.18838666112557176,0.22013217468012633,0.21418356011058004,0.17312516603074365,0.168132918582792,0.18552839303080534,-0.05353856266878463,-0.07683383371366598,0.0002509313280886511,-0.04802785385428351,-0.28038178676093023,-0.08462592744675661,0.03773418353721913,-0.009134809607461923,-0.2361619141762241,-0.10549857629161888,0.06866448120023196,0.022589566400489466,-0.0675593564267072,-0.13198187133750136,-0.06668707784070071,0.21284468572761064,0.2641626200932113,0.017430704563143617,-0.0923879821453281,0.00717304118357451,0.1258714504539789,0.0434430232690934,-0.05413958482066771,0.00783839044502428,0.1112149409084693,0.06288286944987713,-0.018309677514539862,-0.025055006696038506,0.025965294308880074,0.20584331573677772,-0.008775606657703893,-0.03275426420731356,-0.04518228976197184,0.02067630795115669,0.0032354186988136522,-0.06048116185629002,-0.03747874973099051,0.01950488149241748,0.02871370859998813,-0.01414914343053732,-0.054899609887085817,-0.04546705634099725,0.023044407856006508,0.05514618466786772,-0.037756034060402455,-0.031260139069766615,0.017732783467900016,-0.013130462249688921,-0.0476576553502835,-0.02663837206200202,0.022685552592336154,0.010533767879146618,-0.05239475598515507,-0.0700954206143126,-0.10587617615666177,-0.01980333665234026,0.048273301553546324,0.026290935287689072,-0.2628239889299845,-0.04400139317190755,0.10096100916308835,0.05443250956201797,-0.11006458951345435,-0.1930918803126836,-0.07086098429532872,0.12002498534989366,0.19311598984359807,0.08329504210734867,-0.0036135159199097155,0.05326750965831347,0.14849368897298998,0.1291366345662105,0.018094941618013168,-0.020207082733455374,0.03542651983152873,0.1432836891338261,0.035864894779220335,0.014584275769662772,-0.008642651540941237,0.05332472671317281,0.061973058948090555,0.042744682642126115,-0.028339431140463254,-0.036480163143016386,0.04598957896855964,0.0543417986612162,-0.006436962335344852,-0.005717494628728485,0.04761468869775931,0.054496009615453096,-0.009530802631963736,-0.04254162883268781,-0.12181850624840149,-0.0010221331489719048,0.08378170530007255,0.07900275770891643,-0.16994396510299029,-0.2119015557128921,-0.08581395323287518,0.10955133271589251,0.18118832774673746,0.11677798131367248,0.04432295904249353,-0.0780687335891046,0.02513598576935137,0.1506155391214268,0.06939086474287452,0.11830340411505331,-0.020332630618252055,-0.07836923192303653,0.07677063427666214,0.13660868557017394,0.01969190865299621,-0.05039528262951738,0.03667000310966451,-0.16310425772011838,-0.07730843828520385,0.040520943796060166,0.1623088444798584,0.19962801894492282
B,-0.03742991918633159,-0.03383538284232037,-0.04221391487232224,-0.08148547968114205,0.06740713551345436,0.03222427637245615,0.06369973809399258,0.07053210755757633,0.04254862672772255,0.021079779253402257,0.07053014495676918,0.08534662951191006,0.003208243410568678,0.046656607177341144,0.14363253706096818,0.18103343040344244,-0.051038340891719804,-0.008487568726715492,0.10703008470518599,0.16085475132493743,0.027614496382287246,0.02289119353529662,-0.05163749401057259,-0.00803944633791751,-0.001169985087916072,0.05943174224635421,0.07287251437445474,-0.033269032323001727,-0.01445177684989107,0.06379111916946571,0.08600880919136573,-0.04771178071581373,0.004096865829105226,0.12580254765048182,0.17658999440289788,-0.05528058168202976,-0.030573417607209216,0.08300328231612002,0.14493233925282145,0.0695726573154064,-0.055657315762638104,-0.11179849851555033,-0.07200575827269728,0.03400910323274164,0.06595600604955398,-0.11028805960423739,-0.07330001490844781,0.033949159646387964,0.07609968472015087,-0.1041045439713573,-0.05965788331493577,0.06977704102215915,0.14272607457589964,-0.08630811221381074,-0.07349616437114201,0.01792717509635554,0.09085776014246974,-0.09925015503790717,-0.10120269978465653,-0.07887523680798271,0.01391252613169356,0.05501107966725586,-0.10197616765645742,-0.08199420474961759,0.013122650377914422,0.06635520954597286,-0.12893097548081742,-0.08287212671619151,0.034587388814011806,0.11159086084054894,-0.13139080007720805,-0.11304756495173111,-0.02848696317508707,0.04928496560182036,-0.08716205606972305,-0.04499950415892072,0.027533174797211624,0.06722169384360063,-0.09713419342385941,-0.04807053756138811,0.03282329484860757,0.08242316053077045,-0.09380264146708131,-0.047284513756092904,0.054441850616965035,0.11775218458247314,-0.12261096138013935,-0.09090077905960214,-0.014490757555365961,0.05244305754639354,-0.04195606130426787,0.03212885119401049,0.04849109800875205,0.011520460336081954,-0.07679905458487239,0.04162359119463729,0.07578813848099253,0.02857311190917101,-0.08655076950538265,0.09647648020711494,0.16736683495686233,0.05029716428170238,-0.04632546337949356,-0.018058337406881286,0.04873697502716814,-0.11301784238192927,-0.06905693917679817,-0.06492034876790731,-0.06123766591744811,-0.03913563380558571,-4.30699591934774e-05,-0.027130477960118173,-0.06303005889374792,-0.07661541079852294,-0.06354529105125942,0.031613045378275015,-0.007019213890858537,-0.08017853067379428,-0.14100064566189605,-0.028259090208068077,0.013069591144198816,-0.12884432475818808,-0.0462915448038745,-0.008714091279178054,0.011170255776854873,-0.11291324378406477,-0.09468855977900502,-0.08409008476357718,0.03998915661851271,-0.029558496510691243,-0.08329605567579172,-0.13470704072446626,0.026483899407470403,-0.12336098569855818,-0.0777368378168544,-0.03511619299000953,0.022609209397504285,-0.1154999864449631,-0.11557360133379162,-0.10672867936346654,0.04168868000154362,-0.033920589811526625,-0.09488820829489925,-0.1399590893553528,-0.047482224015148,0.04304544618153179,0.06946090762350093,0.04554982612232905,-0.08309011674012232,0.1172292316023399,0.17222127091880218,0.06730351295390405,-0.1514188508790009,-0.05809573497214792,0.03858220084537902,-0.07419428574879607,-0.01239332741487913,-0.006802367478756836,-0.0717423406908709,-0.13132317227725776,-0.10545497382982583,0.05157654206896768,-0.009080539195038623,-0.1482958506571665,-0.2622736311216761,0.022984185846130586,0.049256337155776986,-0.06206870786855926,-0.096987547581802,-0.11558198306181743,0.06985148916506165,0.013679455310521709,-0.08004388736913645,-0.17432004793173628,0.07005039081678634,-0.033777684505936274,-0.07378896785484367,-0.09759107951970201,0.0807829629208775,0.027574556788612443,-0.0536743376145935,-0.11827038062314799,0.0381319329574337,0.1617012338321893,0.20213114805025767,0.08066177833805768,-0.17912769153442556,0.05214521324026556,0.12868646486321314,-0.019262331348245343,0.0045802287173544514,0.1362660479161522,0.07762841910100898,-0.2927184678824904,-0.3917923861700346,0.011749596626892355,0.19906340866971595,0.14533438448132072,-0.03273944266548389,-0.23124613693995497,0.22611232075850782,0.13989831785798407,0.0076014433553379815,-0.08857195719792389,0.026302199478229104,0.16375779266672694,0.2343149568092211,0.05937137677842661,0.08313187502366805,0.061728607402327704
C,-0.05775239506915902,-0.08336275024120712,-0.04669467880070501,0.006689323918936395,-0.1761788898488318,-0.08451139635635138,0.01367336096507672,0.020595098286508365,-0.12320813867838715,-0.002225896148454124,0.03937416142716315,0.027171156965346978,-0.054109546399838504,0.004793221505352358,0.046878180447706294,0.047215414203069336,0.01869339250241291,0.04513602430145144,0.04605732116703002,0.03784112051045078,-0.10048492727873856,-0.06898668629937543,0.003337110625400204,0.01467073558296951,0.08663667176291304,0.0712947275280061,0.05223642039006607,0.04209041382395289,0.12557564093385173,0.08521230506454212,0.05293866155607058,0.055699081047230016,0.09336451819189327,0.09090567547212809,0.07643739069457962,0.0634619230056182,0.09451554549959831,0.08220809143674028,0.06405858541017931,-0.10614170945642959,0.019588525679530563,0.12809827569370327,0.1973288210898598,0.12821053012192668,0.08734730291932621,0.09929388799887492,0.18156747746154267,0.13307991276465736,0.08268543920224657,0.07909535889805686,0.13259688811694606,0.12662210883099886,0.10641001037030799,0.06015147581532856,0.10262322600292864,0.10224503485417773,0.0885174676989599,0.1275395744609693,0.10031316163218007,0.179177721792204,0.1372937880645501,0.1076178862802929,0.08985040795408777,0.17252711967870604,0.14507387200462774,0.09967101945588576,0.08607954210162493,0.14480281264067657,0.1368109548540527,0.11409565528958016,0.07393368761135088,0.11483638767575163,0.1141560370446991,0.09921099225599447,0.10264338619265621,0.14889521938856348,0.12570757077328013,0.09342382246638974,0.08832847497148313,0.14766675986702577,0.1283187153852417,0.0783577417251477,0.07913342498749548,0.12426570996623472,0.10759041562462465,0.07545371359789806,0.0741387676492448,0.09815625387754211,0.08986915263171034,0.06545237356856763,0.04563685510253479,0.050197904077314955,0.039021899010152225,-0.10123647386230711,0.15927245577773982,0.0868136560615888,0.04297859916254304,-0.09409564184730657,0.05940982530176747,0.10344609791801965,0.07395626226617066,-0.08727567121349897,0.0021078365192412764,0.04332886004090716,0.04388612978717193,0.14388393785180123,0.09651346933726244,-0.07367764777180358,-0.026044107599023578,0.0361473898138804,0.010469333768500358,-0.18606447314030164,-0.09780588065822478,-0.024844100638061896,-0.022434892545388743,-0.20353675089643536,-0.16672806425851616,-0.08845050221790852,-0.06487490657914316,0.05270406324849729,0.01838836913731085,-0.0030436089844227293,-0.022271872601506145,-0.025540669425503905,-0.02733053940512682,-0.04964484186210844,-0.0675367992959232,-0.060826763287352426,-0.08477762340247119,-0.10654862380769596,-0.11601278748169236,-0.12007808162537761,0.018330688710904562,0.026315413987581943,-0.0010793336478946494,-0.03252864301539991,-0.008983233982700903,-0.015189548280308699,-0.029665189657690022,-0.04923246129098351,-0.0461525986554425,-0.06812719482271079,-0.0737616327825928,-0.08556292822844148,0.06956706340463875,0.05224986647120147,0.0267690609543965,-0.09195158059973499,0.05647919421905806,0.07869619057668628,0.0615416790589023,-0.11138088766523369,0.014457855994190826,0.06652742759922364,0.054290270241174894,0.06743692123394125,0.030584113237390985,-0.025345085774853855,-0.08085643347300452,-0.019299094858932705,-0.00316584356017576,-0.11134904279163968,-0.11753670843021287,-0.07263734763889892,-0.03510228188687698,0.024323907208828818,0.022652865848351564,0.002154307199922083,-0.03205251565437937,-0.021788161343779977,-0.01707767454563148,-0.05070875941833442,-0.07031282023645305,-0.07045524237629891,0.007293494459708686,-0.0003023668767376222,-0.01476972962696249,-0.026698929491111762,-0.01951916517523979,-0.04343032080500178,-0.05166594617993162,-0.06207353230582662,0.005660932794377556,0.049617048383837625,0.04021474683918097,-0.1309824227369413,0.06535891973482219,0.060797254547077746,0.0456810541344886,0.04817538430855261,0.028669255713182323,-0.07720397424019645,-0.12264160678216128,0.0076977164983982604,0.04761090149864211,0.01379525035206375,0.007368711407938971,-0.04796061299583914,-0.08356151028339531,-0.05137953198363417,0.00832909783277031,-0.03841275095863878,-0.05769907938254705,-0.0643877591161476,0.012619563750549125,0.02263455541973036,0.017141727014736236,0.02880462282988598,0.006735753497096431,-0.019876701976477035
D,-0.04100609008725373,0.003580643863086694,-0.08090825316021692,-0.1480764921464051,-0.04817083252746853,0.038326113862531305,0.14062664697075075,0.15422035613195342,0.0878637786719948,0.14841050777842435,-0.00915474647346045,-0.09631479355989096,0.1438679144402964,0.1970837270102013,0.11955272445906284,0.02721271740044534,0.0808445652889133,0.13609541697727007,0.10011329441764581,0.03273459442535937,0.04784232876914191,-0.09207116961028132,-0.1756518143040797,0.03781956905753053,0.049329211197951986,0.1327896648768413,0.14547308943135015,0.17333452150936476,0.18508084576702374,0.03537504819539285,-0.04272452884538916,0.17896693454883275,0.1985596767405292,0.1512111167544187,0.08488243492918186,0.10540446859013207,0.1452647806059622,0.1282444369311783,0.07241731230276968,-0.18426347821798753,-0.20421153538742962,0.0022538377011484807,-0.010840258220722572,0.10325122885907141,0.13270709734975208,0.12557579878605224,0.1498814076084542,0.06040847737798621,-0.0016684919194342067,0.13933719131890832,0.15731130520570094,0.15403680411333545,0.12886690542515494,0.10225693045145613,0.1276371902709229,0.13208463655469818,0.10420494887936535,-0.08798847522347246,-0.17254369312501958,-0.051524090489904605,0.09027856318480294,0.15432012946615228,-0.0017338520546262158,0.061771321650141764,0.0009665467983251784,-0.07558689756622373,0.046623573534517564,0.08845243697066464,0.07794110714830059,0.06399771129203559,0.03436725324963604,0.07515772216098196,0.0758075602992589,0.052651818632246786,-0.25837304447464216,-0.03608020562751287,0.1117332100505853,0.1772339718998143,-0.19281999339972036,-0.0019650285341746457,-0.17124258834499348,-0.35684663125801763,-0.09110163436155225,0.007230902345207487,-0.07660654697165009,-0.10296163352011413,-0.06573414768233198,-0.020503666614892464,-0.0485177580294345,-0.0727950592576122,0.012901141454385721,0.11333988229728456,0.12944337847003193,0.0017459158207730281,0.0004868791089028873,-0.13729086821144393,-0.12111213467600188,-0.022081509073182584,-0.053151533504342804,-0.061609235647235104,0.028201714245949132,-0.031220274878422192,-0.027573322512578553,-0.02236434920281197,0.00235302464154504,-0.214521846107647,-0.1656523323823203,0.08047534825022322,0.08848651376260894,-0.0013799662262600194,0.03660100253304527,0.10866288060380738,0.03008289761198772,0.012745635175494683,0.09690554824453869,0.090063334633756,0.0628954067340001,0.051398337778836845,0.08452922708703688,-0.0941547851892072,0.13418506739298872,0.07072160303818349,0.15785197614723928,0.21154304380394695,0.16787188450570406,0.05635601472815771,0.0744218913240718,0.14379901961357197,0.1986393839539298,0.13758408511021641,0.10540245079565282,0.12959754651320218,0.1409635507953087,0.036071417856495404,0.20180974742376628,0.25415022633228807,0.16993867911928265,0.05432952460364999,0.08953731620790688,0.15222077868545766,0.20656233812136965,0.15617186080440348,0.1229128719262604,0.14294626006520395,-0.008871472428512153,-0.15825470145350015,-0.16660754670065464,-0.03912964252841744,-0.07607637728133382,-0.08485833148484628,0.013329194768815906,-0.032694373664752814,-0.07848996530176805,-0.049709018515325415,0.0024882272484335203,-0.2644574722760927,-0.024912562057780595,0.05697856870904892,-0.07505916831957306,-0.07050316577092569,0.06664263029083428,0.0773421474961543,0.014644032819398977,0.010756408884455431,0.06836419961855698,0.15827248395527244,-0.16936376728091604,-0.25495096630897723,-0.12095447319852162,-0.029207827258266383,-0.15033022119493494,-0.16789262572732824,-0.1052427023861333,-0.06726360674908573,-0.2647312129618609,-0.19053264986178395,-0.14915209154934983,-0.12451013356676642,-0.2699475804983773,-0.21028476795859907,-0.16583467254266376,-0.15952920311617075,0.06162796257214528,-0.12308403522415971,-0.06490991158439872,-0.012030647498531739,-0.07079695807300632,-0.062461489084981156,-0.031225527182332305,-0.18730869890695567,0.05251711102537575,0.21625235133971177,0.15079589163656884,0.08359812651077937,0.15241970058330467,0.2573715686844959,-0.08215262827955462,-0.2136370863297682,-0.03434420499995185,0.06651489257175258,-0.19431573816314915,-0.14123139560806588,-0.09292072478904685,-0.09882634015549298,0.0801453412723329,-0.09779003926076293,-0.15849607567930074,-0.3100118253205184,-0.11010561532650667,0.17940590861142042
E,0.1780664768837671,0.1319910475489664,-0.09054473292011947,-0.24077404061404567,0.1618378950776736,0.2551578544534039,-0.008493732531941127,-0.08488791770079018,0.25889425773941077,0.40953790605638274,0.0879846990917412,-0.004663713972783514,0.2933296232090698,0.39707763106639093,0.1757815785369879,0.072218821386739,0.2121985518036668,0.2502655419774137,0.08814555107373312,-0.01245490891065659,0.06434579437380888,-0.11824693357868911,-0.22231044037713457,0.06644318920735398,0.16759427948136515,-0.031165206538962414,-0.08985921610868872,0.13860566013157652,0.2798497312172932,0.06644651813495754,-0.009611834693675174,0.1480957012038094,0.2697915540606972,0.14319393644435238,0.06540875785094882,0.09943976796199133,0.14423092833607618,0.055437343708717196,-0.023100516296183402,0.13554397942839416,0.06956637859033259,-0.02495747643188864,0.06702182251032146,-0.06646762792661051,-0.11776179884046889,0.02485592975065353,0.13617947675532263,0.019831017210010682,-0.03441735969552912,0.036188375150351136,0.12941365153337725,0.07580058010102879,0.03831943070640018,0.027640038078379205,0.04956285046539947,0.007244524228302893,-0.03795877841244317,0.21439091674854455,-0.018798853356026813,0.0914962761470206,-0.08415026739534145,-0.214006423950328,-0.05889809176645611,0.0890259769185875,-0.07005503665865961,-0.14837707652007576,-0.07217687876622504,0.048507521239249035,-0.03890723061724427,-0.0789596010626403,-0.09020723045197945,-0.045709950528374114,-0.099067970623814,-0.14271388455699102,0.16084862961018143,0.2886910457486998,0.07638320084974537,-0.09412710242471221,0.07200066936457224,0.25427735461821693,0.03968024772484541,-0.11643075451812115,-0.0327264730664883,0.16233759533973127,-0.007244661052821418,-0.15191704393726427,-0.10213969298798659,0.0019395437993037377,-0.10671128115820054,-0.21336988012782349,0.10010317012782877,-0.15524166464377914,-0.21866953227724562,0.023976545249604974,0.27011470826339995,-0.11004452902522496,-0.12930035850887558,0.019671036248828523,0.17932779566081591,-0.05326981500145961,-0.05906971600039104,0.019475878056179962,-0.001034412257271234,-0.10864745581540781,-0.14426437364318928,-0.08152558745761197,-0.0064476592196161826,0.07125607722234775,0.00399087606898253,-0.08775805605025462,-0.025322308686854672,0.05362053060316722,-0.00696412994208749,-0.04032198747807497,0.01749747729886806,0.06141685179267845,-0.0053117980060967546,-0.014919038464476035,0.017603376389541667,0.0525821302742141,-0.14373886552302476,0.035622853839433775,-0.05416948247110455,-0.052668568107987264,-0.14211866520832175,-0.03636346310657485,-0.0709412122169083,-0.05648033415206741,-0.12559691514920804,-0.10104165274635334,-0.10139716129667727,-0.09963189666021524,-0.19719123156319626,0.05302623939052269,-0.042945741539371814,-0.07250644884323962,-0.19104899706771133,-0.035369018055539006,-0.08624078514925909,-0.0968489735930166,-0.19058829531967963,-0.1371098870589787,-0.1456308883038646,-0.1608998159008469,0.2579006685695049,-0.11694240973228402,-0.1508710000334188,0.01676449021152927,0.27766935378526303,-0.09556495257632758,-0.09494087947837135,0.017701247660316173,-0.061919245462125794,-0.23494168033955495,-0.21265112100166586,-0.0012020549720553983,0.1455077109623084,0.2804214984035659,-0.013821140754431993,-0.013819211223214858,0.1088467390719892,0.2224827127945091,0.03750078903198349,0.047094388529855945,0.13097180061560582,0.21006319119059289,-0.09175479887453047,-0.05279734531132681,-0.056487635875091445,-7.920679649816256e-05,-0.06328925190731384,-0.10161883375516377,-0.08392156981999938,-0.053787867128709796,-0.1375324423267423,0.017584374087689637,-0.04236420849395098,-0.05962898532469426,-0.11958503729047518,-0.08886909819631246,-0.10261919468086127,-0.11742870985037607,0.3103132705744904,-0.06370859541664375,-0.11157757945795721,0.02600829234077558,-0.042222123644463455,-0.2377043235290385,-0.21356591063422187,0.009975080828993411,0.2004729293557583,0.3998476679393561,0.1729849946759562,0.18822293679986926,0.32236586388229355,0.3497909044336523,0.007581822560359703,-0.1570341637669398,-0.07257999574805453,0.05930751998715549,-0.10174258863453944,-0.05892539107583378,-0.0975002105028385,-0.12474877482770591,0.20463690224133738,-0.11045790870535922,-0.21163601642802965,-0.14874863951469552,0.0975223341213372,0.3821220060916753
F,-0.03802131346670474,-0.03206932050874868,0.0032225359623945394,0.025025922992684725,-0.028646315307765548,-0.056376250331771724,-0.03758935707282756,-0.04110377288509649,0.03728277403944635,0.0408216151018498,0.06636772042680626,0.06826372599200888,0.04575333945825386,0.065985090728077,0.1199571656294372,0.13715990204424156,-0.0014141186625056322,0.023691174218141667,0.06564939496089245,0.08025799083408844,-0.06302178367725964,-0.04936875235084898,-0.024664062497906834,0.001973726499768462,-0.06480980171435276,-0.04953924832441363,-0.051823097808853705,0.03719691691233742,0.01999584143653799,0.05241385447825159,0.05713571877811318,0.022673981605890486,0.04027673365916256,0.10454825207005031,0.1271213207623506,-0.015879397280318716,0.020753021888898465,0.06580494424504883,0.08347239365112462,-0.14649354899692762,-0.11839171248964503,0.07285815994961774,-0.02295689331287531,-0.0550518280684427,-0.07237184108670433,0.06738499685185673,0.039219454574248046,0.052873653557894376,0.053286720257200465,0.04897447982048668,0.05243668265119192,0.10029063012496385,0.12244987489173126,0.022281304433447367,0.0522341689786415,0.0855631272500033,0.10595790825053107,-0.09523424573358484,0.08433170379455768,0.007514448504509384,-0.05229549804509122,-0.09765144415309597,0.09626365658800323,0.07115470006905965,0.06348971366511355,0.05853844160032532,0.09866831394419576,0.09849474464073872,0.11953212317954683,0.13042650949303525,0.0916478769259191,0.11845805983357725,0.14245690296254784,0.16216589954145633,0.024510565116302032,-0.03833017432377851,-0.10019124111820178,-0.15435491923781353,0.07693727564166333,0.04622406503360684,0.04106075443434255,0.03542617217560292,0.09395017124183266,0.08771950147104284,0.09639079119068766,0.09974988425396054,0.1000273966804326,0.1245808958224812,0.1424107857785121,0.15476148040163698,-0.03946454117706957,-0.014337791266715113,-0.03366488797330957,-0.09341097847645091,-0.03946450281643133,0.03386019079886368,0.03778172142283155,-0.0775857266274938,-0.06994992781413603,0.07665046233248125,0.11007534553889602,-0.06210410275384102,-0.023888721756651278,0.04528366848169249,0.09272753788644875,-0.14986481524219095,-0.14002980040315377,-0.018119610422713966,0.021569550563687902,0.003631312333068574,0.0025752463948722285,-0.020512215425051456,0.012311432695306754,0.02606341174767622,0.03875990265741905,-0.017600956533139568,0.04296057302849773,0.06989113032225155,0.10065833334490058,-0.08283397004626408,0.011005474460379663,0.09463923439960968,0.09661614808252245,0.08976822707699406,0.014298542963087212,0.06204784221843926,0.07445348875421208,0.08266339500457943,0.008450271518552864,0.07085418994005409,0.08030748662448486,0.09168144958098617,-0.003056331264449927,0.08392551105223366,0.12368435013149111,0.12351750461472412,0.004121734735410879,0.06260842865648246,0.0829592470010204,0.09440560210651773,-0.0009570061348275431,0.06093554539575306,0.07019921008849163,0.0775423294646662,0.020434169573781916,0.054201996268474856,0.04998646588072396,-0.04975782595164721,-0.010650490214215583,0.10793029892571963,0.12299261883065966,-0.032308119442548335,0.027768236515499152,0.10120071498061534,0.12031337365012569,-0.03206511991490939,-0.013839680358850767,0.04832940152082637,0.010664446789137165,-0.01186044903319957,-0.011061056279375748,0.050025246992894845,0.08373572105446796,0.08440927459671504,0.09033632938684827,0.0039348895933072475,0.0627696630978033,0.025684984861266493,0.01225391261416268,0.0037619183481696094,0.07582919602470926,0.08688802937275401,0.06113384346245213,0.04910770603523668,0.06216556533946912,0.02770694645482317,0.008469053358540072,0.008319914400622483,0.0736362834267112,0.08258058119388649,0.04902072950984787,0.0331345580804994,0.05126972742963103,0.12467715228613503,0.1302150815243008,-0.006306805390571485,0.06779941526222073,0.09320014170259953,0.10607431443218346,-0.003764943635729442,0.012400454035071388,0.10261788179193032,0.18284761630440396,0.12273775497140713,0.07925050114096108,0.02541841438419145,0.1409796862102088,0.1529462529744838,0.09641932605473873,0.05026775104151528,0.14221991546071094,0.13520164532898557,0.07628835256657088,0.036499206237560054,0.05012487462827002,0.08390006825640607,0.10253277420548995,0.05706891250748798,0.07661643542810878,0.07058822170382673
G,-0.2424243074587443,0.034238781963414636,0.1980979291086288,0.13490669915291653,-0.43647151699477593,0.025738906358800787,0.14990663887639544,0.21680944085450263,0.03153145909551243,-0.072457190057354,-0.09374380662036508,-0.1149128139316599,0.25785862142215915,-0.01961198808695412,-0.0833942857535459,-0.11618569226855766,0.5049767686467966,0.3311896696211547,0.1185135522386624,0.03853421792391394,0.6050143245734059,0.593366264836303,0.3562818667063517,0.11786886264193441,0.3519653550602033,0.2799637128444898,0.3014591305710918,0.534048864993305,0.19075113152019127,-0.006110814109368134,-0.052817446456753146,0.6081576172187194,0.1982776372159361,0.0014876071656646603,-0.05363121456881177,0.6829226087155452,0.4880642519711955,0.21688187921247798,0.10542957925566313,0.5114215267698797,0.23746526258424347,-0.3405763961690204,-0.15542773113352493,0.14092188506991762,0.26145896591675816,-0.032862626371328946,-0.1990058944637266,-0.24730873680902182,-0.25274049987480873,0.06671874776629586,-0.12070302936133372,-0.2939890869059304,-0.2323013432464154,0.1565998545047388,0.09627143445856912,-0.10102464642268424,-0.06317453010248547,-0.037526216621424066,-0.5121027771989235,-0.7321968628214796,-0.2214694012340064,0.10807756058058965,-0.27649932582965153,-0.5893117190076924,-0.37995736304173555,-0.14785233813573165,-0.19089364199383596,-0.3981433058364614,-0.28339425753441244,-0.13365972830594772,-0.14022460059344408,-0.14402859312793076,-0.17541816525206425,-0.10077367722331428,-0.3984040244177437,-0.5776877882050975,-0.29294140817574393,0.08508491393601664,-0.186945908078892,-0.3421151076704097,-0.12209403637800503,0.03540615106769755,-0.1036424493056394,-0.1716966951463926,-0.0890118723136288,0.004883589850880298,-0.07125523505085497,-0.057086142883308356,-0.07352898131729642,-0.01630707148849839,0.3490406399009925,0.10451550151217523,0.08424909594680312,-0.7240064665538263,-0.10469727874863019,-0.16186148878395432,-0.26182575194135727,-0.9467489985387207,-0.350977816003346,-0.2127945553724433,-0.2566004041763566,-0.7011237254142768,-0.3269508579116108,-0.4963392296746105,-0.7255123171865131,-0.4941816016794597,-0.5393715870377299,0.24715528943458895,-0.07628222730094482,0.005931736538067009,-0.06445835807333276,0.07981703617781812,-0.10476032745348118,0.0682789581061963,0.07613708049567884,-0.090693161000853,-0.2609381427815547,-0.2386144230859604,-0.23880763308543895,-0.4563964848066159,0.08546477257347858,0.14692786958793388,0.222991848091051,0.21112833065425415,0.09006779359878404,0.1237178791661876,0.17392858695954247,0.19811583396380167,0.04689094098253443,0.006333525974800904,-0.005679546126675497,0.0326936049237004,0.07163397657810212,0.13975165459059669,0.2738421274651108,0.2908831039960124,0.09244856834169027,0.170927524775962,0.21233215900283642,0.23347686717667393,0.08354828367046367,0.11061774323030342,0.10354390909775187,0.13679556937225626,0.10136470328455213,0.01722655902967297,-0.077068468639957,-0.44576947659574184,-0.07886737626925155,0.12628118184024392,0.040225453621432185,-0.24048825232411072,-0.1736946657625596,-0.111348028411187,-0.35114346249845785,0.0025096576931249344,-0.1858895179781203,0.11477397743034441,-0.14599566472622932,0.04065888971148597,0.00544118807270133,-0.034283334205044744,-0.33411741329055356,-0.3818373422606937,-0.37913168419113186,-0.08893330775102139,0.06370460311694941,0.1347193684622279,-0.040844025153796794,-0.0072903407630373574,0.09167839369500376,0.24573514419699632,-0.12875617606253806,-0.12748611698307652,-0.012869727431327967,-0.026693297726132006,-0.06144043552238823,-0.05399211071134591,0.04244317564695316,0.18158813273196975,0.06152546198410435,-0.07431562207232319,0.01940676529217892,0.16962920452101019,0.12067379098304822,-0.0006941917012849786,0.06221890474923347,0.08760103849363965,-0.14381667404855472,0.37494654396148064,0.10461655907130378,-0.05371377822150557,-0.4563402874016651,-0.5987058432849746,-0.5556604860651536,-0.016984799063943488,0.21134417630737648,0.6290764196318132,-0.03630435390213649,-0.17267481961535663,0.18704902834795742,0.42169974551159917,0.2369152533757168,-0.10348751702069488,0.032092305078785445,0.12120510068972175,-0.021578094141456103,0.26048560294305584,-0.08229200328497852,-0.054710955696713026
H,0.323011260224241,0.18450800419979804,0.23644777574430606,0.06046798156184847,0.1473244884939289,-0.05458655357263537,0.023937412584133663,0.05348877124337634,-0.17476708562382318,-0.05782688046324151,0.0910166370448772,0.11001416414950481,-0.398154396630502,-0.21507342586407335,-0.14469460789818714,-0.08806910619241047,-0.5581640056852688,-0.26253512186897,-0.1334460684894715,-0.07722083270756214,0.1747094457537714,0.29510376582525977,0.0075873264520851386,-0.11951812235891632,-0.09644661065388725,0.03865639264174341,0.07173041212366797,-0.2969508728759036,0.005786453107095956,0.1288506315349041,0.1396813937499894,-0.30519331389203425,-0.0867906768649761,-0.1050272154996137,-0.1063886849639419,-0.24579072727607343,-0.06888563890546948,-0.05421530617180012,-0.06406125625108797,0.2028049983224339,-0.4164035139540208,-0.22647125661552311,-0.1545101426066917,0.008136545215900414,0.050639062223739456,-0.30155661529137845,-0.03731687672748695,0.0879046565065368,0.10697471407903153,-0.15713824348739433,-0.0669811743490071,-0.09523985251862188,-0.09348414041799309,-0.03794492894886995,-0.014934921701093182,-0.02881039429516276,-0.062417687829388564,-0.9727720422245999,0.011332427875337617,-0.21835474803144236,-0.11473303615695704,-0.09131199290764741,-0.15091521987315806,-0.19320127873608936,-0.09326203786829941,-0.06796840255505066,-0.037596270268590276,-0.12379869051582522,0.0024078847303135534,0.08093270211884197,0.07732799092072237,0.019079947987247787,0.04416959758330487,0.03403208434151763,-0.054016795331562534,-0.13937201108779484,-0.158165589327422,-0.16028359004260798,-0.13606602796822023,-0.36884695608817797,-0.2876724279736913,-0.2478612049371116,-0.01076872499477021,-0.2727585617301473,0.038848062105422666,0.0923603307324144,0.09365907914081831,-0.009957753733261273,0.05185198739783163,0.03719218010310611,-0.006054691829608117,0.07479223585640511,0.07401789387209076,0.25312311417184047,0.2667412348877245,0.1646150171495909,0.1339970324611904,0.1847637646413101,0.3539485292515856,0.1685201094659607,0.03740579890028517,0.16358292247912273,0.24606559036415646,0.1511566913810334,-0.025276761389009608,-0.10619500156955737,-0.10407214708677058,-0.043675536640334495,0.034672376165678066,-0.06557239784361661,-0.08990505778235683,0.003102813822834736,0.027156148553228638,0.01894334563539756,-0.021326349590647498,0.0556675388992495,0.03324583027902222,-0.02129210103249094,-0.10480469332387027,-0.08282766521820244,0.047961107261351124,-0.3064984633074833,-0.13841558833154322,-0.14558233183552538,0.024418814689669697,-0.045243446049008415,0.0437756249022138,0.03761979790184954,0.03283553329318961,-0.012552775702037567,-0.007684630167339144,-0.03601126586472768,0.05738888854489047,-0.3126263675892965,-0.24681623201322833,-0.1931364745891232,0.043495480486032384,-0.05079091611666314,0.0712650133985842,0.07021056372071151,0.04212027453520239,-0.014166353021639365,0.018702317548576458,0.006991462381159516,0.058382892760831175,0.12153889819861287,0.12082165588176985,0.10855934498247265,0.23010336961909522,0.022192064316300213,-0.05242365704478513,0.11258718873449501,0.2594780783944508,-0.01930088868736245,-0.2083970748371475,-0.11862734133251167,-0.09835361769627396,0.04391895093493533,0.024053560430739897,0.10054472688389772,0.07492247720669264,0.08404759859448874,0.04790521759310273,0.005117762048024279,-0.06742107200022181,-0.056584105241207196,0.10649837056467443,0.09319840940246962,0.19493477514218202,0.17864722119477922,0.10998756987090766,0.09738522986568784,0.1148722918781115,0.0876243799350885,0.11281930738944432,0.08102019362931955,0.21171677880685638,0.18728141605824453,0.10254971484784332,0.08707712248357609,0.12677864990526008,0.1115389312122279,0.050740757190665044,-0.035805998338389176,-0.07326908133395907,0.10845984721766991,0.2597942542252087,-0.1151386856994151,-0.24708590370456013,0.17534446266974346,0.10760953755916075,-0.011723407274040788,-0.018475364042702613,-0.10933207259869329,-0.1742503619675078,0.032723465078797864,-0.3450735621961526,0.0530851173340401,-0.059694955364683853,-0.1536460017974131,-0.09478366096072353,0.11098720955352162,0.10109940649787309,-0.01827845072495023,0.05123553960200503,-0.19174502071549393,-0.21649206238885407,-0.11225631444012327,-0.11026898127472338,-0.027610276120112635
I,0.11138828937898665,0.0175450155575764,0.19250118811741723,0.28264652153951303,0.11059238751508063,-0.07297101749515009,-0.06663997081523321,-0.019117889842987547,0.04513352191119514,-0.08801893413038189,-0.035628901786035026,-0.03319007771270397,0.14556509931066314,0.13395230298444052,0.11558117803354936,0.08141600506998119,0.33943524450709256,0.27044802132563583,0.22664904809739844,0.19422359327467534,-0.0537643925885737,0.2939361486010422,0.39688360541145334,-0.17450622028304505,-0.19236272160908846,-0.11771645941997884,-0.07162280698682617,-0.2352453879121024,-0.185576529283854,-0.08486189014745218,-0.07860307808581202,-0.11328422779446122,0.0077664967453941955,0.04955628320908176,0.017190825862275785,0.02327029936460059,0.04455791340963364,0.11491801957901629,0.12151909090302686,0.6697116381021768,0.5830788747674451,-0.21595919735562394,-0.20014122070603008,-0.15852555117355144,-0.13963781173536086,-0.2943009221060163,-0.19952775499062056,-0.13738007378116115,-0.139959737134859,-0.2111566072911591,-0.07346434349813248,-0.03153067021736372,-0.07833628575826344,-0.13553110945118912,-0.09744715640293901,-0.006294177331922538,0.02783852275958808,0.2819253335556201,0.0948456079470952,-0.20441862648997586,-0.1508534646697198,0.009274417811118598,-0.27107818099748454,-0.2733434336564008,-0.25921050221737196,-0.17305711291243134,-0.2668244400461462,-0.1917806862334545,-0.17431710468429415,-0.20734928390655877,-0.23459421765985367,-0.2216216248032363,-0.15313117701094148,-0.12224263832821987,0.2897899405629619,-0.09396719425964305,0.0549282704225121,0.2113857191214967,0.17105475577217827,-0.23066462506606664,-0.03639730895865591,0.19102719215753108,0.014521083503085239,-0.2340448266600279,-0.23366145290737428,0.055538038585149906,-0.17382714199484325,-0.22830361790693965,-0.19515759346780806,-0.18005667874565998,-0.02715191725142096,0.018368083077441637,-0.08054146012198986,-0.02101284682377956,0.10389143857368213,0.07420249084129982,0.011230729792571177,0.03985150074988003,0.3175870083848848,0.22276917230552984,0.007629195664659688,0.030275318462403725,0.01361095991927978,0.13891395797616082,0.18395977721344237,-0.06440320493457545,-0.27927542553076135,-0.3183782128035595,-0.07904672947182308,-0.05897872976465075,-0.056574752393021184,-0.4216859786729742,-0.09994833176702926,-0.1488903580229094,-0.23736650440049936,-0.34220146498696224,-0.25694541225564316,-0.19272672673536062,-0.14292178758127172,-0.3187228937494232,-0.18662285054212727,-0.06754394754920559,-0.05178386609685806,-0.06521260994403116,-0.20617153966793686,-0.003426095446665637,-0.04716557632060543,-0.12906175199252792,-0.2155664205424981,-0.13825270910470888,-0.03444361233539142,0.00757330541887423,-0.09034687573618835,-0.06868080344644072,0.003064815682814987,-0.009991007681087254,-0.058378328819569496,0.07359636341523561,0.044521057209786184,-0.019217385604504516,-0.04077317203034547,-0.0063800421331517004,0.044804959954462056,0.056466337258116964,-0.10336994360700494,0.047915885008346384,0.014090589302650001,0.07745969622984296,0.42819243720854355,0.22178513812211853,-0.01858477316936662,0.028419158442555475,0.13749111937524613,0.31380337804675407,0.2963485501034511,-0.07810243570720996,0.008231950322104971,-0.4449194011772386,-0.09887526715780273,-0.26819268201077834,-0.3241872538603196,-0.46547217450183426,-0.34294584216324264,-0.17542856564702947,-0.05119679342143883,0.11254132068343176,-0.153828225393217,0.13027739032895005,0.020634099571751045,-0.1347258664609902,-0.15689365289039744,-0.017859987493046094,0.07890740164031675,0.11100660699418163,-0.022914552869954884,0.18228617181940163,0.10838655553307133,0.003990516700248101,-0.025478946477517507,0.0791813439372118,0.1294083154765918,0.13673242631326316,0.05349576224066964,0.08301415357531378,-0.0521458846848479,-0.03104022351156139,0.200038199757604,0.24568052039426028,0.22253238488636806,-0.260026420310428,-0.1299644622262988,-0.27740770094505046,-0.5507760749218047,-0.15275597799171867,0.00906600876907007,0.08741948969438365,-0.11287214990361609,-0.1104577625047634,0.08004250410987576,0.11128831004122301,-0.035490482276771956,0.0024327044700866154,0.11963140884004819,0.13350085019876481,0.06660936251273285,0.114352260395244,0.0988501792992018,0.03992830913886258,-0.015307063639141137,-0.10453285875209319
J,-0.2621386844072311,-0.21354617982598645,-0.40734797362743264,-0.5276590546074037,-0.06757316646744191,0.10168922796903299,-0.02165312818690692,-0.08499187772056233,0.03366470349297652,0.16520561757254046,0.015416868998173452,0.0034189462963356604,-0.029609841878140256,-0.0061917076558755,-0.05319737159539431,-0.0605435257464812,-0.1891616541148816,-0.02556554118771188,0.16270701582687386,0.24543306775626492,-0.06926134186614055,-0.42427486021626787,-0.5450304635651833,0.23620136686827234,0.26114079001725127,0.054548819884897334,-0.011843056968772425,0.29650529471339104,0.2737260578700366,0.07710958271927865,0.05526414039565831,0.1810646969766452,0.09992590538830133,0.0052918464849313444,-0.005586742841249838,0.048103191372512365,0.11489992204102212,0.22242993942708456,0.28345603485895093,-0.7423087107345088,-0.5687796038451192,0.08989451151755663,0.17741465813699495,0.044014715856412465,0.0033172804308786025,0.17764232623375892,0.17574911391272127,0.06078718741543187,0.04874467340423888,0.11984029267783322,0.060810282576987264,-0.009143300792476288,-0.003294736105476812,0.06685722991203043,0.10259433721695169,0.17713528124303923,0.24505277220605412,-0.08009546186462586,-0.28107265272578946,0.1318622614434471,-0.01696561337170517,-0.23764791717639364,0.04327673343861495,0.1508316218939065,0.05041985769589559,-0.06562315104401095,0.04347468104704319,0.048539366110085164,-0.027455003126692343,-0.04338565077190307,0.01902458730951791,0.0774620321042224,0.1470168655994104,0.2259951846062698,-0.41316583906944804,0.08105630811020043,-0.16148560461546696,-0.3803317101984637,-0.4130291306343499,0.09266468587415129,-0.22655371119349732,-0.4665717363827652,-0.3360943770728164,0.016897678455438315,-0.08944731415008682,-0.437838130776576,-0.13648110800259108,-0.014330369060247957,0.07729476887814754,0.17536312759864262,-0.011084468261348075,-0.1641887607946556,-0.1164622561225293,0.1027563424529045,-0.05276509165065279,-0.16141077634190798,-0.14128962708441828,0.02356543791502679,-0.21747649623291762,-0.28787064259821604,-0.14735434454818522,0.017964945716779628,0.04635391583150207,0.11695833581023724,0.19891943831200232,-0.05942538121431249,0.10236450701274753,0.21048092075500993,0.039077569924781126,-0.03034386539474674,-0.08908888629121268,0.34123524618938245,0.06860867848267295,0.045379796138959996,0.09329716834002041,0.3000507618907681,0.19320432357770478,0.11140630818658367,0.0636026144019713,0.12428694609381997,0.01625014736784607,-0.04479817460635769,-0.06039322100181505,-0.08446858476163113,0.035211883675210484,-0.08906825730678967,-0.07005714153000954,-0.018461892920597262,0.05573874104471614,0.031436094717940274,0.01676387826318102,0.030415948300233735,-0.11275325516573143,-0.08433051492942106,-0.13996201421220575,-0.1323476801208257,-0.13397344109641873,-0.1964937333455666,-0.16679086320503195,-0.12362730129187247,-0.14288713332381048,-0.11971104487539574,-0.0461102515637384,0.009220454324475828,0.06213427341615956,-0.1832457232344174,-0.17635962359563673,-0.03427264969134341,-0.36519513397252223,-0.3178411731379006,-0.17499611256173953,0.0007228280121005323,-0.06556981544988039,0.06680717235333138,0.17762766038324876,-0.03267882166529586,-0.16239389009160196,0.3760239526462342,0.07318403558020055,0.13547331107105887,0.18027133118054364,0.4199623744297067,0.2447787236738357,0.01831661107864881,-0.11216605014502525,-0.2696910779262912,0.037601655210607786,-0.16463839060105753,-0.0693514063755557,0.051337314164566904,0.05688914714126566,-0.023359448893774507,0.0003623467434470875,0.03905706819290338,-0.10227465834087357,-0.24863101956467226,-0.13591522973639064,-0.049425374420226716,-0.07136844387093504,-0.12019933453514206,-0.023371805567143123,0.04692432423726637,-0.02399111803501864,-0.1744371428752439,-0.16564893007594952,0.04234811357308301,-0.02233522077953564,0.19058361169478907,0.2788392912461549,0.011079503090050728,-0.03376608508936911,0.2919840325028859,0.36403445720576927,-0.15284563937388682,-0.2310339208884313,-0.12407815420062664,0.055974757832524695,0.04745226539391245,0.20123429521451316,0.2800857782971866,-0.0789342745806078,-0.06496694143194713,0.16584450122662137,0.29458409640959277,0.17590581638509573,0.35125236148445127,0.4031612370811081,-0.02653484127966231,0.1257820825726287,0.29337635363866643
K,-0.6100554445771558,-0.4450757863596826,-0.16162666313434673,0.07353888265149006,-0.5892284909728807,-0.3823573453879514,-0.11489891259111482,-0.038432204581986845,-0.4063350901310705,-0.17535097654689658,0.03223830512960103,0.07906931467113026,-0.1908074721247825,-0.18266442121235543,-0.12834551440083952,-0.12063246099939329,-0.04068488801009642,-0.12103234101362557,-0.09280669855000846,-0.08117810879956353,-0.23574194738229665,-0.014565499055331435,0.21370435072298263,-0.36098216435780267,-0.1516355649717583,-0.03157082756170593,0.008103352178499173,-0.07050320804057052,0.04907058443925706,0.11091924471212251,0.12964984239751962,0.07355542273729589,-0.01648491706566246,-0.05711613514466761,-0.082014224713639,0.10118228509391983,0.015420873070002089,-0.02872231742884723,-0.04425086870510824,0.126207232133639,0.411118086522887,-0.22801720421029603,-0.054916729407176686,-0.0012351329020277972,0.027331325272368895,-0.011388566137240978,0.10952110362371535,0.14325730647748158,0.15599793239911738,0.09462370852300006,0.0365067507250047,-0.034425086461055694,-0.06879917817555542,0.026425696533099265,0.04797529451501732,-0.0036297160170263012,-0.03779005056991278,0.5563153565350504,-0.18923681078150628,-0.08961399650281505,-0.02883109677500988,0.005577759144108654,-0.08849902309786782,0.019493856090422645,0.056902502073576215,0.0878902989745217,-0.021522076118573555,0.04109290228978879,0.05017550761239396,0.02576540794961604,-0.022996381969274355,0.07902297747125206,0.0681417227780685,0.03477310348217582,-0.06542661157691855,-0.17161774121049672,-0.16670483232024594,-0.11893452663748823,0.04199235344832268,-0.08922718432433943,-0.08322881260993595,-0.04945980942299772,0.10022794928575572,0.16591744789820315,0.19579459518207412,0.1580307965113848,0.10616085149933913,0.1945911298756046,0.20147234582093768,0.1669643067518302,-0.14226090092691052,-0.06101492128447071,-0.02885957806899768,-0.2220709173002599,0.03843471498461667,0.08323662409151696,0.11217364555907613,-0.19030468049019242,-0.173609933895772,-0.18180249617642363,-0.18601058579605403,-0.17054179152357143,-0.06569457366213384,-0.1141098346622479,-0.16485493359921183,-0.1273349323810889,0.020704966745374292,-0.07663906497637524,0.27787272809744157,0.24515906185098404,0.26851183086872926,-0.09402182171933333,0.14125270332214063,0.07908031434044421,0.004891003166298078,-0.09866341814991438,0.11229883201120447,0.08221198258082679,0.021202130301916807,0.15814059828208973,-0.01755551080074799,0.32180355206605543,0.23853231008868106,0.21129710527360784,-0.0016780217084622429,0.25818218343658056,0.11976782344019941,0.055493653420996616,-0.006254571816665179,0.20500768868036734,0.13354451557552444,0.07011843176894748,0.01076074771866353,0.2745106665410858,0.21807001595883738,0.19232069706360866,0.03614393400363013,0.29760212113030515,0.14591721061003132,0.0794367188629216,0.04428245669159216,0.24393502346807605,0.165560752478329,0.09858843030894854,0.021174528918200406,0.0693583101205637,0.10047543011651319,-0.1654855426222781,-0.059502387441070094,-0.006892876200242407,-0.037436255434982024,-0.1564733095962843,0.0749266945058148,0.047947056321659846,-0.028940794848996417,-0.0024182140296770908,0.10980565876104845,-0.11034757919270738,0.07295165245411922,0.13611507586304863,0.11434224941911762,-0.17232159406061917,0.07408359319647542,0.11236016270403579,0.08465462376387337,0.17377034641688882,0.0521399846789465,0.17031675748306566,0.19316622036194997,0.18335613178390237,0.005871622169018661,0.12447751435519847,0.16443026346978587,0.1499227560408165,0.07967857283913918,0.2249839834741261,0.22699851405627858,0.20404751163253457,0.052184797812540526,0.15295409562216358,0.184954556450477,0.16869177147630376,-0.10440653795987576,0.07278298581046427,0.05193064526383797,-0.14432732674912527,0.24390143570903963,0.16525208008599793,0.08645351288606279,0.15908819143536249,0.11768719832437173,-0.30973554909248907,0.01698220605068249,0.09634399228549799,0.04860866225677796,0.09015458943810456,0.039371905237841676,0.025132703049972775,0.0210405928039532,-0.03329114123728199,0.059101916035249696,0.06644869919635618,0.05222937098768701,0.019698295496692598,0.07266028358019569,0.17077483033940236,0.11332010156092351,0.16921545283136613,0.09399899542623241,0.023290693344696464
L,0.08346409728753737,0.014424214324190303,0.10646913073743239,0.1351629690896352,-0.043308677685076194,0.021087138214762234,0.08549336060693517,0.08789199478753246,-0.07749653866689532,-0.08014332497227593,-0.046346861695556726,-0.050532177995516375,-0.12537511440056812,-0.13597325555493442,-0.06631153581699667,-0.05015554261965487,-0.12856409399488253,-0.15593583241126574,-0.12193271048108736,-0.10530105250550802,-0.11007177812992502,0.013238331073199754,0.048043176014073936,-0.05437872006054526,0.03774519115741402,0.09418810680036542,0.0963823112559994,-0.019169393813169112,-0.03162524976466419,-0.0366076888716438,-0.04599614407181271,-0.004708374516321207,-0.06354428913936129,-0.04125144824208764,-0.030957817281150306,0.019545633021977142,-0.05047977625245086,-0.06963634755521486,-0.06692703506849833,-0.04310192897308733,-0.03439466114778006,0.08016784401880574,0.13599546098676363,0.14943483359851487,0.136630684659292,0.09630817089523667,0.08851820859850172,0.022968213970369515,-0.012446733839546972,0.10367939540768678,0.058570398831261236,0.035602421977799226,0.025124290453299513,0.10774095009865184,0.06141734570332219,0.019919483566774594,-0.002311835845570633,-0.05517780836863202,0.1563244588232282,0.18038807346161218,0.18141444122010045,0.17627418452547622,0.18939018646691924,0.21316408700447936,0.13549262187092717,0.07373170127199415,0.21373504236373195,0.20738107390748473,0.16140772901901995,0.12920688585591514,0.23422119991619558,0.20524491951848847,0.15363825773390352,0.11845600811247116,0.18249326662742887,0.19626979987184448,0.22071710047610663,0.21977757662343142,0.2518478666972301,0.2879406243671243,0.2323101361665138,0.17042432862557536,0.27074575815175117,0.28498992857545175,0.23914619067469262,0.19953419095971536,0.27703879204244874,0.2768445646345281,0.23506607757943615,0.19893945067774887,0.03204446714712747,0.07535891097958848,0.06763784650197416,0.08991480213500355,-0.10425723141565357,-0.10623297809400024,-0.10514916651394252,0.09618166077839066,-0.0855641138464609,-0.07574657998926343,-0.030022382679494895,0.08599763867434713,-0.0014962702583269278,-0.0538708352861959,-0.051913915461757006,0.026020243746197266,0.002270555769744703,0.06382949042055368,0.0438051645132492,-0.030085797770433142,-0.023299821248079774,0.13318578295950093,0.057722188532564125,0.028653083918762198,0.040458110004736446,0.12184772632308805,0.0647332765143015,0.04986342436407397,0.052001166534543786,-0.0246142143827804,0.0767968059818911,0.11653699846091344,0.10442221408015052,0.106525648250615,0.11551581802925336,0.10959772739707732,0.08700380790138469,0.09149309044625775,0.1404137050836133,0.10456577961930714,0.08410296508691655,0.07753443038778765,0.06714755987170717,0.10137885453341652,0.1279607960670974,0.1309633373589154,0.09486087767341886,0.10381225625904933,0.09260379599607041,0.0954269377789955,0.11498413933121625,0.09966741162834765,0.08364643749525809,0.07467532121732619,-0.09985716638922766,-0.07092817724847714,-0.0670079315737821,0.09992013040102093,-0.23246930224516538,-0.08834325786373906,-0.05225326018688544,0.08274215191461987,-0.12035517938278396,-0.15203047414721677,-0.09692070734342673,-0.1326077258398091,-0.07912467003509062,0.003999933543318,0.03927655126287385,0.010142013850872236,0.016515694696442117,0.05496560870991572,0.04360190336000423,0.03333651802546069,0.030910295184370704,-0.015044257449622327,-0.025415572237215907,-0.06845087920195442,-0.007098050427960384,0.005914035794675258,0.0035840405735116532,-0.01180308636202845,-0.018318645672625228,-0.02200937835603094,-0.03359340861292843,-0.10080715590415926,-0.06638665019835258,-0.024402997281324387,-0.01838059374798893,-0.04968536984676101,-0.05994001398798187,-0.057131155471418046,-0.1400456514793295,0.007297978596343042,0.006443393920410781,0.05998615477044282,-0.2752526781987175,-0.16681936897546143,-0.09627146352479396,-0.05075020884249918,-0.047481770427690466,-0.05119737818771777,0.019680881142772014,0.008129207372385145,-0.003366998960997917,-0.04252434077558396,0.029615640805080227,0.030972036223701344,-0.025369693817048785,-0.04113154247974196,0.046595181498352733,-0.009610982232739302,-0.05077720100050736,-0.052941097319454775,-0.16858515651317452,-0.04702157080648085,-0.02161116087029986,0.030848153201071406,-0.01097403813542997,-0.06695466458779761
M,0.2030941399576304,0.2432064952747173,0.04223706482102853,-0.16580837089072478,0.005758694393732859,-0.23062715952996962,-0.19337892380837887,-0.1461949806076642,-0.09404239788484008,-0.12082176542785161,-0.14878145155513026,-0.11063206375770766,-0.07275590151161401,0.04811719657905792,-0.035985797606902396,-0.03887013329049008,-0.0008266627656097441,-0.003445001171703173,-0.06999446966366231,-0.07097126657088582,0.23558166777822684,-0.13420445873349163,-0.38606186414887583,-0.12040775754183114,-0.25134193956263895,-0.18330443893319304,-0.15007216055342468,-0.12198226674005101,-0.10511182903771955,-0.12073616946115151,-0.12338864308502065,-0.03978067257007073,0.03619610545073287,0.00480731844905706,-0.023152737585571747,0.018855914196857955,0.0038529112923571243,-0.023903904845696294,-0.03953005417036993,-0.8012769251535927,-0.8599518854659535,-0.11625866769792342,-0.17970447889976152,-0.09085362427406915,-0.05548728963251739,0.008812413994529339,-0.017734197059854486,-0.004636208661445326,-0.05436788587523577,0.06762667304818802,0.07382753008100855,0.09329486996283452,0.03844884382974407,0.08106326164595944,0.05870348303752201,0.06348929818894866,0.028675396693030382,-0.6029284785263167,-0.2529325250985324,-0.10780591576186645,-0.014140487677026338,0.023644492391822834,0.07574316508819064,0.08566013101965642,0.10056509829509751,0.008823492465498683,0.11956296030423103,0.13848398315156307,0.12273111613408254,0.046121926558901065,0.12242577365109933,0.11748411247028005,0.10763324826619376,0.052913110293432965,-0.484243475079928,-0.283729560667271,-0.35481346450978324,-0.183030683960764,-0.26346787756913964,-0.08352386002916228,-0.09790155837425236,-0.08023342503838858,-0.033528313212565324,0.005842999846436802,-0.035207083288016035,-0.06605658755231378,0.001184693974231556,0.009095097852038323,-0.017105396569095224,-0.06677719349984015,-0.15586801160716077,0.07492619478181982,0.09446771907188528,0.08769536863751744,0.0767168919047094,0.10067427071761814,0.022943623065138426,0.061740421167069584,0.11847196815727402,0.19573866491061212,0.06113037799871291,0.025295659153997334,0.03566795468526126,0.11605622904546697,0.036671646608977725,0.4673426086096059,0.3410733156392396,-0.291329156898095,-0.06556705180687639,0.05790345575226061,0.022416319681900682,-0.25053655224570054,-0.09762570855348061,-0.022491365052172214,-0.06808731463586845,-0.1877943742805647,-0.09531031364422594,-0.035926591081637094,-0.07998848597454361,0.17938729405485876,-0.1105106733666805,0.09122839021829218,-0.049891367546926524,-0.07354793713401415,-0.1461864594466214,-0.03718762192579203,-0.07983248875873168,-0.12301753868018377,-0.17592874042262371,-0.11084750390775557,-0.10408013051417477,-0.1409734824435965,0.009808538470542295,0.2160052341920035,0.018601693532787126,-0.07829188768603401,-0.036765463364464505,0.10577328352162467,-0.02217380979125988,-0.08921731359874566,-0.06946465774781206,-0.014784902370281761,-0.06223418109880185,-0.10560283015353131,-0.02997669052806165,0.03371673442873726,0.03305871811521657,0.031059130156927003,0.11918006298732801,0.08878868860116358,0.019616824764824733,-0.012523377625749763,-0.006782591754044768,0.08124815557482175,-0.01907792218080841,0.43599207814227214,0.2771017028445295,-0.15935298948378596,-0.12895343455663671,0.027893329184047317,0.0008316809564815417,-0.16722388281801773,-0.09963910720577894,0.012892602072287988,-0.02584093732216311,0.1667921726119129,-0.06944029966647851,0.09556658029260282,-0.07550318808748116,-0.12136123855364073,-0.10836049796518941,-0.06091217099058557,-0.09535515023874741,-0.13625777070055664,0.010746964938258543,0.19755471216444456,0.028350670895041574,-0.049035611473432314,-0.014540308318156454,0.04045713872219801,-0.02013639320531102,-0.06473096905463577,0.11842899950443005,0.022421779763201487,0.03604755266430358,-0.05898591689832714,-0.07260743325166603,0.02562586690758014,-0.01723894586986259,0.3267020088706084,0.23514958266438632,-0.030018570710723894,-0.01835738915994334,0.27189975382270876,0.1915119076213983,0.2290709598265902,-0.0792872520963103,-0.01743569552250704,-0.09409799891289894,-0.10815177796683778,0.012593740513830075,0.061850967237928725,-0.012039092588015336,-0.06679703051120478,-0.050858088772040067,0.021001365687930436,0.020211378360575908,0.3370194801484918,0.2142172996728806,0.10034948523404259
N,0.038119703233286874,-0.1611539829153491,-0.11340524166995304,0.024027491109894532,0.003974258298763633,-0.2305045217958861,-0.1614172442297109,-0.1472294188138068,0.039367810679577876,0.09752004911185308,0.038763339767236005,-0.03154242397165587,0.09858694811164978,-0.21656750238985123,-0.09337455200207176,-0.08358620100528326,0.17059526126110633,-0.1775834306962836,-0.09418318755585614,-0.060828029215952734,-0.3011577661980465,-0.06653115266812325,0.1097360206787701,-0.13912880029168667,-0.3320120410950083,-0.19143912466584662,-0.16860153373908748,-0.07335260229459344,-0.026058488470860827,-0.007202931771550825,-0.06071607690830195,0.0008920013689146566,-0.2231006993681281,-0.10452901694169284,-0.07289657768459916,0.052457880838733664,-0.16399883426170694,-0.09207787847377095,-0.05738355289443774,0.262166818072309,0.31074284486682213,-0.0682317996378564,-0.2549341877459164,-0.21674683481013726,-0.17860564228595238,-0.12108881514463583,-0.09214620687376895,-0.10500579865479932,-0.14810919064412303,-0.08434767005986138,-0.2033398307896556,-0.12198963837201451,-0.061207383108635285,-0.06369458467773105,-0.15730515136689965,-0.1121445997370619,-0.0872138890301236,0.165249280748302,0.24401127543189433,0.0115281421466242,-0.01809926112198758,-0.0046514519773964945,-0.1534544592624449,-0.127812812115486,-0.28018499681122677,-0.17685186074456508,-0.16468873039117687,-0.24953323928272342,-0.12454382992891427,-0.02417330598442065,-0.1654721024758334,-0.20735935140945655,-0.14344672548120627,-0.10952071516370385,0.29780104169827104,0.2090923397825884,0.17691073704080193,0.11936501525327131,0.059701821962614095,-0.08954413636694133,-0.14042299877565978,-0.0637691531820137,-0.09246250592613289,-0.1797619270646316,0.007223518227672728,0.07829697562706457,-0.11543382020688743,-0.1366192363327767,-0.046211386537055116,-0.012606060550677702,-0.33236463006050665,0.00039040922101423294,0.0355591069254594,0.15685576892744488,0.042845040741056696,-0.05240487408582847,-0.09142997303115709,0.12879551050380963,-0.012093015833441391,0.1156891803642464,0.13951896057977514,0.09371074577860662,0.0361512367095334,0.09174548824608479,0.07524079497743033,0.08006814722856753,0.10314907895475967,-0.21779472159485413,-0.02058069638417472,-0.2518726237619074,-0.24744917859777582,-0.062338888118127454,0.0291507877048052,0.004729434552133617,0.025591629209627226,-0.009642332581119382,0.013808824644026805,0.005957985187488218,-0.02016819258508184,0.1337291440287468,-0.05483220532102378,0.16863566002898878,-0.08326137655184415,-0.157654953585288,-0.04927129100097929,-0.08917391487692498,-0.0701596785676063,-0.05026821937102406,-0.05194857564714468,-0.08108659204718562,-0.07349117391911839,-0.08392777674492624,0.003403347944178769,0.2834750670151881,0.11150557221584674,-0.07235336625184066,-0.012234355745453323,-0.07905567779914463,-0.09211460764146774,-0.08194497868466961,-0.027197091512570683,-0.08840290509828465,-0.0952760347301011,-0.10087427674172471,0.025158867746414085,-0.04846717840823343,-0.11990372784659428,0.10713397866396618,-0.26713650702821257,0.11315010877593205,0.17089173931572707,0.07152751743713001,-0.05543324820765761,0.11484660086163048,0.09837678116866286,-0.35609156550798077,-0.07612276558847611,0.17489701825860554,0.28883827982761634,0.28290931096429156,0.3034974089402074,0.16080491414551099,0.18108782516146643,0.21175405515275628,0.19562804762665745,0.21406234706447985,-0.004483257434402595,-0.2680381468698924,0.09131992052278531,0.1452384439846255,0.012229332520590464,-0.08295557099170567,0.03926971866583448,0.06315289857832516,-0.11400177159257184,-0.32859815540820153,-0.12113224282860718,0.005265589781960844,-0.073814051032888,-0.17437783064070736,-0.09839978561808639,-0.05779480748030397,-0.43640518709527065,0.14763029850841475,0.1831840379882323,0.03666574545946518,-0.26933988454105523,0.1318760795172219,0.12997380453170937,-0.07703725166410938,0.022344425955527297,-0.28851116635258084,-0.052270613495889615,-0.06871810670420093,-0.11663811480408322,0.12788902094343227,0.13886425502850971,0.0018013039997673052,-0.012351242898622416,-0.05583906548657409,0.1632039280626979,0.03571157316923529,0.01609882130376913,-0.0041175100585868814,-0.4465491683397691,0.1874665810362031,0.15562773321223428,-0.029519026314254397,-0.08411451754213341,-0.11484301517869926
O,0.19991031933541212,0.16670270937445042,0.17134801097612046,0.11278885785898542,-0.03018703855346157,0.08562441494908904,-0.024610166886459325,-0.05816111547473094,0.037110872970649064,0.1682978366097682,0.07052374879547635,0.04003435569361745,0.0427551731861001,0.11950335368106377,0.07617521971331566,0.039781230764413734,-0.02653942360189258,0.050963832666847925,0.045228877004216794,0.02164032973708628,0.08781069636739272,0.12671228695949724,0.06762850372986566,0.01750618203892114,0.01924091227572497,-0.07109403693804017,-0.09557766302428589,0.11249271532234074,0.10785466091273231,0.02738837261265666,-0.0011545248571819952,0.09476874807451571,0.06416569644449754,0.02744197028245029,-0.012925944640094694,0.010076185391778975,0.0007234492283421044,-0.0097493400816815,-0.037321440062781354,0.12895442430060203,-0.010861619193015214,0.104122907047482,0.013035612583624616,-0.09780810392335806,-0.13406602755034636,0.13901879522559993,0.08861118616163469,0.002533200832740891,-0.04800631948887646,0.11670096803903107,0.05246784548784548,-0.004678711336086961,-0.07956361262636201,0.05409049579288811,0.00470140362101486,-0.041029881756976874,-0.10677830772494472,-0.17511842919792298,0.12024521898269754,0.009015722221492524,-0.09796554749416411,-0.17472135556810708,0.13615458859682955,0.0681345316242044,-0.05347017357902918,-0.1598353816097361,0.12973400619825506,0.05137413288987176,-0.05724290546552185,-0.16586244159248184,0.09794019335035434,0.024004081097900382,-0.0637137150618247,-0.1558161495759571,0.055440768518032944,-0.05947827378990949,-0.13528438959885833,-0.20794901152905707,0.09983798183103622,0.0002149528827883845,-0.14046459720235407,-0.24896050208770137,0.09689391552643077,0.0057888987840871865,-0.10183263782592794,-0.17820491652371145,0.07529872463370124,0.006334040468853653,-0.07510902480090981,-0.14021159254364934,0.11073839448220797,0.002897322537134822,-0.023015200286854966,0.07736257941393788,0.09392165304974154,0.04186379271619647,0.04900921506467033,-0.02417866669455401,-0.0757313950891613,-0.0342171041817851,0.0022284410010296606,-0.10168149038897477,-0.17692776646057606,-0.14115389177267132,-0.08130500864147346,-0.05952277215506446,-0.013451406251775697,0.2174082165358828,-0.035725800323214096,-0.18719166848838684,-0.12205966443549315,0.19693462650776583,-0.07067485811018247,-0.20095649844465482,-0.14919820015499,0.09425339093507108,-0.036993982982453495,-0.14783396965874973,-0.1401084169090375,0.0564473557204258,0.05778116130474656,0.0757913104603165,-0.14329775926747487,-0.17157034791219122,0.07294821414505737,-0.004041283271976398,-0.11832598494073265,-0.13927112658785099,0.04281563089191813,-0.030359504228001117,-0.09883932949161393,-0.11393481909284829,0.026538400408746544,0.08775929840957869,-0.07127301790489529,-0.1440674454226618,0.03338823960973669,0.010124566617183717,-0.08304599521071003,-0.11210536094715218,0.007451247173598979,-0.03138933403978852,-0.0930093025033995,-0.11736474536892409,0.18323519098992597,0.10059516465616589,0.1096069045983152,-0.16173051469657065,0.12484671685164117,0.12212927340202373,0.13022864469344966,-0.12817520599031126,-0.09761158015713643,0.05876176996228142,0.11079431990872177,0.11938024408819806,0.15248460349171342,0.2408174502861208,-0.02446658251006718,-0.029804263800035077,0.02952281853567405,0.1528689101970223,0.009777606364930582,-0.024560043272535605,0.01555452222306132,0.10615495110268924,0.11707088640841885,0.051134842866002124,-0.010959934703721485,-0.0020954139126591435,0.10538045167589545,0.042577379293338956,0.0008177051572995968,0.00022270242045138375,0.12167329072975813,0.07962883340653445,0.02037204858107879,0.0005036011875028025,0.0983048254220299,0.0522365776852405,0.019805299067066164,-0.0005601937454828491,0.18457370256699743,0.14479627049683452,0.14980894317717408,-0.0602883785362962,0.13735566003019006,0.16226933363482893,0.16937754885058823,0.025662763987083066,0.0778137386620577,0.18272580519702486,0.043230665392740536,0.005829419157307224,0.06573648656472045,0.10236761352473696,0.12431438305158814,0.0482132332580794,0.010506643471082381,0.025993846465876814,0.11619078677488308,0.051965592093065505,0.014775814364897426,-0.006146685333818416,0.15341020947994577,0.12410952520671857,0.12319068217027294,0.06225825714801691,0.08347746015226376,0.07487525129239399
P,-0.06594188360923092,0.05535547759258068,0.05567420328832481,0.03186048915470207,0.18898089271663687,0.2141649245988248,0.16316780953975854,0.1522163958784008,0.0829337792104088,-0.12090054118323529,0.028881329017313384,0.04828972718085737,0.0671466511453428,-0.050466121567776745,0.0026072750309930805,0.01447952252674636,0.13936938452586997,0.04936185217993763,0.042887404490018904,0.04377664155282529,0.09771776858553605,-0.0012092041618434323,-0.041794478321360004,0.2114806031869961,0.1608870722599039,0.1406621168394876,0.13939496303483292,-0.08941661770965031,-0.21313705227240412,-0.005225039372727428,0.037307610385745586,-0.19768016032668928,-0.17336687534647283,-0.05671665917288726,0.004336153925643184,-0.18682309233111383,-0.12887567765175204,-0.04292402557047802,0.0040934930589787135,-0.28183689218656377,-0.2687077958592755,0.09358247875471933,0.023303012470769487,0.11355583659247179,0.14568284287441072,-0.23630667134360867,-0.27203912741039593,-0.013259330007554094,0.0602448806119526,-0.4368819116026794,-0.18686368787433885,-0.004469778513098405,0.07306453865080574,-0.37952663582887813,-0.16134629819125051,-0.012912542772084187,0.017310826827976154,-0.2186830456641231,0.015850260714612308,-0.1308181878555675,0.05241969846753893,0.14692661038330798,-0.03621937757648738,-0.30085080470436115,-0.13328536905151833,-0.06550669222583298,-0.14621369620286748,-0.18536634538373828,-0.04668032582167197,0.03573937994180538,-0.2508992955720577,-0.27110217701919664,-0.11997030262217237,-0.04055213070939031,-0.10392108202713306,-0.2749483466213583,-0.04333524107062007,0.12399384707960691,-0.07762654002697082,-0.1945237325464186,-0.1445284088967047,-0.1037280460290324,-0.08277435351534909,-0.11608507061976096,-0.012218602862009945,0.02395653703437517,-0.13332975250598306,-0.17343962952543682,-0.07813219411148037,-0.03209372695909706,0.31957110585986487,0.23044840889301174,0.2688603835302588,0.1129649541915539,0.4382392375460448,0.3542027364561732,0.344992300071907,0.07709325942926563,0.42646025701119106,0.44494306898887304,0.4256333211014925,0.0002588859487767595,0.11721977832821373,0.2232692246626882,0.2984242950531602,0.6579095097227783,0.6509640402021551,0.02829400081873792,0.028483422499368683,0.10153941852836437,0.18155838218029835,-0.2034749287812098,-0.03451647637590676,0.10020199707454987,0.21808877299321167,-0.28077053734688584,-0.15952561990104247,-0.03872102924515007,0.06444199872456961,0.44194554132171604,0.13086631800716006,0.1867174584833669,0.03951878164439624,0.04575058340756176,0.03057828927508561,0.011987389894464651,0.10194492087380262,0.1567973515228164,-0.10171801200697908,-0.12990368967298593,0.0010871170527683178,0.07558419873494172,0.19234946469701644,0.39681391894029977,0.09801805142705397,0.06149381448913302,0.1199609611465254,0.12305881034428101,0.13649067083619576,0.15713356826458774,0.021829191804498948,-0.029537903523619225,0.05452544624480353,0.10399077566907951,0.1341038682899253,0.21271906192560228,0.2524514715665264,0.02575621222745957,0.3690345467286578,0.2567458754187161,0.27118432926648045,-0.0746621279772818,0.08778631621604917,0.1619213757199546,0.22168432583014377,0.218906860758331,0.18752543957443216,-0.1993287194430455,-0.1951468347359072,-0.0976383705455314,-0.017811920766661736,-0.41703041186677714,-0.3567555733475267,-0.2361907838632981,-0.15362791456635547,0.007131519351813453,0.13450121273309182,-0.07308755006720165,-0.011246770466265387,0.025171225695340065,-0.0050299242846744046,-0.16279356376332826,-0.12253235379824089,-0.05911204035654986,0.16969639537402803,-0.07910620423062652,-0.03846340294952742,0.05009104109932956,0.07695949045610663,-0.08910920661828901,-0.06520505620291019,-0.028063846347866676,0.12859095989705868,0.12220073117352377,0.1360645291350635,-0.18093194569148846,0.026784239915960812,0.0536870180455576,0.11143794040824581,-0.08703030232684303,-0.0435122921184019,-0.0972762030887157,-0.46198425938591087,-0.28573497765651884,-0.17666170018924887,-0.11647821208989839,0.07491390308775911,-0.03721687950797382,-0.21672602711816763,-0.09606915695147064,0.060195624346540307,-0.0021551502846535097,-0.0728468909714633,-0.13200856665454078,0.040337125874105706,0.06025659912682129,0.07949899008378405,-0.0751546415775497,-0.030322385753828923,-0.11920252373918316
Q,0.44164507924462465,0.4106717852740741,0.16924891419784735,0.19127264726803503,0.8223872087601845,0.09855072478426931,-0.016059703903610077,-0.06897481065283771,0.36038199180112634,0.09807575572337345,-0.003472602911763846,0.002567175574587084,0.05287274071857397,0.05094697039130028,0.04513776852932265,0.07893653809443443,-0.22247179300616415,-0.3233971365255707,-0.1827983498071081,-0.11749611713539386,-0.028620364892247428,-0.19040563124535528,0.012786767102035206,0.0997018112423277,-0.5262101315054967,-0.2708874234864464,-0.22896856996497353,-0.46819346683504115,-0.44808779605516813,-0.1963848456318312,-0.1153322993997312,-0.6928595284426208,-0.43839958532964857,-0.18639192128427215,-0.07850250310247428,-0.8158921734537299,-0.757550614275934,-0.4531550708728779,-0.29677712418577246,-0.2459884655387333,0.10457970837733856,0.4465816149189092,-0.2716592999723898,-0.3030093724872442,-0.2952034503496652,0.0698066820462287,-0.21340658503522184,-0.113791830440488,-0.00017306950497753007,-0.12577007207434898,-0.26738832142991087,-0.054233964235801804,0.02861555855771736,-0.2567161191046521,-0.45833438165151397,-0.2538313674341276,-0.1327557522443426,0.3711207304849532,0.7224409172573505,0.449279251732477,-0.008213224515548763,-0.23939847817064897,0.4468460608542755,0.4241021187431315,0.3272676046194902,0.24573186908265,0.316057452307303,0.2703174996820515,0.2566705215075254,0.23022844091836717,0.2459283079085529,0.11250603227791971,0.1919500039178639,0.21555702388257678,0.7560467456650849,0.4656463090762921,0.046676034700755785,-0.3096752386146579,0.44859404338803577,0.39826440558418125,0.31109313352766677,0.266055464651151,0.3007648006935715,0.24857818656862643,0.21239058298188945,0.1989187977237793,0.23915964583600027,0.16430097596736634,0.21121726564932705,0.22424644476630967,-0.15550388753884178,0.09373130717335494,0.1174304701374406,0.21456049380059747,-0.06366487936089343,0.008917911132751293,0.043964266860752686,0.5458277137493236,0.03579213931706233,-0.00040593754820905865,-0.007577119744549185,0.39587403029745166,0.050070287608108194,0.25355981170640934,0.46913114646677745,0.7111966928528921,0.5254632333002349,-0.07874943068147398,-0.25753133916303267,-0.1753766113266838,-0.1702935127108803,-0.14832678849341452,-0.16589081025767838,-0.1781274332962356,-0.2367573447452955,-0.09480438309479591,0.04239836342603303,0.12933717028251032,0.15650702161933008,0.1716866583287664,0.11490283092093777,-0.2681746442949637,-0.13423757314950183,-0.09070194442410849,0.05637874135009809,-0.24930395321952195,-0.14391411657523437,-0.13106090192554176,0.01440100478533405,-0.08484094029790697,0.018615246479937314,0.04604825387033971,0.13942885602466967,-0.1294606844684288,-0.14237157637047398,-0.07461752117080678,0.09155577409646426,-0.17771808444515735,-0.13446620599368764,-0.10317039125687222,0.056402241136099644,-0.0827709519241205,-0.024724482227754165,0.00257217141320148,0.04192103429243092,-0.058982325056898106,-0.08906797030008548,0.2314894378786103,0.2080044136375675,-0.12464004876212469,-0.18953153040143011,0.023264393397343,0.06252999266237329,0.019040210665478584,0.16073153379518154,-0.3054456387947589,-0.19138694885021992,-0.05137078558797045,-0.009160247791413488,-0.13391815855306155,-0.19180916084216468,-0.041894767385273445,0.1894014822966881,0.31404333884849267,0.32082316411026784,-0.10817657623193257,-0.14508908500433873,-0.34920567609825487,-0.06262226034473561,-0.07574248970775103,-0.22978794882652592,-0.4495146021171013,0.020539940733323162,0.07097221995021913,-0.18800518999409918,-0.22830371696362325,-0.06361510699705542,-0.059259910203196056,-0.2697915731453207,-0.4349083991421857,-0.24740193427210103,-0.030820204098238196,0.11594714241355439,-0.17706288126233163,-0.27551223801475716,-0.23880002597608846,0.005139486251718205,-0.10044532939915869,-0.00875088148652525,-0.5652877981272365,-0.41059295199384727,0.09335683685925683,0.3848956979460925,0.5898535110887662,0.5234009013239967,-0.22465314203381587,-0.25225331593506,-0.8380991035688726,0.0012763346243464437,0.20110276116977466,-0.35330380648049564,-0.7094504225327063,-0.4230613247153965,0.08481222619833209,0.03572503299414967,-0.14168884113960345,-0.10541778435367787,-0.3942631458404622,-0.1242657566676859,-0.03587581586997272
R,-0.10173123956143326,-0.0024515537108175107,0.11317573535779986,0.28168843085462775,0.4997809024174704,0.18213862321952087,0.12186540197424749,0.09311197907086992,0.5079910464439609,0.4266386912573032,0.16905494788843098,0.12845387502279781,0.3818263900925136,0.1735936753237985,0.05112667912870816,0.07410692119023461,0.2910801263026266,0.06956787172368009,-0.021344854636847297,0.0010914514207753959,0.011411123227632967,0.08637442212876312,0.2990436624374653,0.40825190936598105,0.1388810295050927,0.12420643312218796,0.10903324839345047,0.1423913715589316,0.1584494517187912,0.0779275221838165,0.07013846973571376,-0.047790890768259625,-0.020089405099074486,-0.0590085276762853,-0.04664624145113331,-0.11913269283221958,-0.13097058719640453,-0.14622121474137859,-0.12226946772492563,0.030339003530172062,0.359643737401783,0.13847441952869732,0.09209684407564432,0.13148634290473046,0.13026055553246169,-0.08205408477965007,0.02727555630324715,0.027944809572376623,0.03758838123752494,-0.22787165380149002,-0.11405240019406686,-0.1623287181766507,-0.2077690753204067,-0.2427793914199866,-0.1877876839848037,-0.19856634979421064,-0.20673903290682946,0.5030508215277837,0.10273761158665785,-0.022622519295200146,0.03001885479424388,0.04581312841649455,-0.05900526475473341,0.08405740274159679,0.04935919871733456,0.03369294190969217,-0.28406420214010364,-0.15992211439170076,-0.23048603800272283,-0.19385756679563107,-0.2558702542340142,-0.21423904069343844,-0.18881675370015977,-0.1772856961563513,0.1269334665034516,-0.21626307594918118,-0.229273556961639,-0.21495727830016118,0.12732000138187932,0.07086831688687653,-0.01174443795397302,-0.050435122082302705,0.10395230808775051,-0.2240905433132897,0.04012399889773457,0.10561880253242537,-0.026643732886615503,-0.1390174083739767,0.026179243841214984,0.07394044859170394,-0.1477990683069471,0.037296788617593744,0.08384681832472779,-0.308343938496796,-0.5216314825439928,-0.21760237543629965,-0.13992617211475591,-0.13019315895854144,-0.11323731671240927,-0.016759171853597873,-0.09395080366713422,-0.03192962571157558,-0.0437076494117303,0.023043880408984193,-0.028448413126577456,0.4462615974355648,0.5106783734786658,-0.5401546933651508,-0.9103902021058259,-0.4596217829955214,-0.3696419180931143,-0.625045413938457,-0.3318696619362095,-0.17585298007119746,-0.22554747433081088,-0.4077655252947959,-0.23564819718220154,-0.13414809228088068,-0.16553082292727403,0.4456820286105198,-0.0984775484943282,-0.4276864091490221,-0.4506412798355441,-0.2842196061655812,-0.25419067657397526,-0.4116276845071692,-0.10167870350893995,-0.09125499377983629,-0.3244381174477916,-0.29847279112284214,-0.11068112891490149,-0.09670399251862148,-0.03523413897779856,-0.018713812979250073,0.013736881857005225,-0.11753604441672932,-0.1647858955603934,-0.3727395500102433,-0.07617668417492779,-0.05164403156852627,-0.2510602757100025,-0.2963333184688956,-0.10199479834252526,-0.07414010033884567,-0.05959918330944078,-0.054654550852683496,-0.045553027751012755,0.014726640809192726,0.10153810168654223,0.10751158662900888,-0.024798443189010377,0.06061266900012452,0.15115952956435533,0.22253604075289588,0.06795126161768753,-0.3890004157573916,-0.27271572000005384,0.17080874680686306,0.48115614565474135,0.33427078130846216,0.10515069228679089,0.20598989643356005,0.33250418410889876,0.3331991711357983,0.21194940094111694,-0.09136090914629515,0.027033569796632396,0.28120567954123654,0.17498484461614167,0.06424026731571016,0.07480951610642549,0.213105962142687,0.19656724923360103,0.11281252314001,0.017386932429996796,0.18185362451363288,0.1381596203367098,0.061344640805380074,0.0532979426927285,0.16164425910148958,0.15414252661951386,0.09019212618260576,-0.032006172608600725,0.05368271606526469,-0.028413349977322012,0.08449603163430715,0.12061111471706715,0.16409890788669088,0.0437724588866708,0.14682075161885097,-0.01756422877384666,-0.18116996466181534,0.04626554580767372,0.21846611859352477,0.07095146094554855,-0.21062150059735577,-0.14043503389651762,-0.03401139061119045,0.021371186724489732,-0.05583111074851079,0.012259202334654351,-0.00017790187979345343,0.015203249012388549,0.03375420312854922,-0.25566733187576113,0.029506394476098947,0.04905700681437822,0.2423773501156909,0.06460890907843073,-0.2352429154335158
S,0.02901346050150288,0.06196197369267964,-0.03292968221581914,-0.12360387454449813,-0.025466752642596263,-0.07133801743220684,-0.13545761706734535,-0.026312992681707736,-0.08434817188751338,-0.060687584459490726,-0.061335165021379444,0.018365122177593958,-0.09947870883254398,0.03006830087112663,-0.018029426158014814,0.04224536366878767,-0.022850867375407452,0.041854004655687414,-0.09794139068978833,-0.12169850908944657,-0.06049775634385274,-0.13435852335263873,-0.17243362592585376,-0.05186298141294336,-0.011816225237370371,-0.13380048355055996,-0.05208185042396518,-0.08567274069473561,-0.022309207671761148,-0.06804264878301289,0.004834669760271883,-0.077167497739774,0.05733520313750541,-0.02652937624530682,0.00510960591303225,0.00816945847989773,0.06381054704045917,-0.09275383880206765,-0.13086657822341463,0.1435790601508498,0.1260538359705898,0.1198470396795077,0.19635102792882922,-0.04940692214062163,-0.07709834709529577,0.1109056150298463,0.15180732834520952,0.008052817137446603,0.014856133998212251,0.10773190687133583,0.1868974101188201,0.059963610182012086,0.040707864547674714,0.14582024048030479,0.17336070139901513,0.01881553235317886,-0.04985777980254625,0.13695168335472283,0.023157326470412246,0.031806428697900145,-0.06865827429604478,-0.14763486589324093,-0.028163394852435363,0.0038165757031361283,-0.1154088657277093,-0.09003456092193989,0.005217438873651554,0.03642123179937659,-0.04602304685980888,-0.03462678400541829,0.0492674289635366,0.0579775606060468,-0.06413520155705668,-0.10921454300262529,-0.11329694460309209,0.011170226287574074,-0.11129018384053077,-0.17314134508685883,-0.22222834817858728,-0.15754481317641875,-0.3433768005209402,-0.30459050605510085,-0.1730218324140271,-0.2558843988056484,-0.24271794667501048,-0.13900464067792762,-0.10571035665472245,-0.167270462158715,-0.24554329295396982,-0.23440237289300708,0.015337149506185197,-0.17694686277727606,-0.2123271618008865,-0.013170363611219595,-0.050289278070117426,-0.17631059908365176,-0.162262299264181,0.0006055127611581405,0.08518367618227653,-0.1518103619518933,-0.1545035633757706,0.04742528700474301,0.09068229124271465,-0.15056107976612684,-0.23886897274535668,0.3786680306367249,-0.3159334523130023,-0.13951886654377557,-0.16380352020596656,-0.11158115359075009,-0.2660408229477577,-0.18710883123897504,-0.07447481071161449,-0.09653389992920862,-0.18019062048041495,-0.10980056887290086,-0.041658669024017686,-0.09709896780121759,-0.14194999956342455,-0.8699245878328153,-0.11027467270346873,0.06762645817620756,-0.12611399673132986,-0.21038738933031575,-0.11004799339170732,0.04881176708124674,-0.09212357337198668,-0.14635846833398153,-0.07311165646748295,0.02727817477330607,-0.10495868731450987,-0.16718547521925411,-0.07574875191519158,-0.033020603499746656,-0.053005110666488824,-0.022036836904069983,-0.023874765753997704,0.07801574022859521,-0.00578121593227393,-0.02199227848616775,0.02962102786473004,0.09125132899925104,-0.020979152603018643,-0.06912638275816552,-0.02504444409942121,-0.1944554521133691,-0.16440297339720517,-0.005079576990692205,0.14434624720684164,-0.1765655199556318,-0.18065804714108089,0.05719306642673669,0.1866827082600433,-0.2909077835596233,-0.36559168580914975,0.08221013415773089,-0.34647100159910443,-0.08881470490319066,0.012468867224106502,-0.05450012656282249,-0.19430294051182456,-0.07759592672021605,0.01332818667685276,-0.06485689666173981,-0.12991640388283646,-0.6884606316026678,-0.08347349562444241,0.14401166589149147,-0.018585956299785617,-0.11813404657897002,-0.026258441796593854,0.09485297409529067,-0.04815939280979088,-0.1457561370829281,-0.10050073433472217,-0.06272675564397903,-0.060434383808291386,-0.02183056796804998,-0.027526702549679486,0.0100509354565411,-0.05426717401718233,-0.08401643004118246,0.11681566986039962,-0.2625703882879838,-0.14538157865622048,0.10524564529669593,0.2763160300939091,-0.36176718521998286,-0.4175893976403327,0.14906236569957046,-0.1265727331061935,-0.04610396455461301,-0.004334120086547917,-0.03877409013266173,-0.1299513490905075,-0.49750069191163304,-0.14308445238878856,0.10737344816211089,-0.10390969017957427,-0.28019256629476813,-0.053122034671342355,0.0005932403854405837,-0.11820208018711836,-0.14202648431633028,0.05105161387266853,-0.5528001228650584,-0.3745212400767801,-0.030723502735353063,-0.17305540627265184,-0.3431205167871803
T,-0.10116479020802209,-0.09585269922661616,-0.02576505610862431,0.16613094051710778,0.007535696463654711,0.14647536483995702,0.017300789656845346,-0.0995313586666357,-0.14912375283601312,-0.32187536370258163,-0.17467480222942267,-0.11627890470468605,-0.2292212349639663,-0.23529614644428842,-0.13633284713890761,-0.07274461650541994,-0.2707389492101162,-0.1991780943739301,-0.14685469087744418,-0.08731608300368161,-0.012282868861781877,0.1032459894109652,0.28925941789780024,0.09041737572987572,0.17863259412341584,0.038366822524144036,-0.0648252130458167,-0.024304424206879765,-0.1506792573312504,-0.12364286910510532,-0.07952050558977579,-0.036345681131047636,-0.07986932588011063,-0.0687970110998106,-0.02842391926306992,-0.024886757292737195,-0.03261930162847836,-0.0579150593948884,-0.024854028518345783,0.32857589264350046,0.4043969178706058,-0.088702993696209,0.017651294482466898,-0.050615048787470585,-0.1402530078831417,-0.06663096433805914,-0.11816842731299253,-0.09450778015089137,-0.024522724664341244,-0.03234457680367434,-0.04253559280159164,-0.029351371335438296,-0.01214167959692774,-0.0013881176586446847,-0.008210113264262329,-0.022692583219387146,-0.00442223579924231,0.1977033835928619,-0.3754474578606941,-0.25816300271937676,-0.42041173108342267,-0.25681450020720786,-0.11567486946194368,-0.23204843522041046,0.035839444672217224,0.06561334044749775,-0.055551996736088904,-0.06613513369204553,0.013531117443374995,0.01499281752488274,-0.0216039980545129,-0.03133151089591197,-0.0020017659414491547,0.013802677343472377,-0.12350020017415098,-0.378538096541589,-0.24443762154455026,-0.11873302273585873,0.003523873700714078,-0.17565115086651684,0.20579177278128233,0.2087665331666123,0.10667002023755662,0.10872858352100423,0.17385822335236692,0.1505965594546862,0.13362019222900867,0.11783939990390682,0.15827282811537524,0.1595571909283501,0.12070262869513915,-0.2117304247536591,-0.23503820420055757,0.15183067534312708,-0.011270448585168088,0.08355798223151678,0.09167774297766955,0.12373885493338778,0.162772774536897,0.18110330680270414,0.11321135756935106,0.11753176997534061,0.13445574555080697,0.1529464137470822,0.15280887188874617,-0.6833664005458154,-0.15955899015725197,0.3389078324781923,0.3559743302178552,0.4192294210397848,0.38163452280403637,0.37039007656593786,0.26180136998611975,0.25500565248291984,0.2193183490300348,0.30106614554460587,0.2061392945158727,0.21591588211460194,0.22750710712118855,0.35953880476850525,-0.12230389612796584,-0.3914806447475846,0.10835636529110079,0.17256146829450536,-0.05798363961134576,-0.05369279309046287,0.06902476644796415,0.0687495623848161,0.006922434183378316,-0.0020185006877542107,0.04281000978962819,0.06172077313346523,-0.3022205741213862,-0.5820822656157493,-0.2933576841355489,-0.06331781749938109,-0.2749640844745728,-0.3229283930243397,-0.15372915162073997,-0.09203686988171778,-0.22860612301208816,-0.23517580395452845,-0.17145597054208772,-0.1231191653049656,-0.23935028026165578,0.029197406829370512,0.08435338476772379,0.09848143720356968,-7.710522807429968e-05,0.10022992993816496,0.057631292879772915,0.10918272363681661,0.12071442228913898,0.12931618812243426,0.11542731467953739,0.261708609249137,0.14009066770487164,-0.323304187116355,-0.06789425321221876,-0.032953312210588434,-0.08300017905723452,-0.13153807579453788,-0.060934207642823306,-0.0469452919896561,-0.05726782606096048,-0.003930724670339028,-0.029525747842557553,0.03207761398736507,-0.08417128356394506,-0.09505132779768985,-0.03537290287500604,-0.0033986132236664608,-0.07271017695610298,-0.07153331731985796,0.07010440562905416,0.09536834518079813,0.0013743516477351114,-0.06812617006419486,0.03652573661923861,0.052402710180606986,-0.015550506898126553,-0.036161912377164165,-0.14565692677324088,0.07907340909040317,0.03887471002190143,0.12157969774705894,-0.03446417636048498,0.0706547305188427,0.06687270766946396,0.09189717188928974,-0.046287099078096645,-0.1549514200190703,-0.052950761708431555,0.009592515654010127,-0.025450706192852217,-0.18823777858344792,0.04425577785990327,0.09230317901220558,-0.014662523777059757,0.003265591330520958,0.029597886645748268,0.02296207367117801,-0.01906847492087141,0.0015999469410058532,-0.18360683250053078,0.05167307354302417,0.02947570415015653,0.21314504504697587,0.05516985844553203,-0.25476497713190027
U,0.38208453559134875,0.32688431984468114,-0.11440450548487073,-0.3540262590698961,-0.40316371924383354,0.022813023096148945,0.08580341255444086,0.09556128270445419,-0.149010103942342,0.06557886878085212,0.1684633194580905,0.1729655218420775,0.12458391162253254,0.42076770163720834,0.10311662195470535,-0.07579286986641294,0.3490647989137211,0.4942847841502053,0.23460135442083022,0.10146630862397181,0.2673860033976166,-0.21261199270071046,-0.3696297044198654,-0.5542695423507061,-0.056639774047339345,0.031680297653955185,0.05168883435062479,-0.06473015393552074,-0.04634536577275731,0.10325854667501622,0.12833878823699826,0.22849036047436394,0.3673872486007288,0.14705196122738282,0.023836067844080242,0.3878942282086651,0.444194241064791,0.287870012885752,0.1992769536895359,-0.29587933950286205,-0.14684286770682783,-0.41007842666407884,-0.13043714170679188,-0.02493623452949725,0.008902117921931088,0.00907825697377481,-0.12041159332119429,0.03759041541890729,0.08948887916764733,0.22449037164511815,0.2533249260594153,0.1603150669452696,0.12222831630690244,0.31214263785593177,0.3132013803143313,0.2600339671760743,0.25036263590428603,0.29170482238260587,-0.3229032120023734,0.05061540484512351,0.10581408613882494,0.12655847795354902,-0.15230235565660505,0.014963704464696628,0.15881491693974806,0.2116554464855181,0.08075027063627803,0.1951837414492427,0.028311776159602575,-0.0672616582685351,0.13145903522668764,0.18314819631642132,0.0916228069079558,0.07573510929914949,-0.12461248586639638,0.3019354674956306,0.41188678949426666,0.41324419969739573,-0.12295932318888678,0.29667407694933556,0.45092393796815894,0.4902692852269699,-0.27587748439668547,0.24178893360219578,-0.2965895528014115,-0.39599620034146193,-0.20073893497072004,-0.008228076650388657,-0.2824698113310219,-0.2963435920848899,0.17608515360399654,0.06331719651947851,0.03811298611157814,-0.043516951389481306,-0.03233442467272772,0.16182793998810072,0.19106530729735213,-0.0682349495931198,0.0153419315363236,-0.41612242986111203,-0.2753940451696472,-0.07006424010744941,-0.07493061241831381,-0.3040722848489914,-0.20484096627097004,-0.5518397218455334,-0.5089794443593032,0.15122369426697788,-0.2973707944369691,-0.28352493751668656,-0.12768230436530664,0.14231831637122894,-0.07277940184227272,-0.14041340229571106,0.021075682829626123,0.10083876271174372,-0.016777107944044856,-0.08730142176375305,0.010478823252618091,-0.3487477208958141,0.06987632170546174,-0.6238394248114518,-0.3382943654172281,-0.18107916543875366,0.11245852000708448,-0.061207133829627884,-0.03406092160516235,0.09219866460575252,0.15165870795116818,0.03332490289104388,-0.01659521559907615,0.061895688361993044,0.04258937254884143,-0.6329930104761649,-0.6781387094304259,-0.42737436475001783,0.08444824302551722,-0.07600788578670434,-0.0030381428044753663,0.1092058677478191,0.13598340792708855,0.044706687858589986,0.01159248592121683,0.07819957211669472,0.1306343397058166,0.19447243890408034,0.21255679079815054,-0.08318774951538375,0.14224454862997243,-0.40682626261393234,-0.24991219773018375,-0.07192853351933773,-0.15355902240275407,-0.4764285342002326,-0.21346581681544216,0.249631366937606,0.26139717413282015,0.2516463186136007,-0.02837416741933642,-0.11938760842360395,0.12400107268230144,0.19747171940974875,0.01825150653490802,-0.0892014512093643,0.037560162910764534,0.18958463254803207,0.2256947556570019,0.0788357426639032,0.13202153326774116,0.27927153895427564,0.24906509654094736,0.1447964267487675,0.0988633005230138,0.1753171507934452,0.2305636294982513,0.08394699997978855,0.1603232335467337,0.2797963854058737,0.2367726019150369,0.15300347434391395,0.12428426212572725,0.18325338059314336,0.3244941292940068,-0.3972379870261678,-0.24152575190084988,-0.05218559696320957,0.059948486242432666,-0.39839754429129937,-0.1618980228523358,0.04584691790106371,0.3608091074362932,0.4450650616577715,0.19298750829484423,0.0711452629386181,0.32044075665966887,0.6209489332538702,0.021817758246769747,-0.06007307684433451,-0.1030456151316297,0.08161095864743095,-0.17746351737663846,0.015088933840940384,-0.15004201600059136,-0.20027220688290048,0.346873491982647,-0.47266793108585115,-0.22748388515907134,0.0014046679492547677,0.2988436081700258,0.553003713617434
V,-0.5340984390400824,-0.6910358016969934,-0.5423074239703881,-0.3406394840405005,-0.26846428638884356,-0.2676883231762519,-0.10606308262291443,-0.07077484519414246,-0.19802676955380866,-0.1524242624540852,0.06825050212979926,0.10560923077363578,-0.24007067020538347,-0.3972837344173671,-0.15593612678328553,-0.10286303853876679,-0.4010277051382095,-0.3979047837039274,-0.15783026051283294,-0.09776295646143596,-0.6571552874846087,-0.42004058481278067,-0.2644366985304527,0.14906095685245044,-0.05261797828781437,-0.033466317112819235,-0.030853061998714827,0.21541207298940335,0.16270853692923595,0.19507342712258433,0.19080513944049582,0.12454142355325211,-0.16311002403908278,-0.07075246789133716,-0.04171374240352827,-0.04067249154722777,-0.15893537971515878,-0.07199637198211226,-0.03272666852737376,-0.18167604610966412,-0.19707775025571853,0.293634576564352,0.1251617328716438,0.04735427104277494,0.01997055627685065,0.25364993267735814,0.2755550477533658,0.2933678180964067,0.27256166690968897,0.14030693588495255,-0.04540652480409665,-0.06656330044601762,-0.0912662888957608,0.008821957784683357,-0.05878981632715695,-0.049218759822021105,-0.031520657153111004,-0.3061643671154947,0.12482148471708202,0.21633366483384556,0.15104695086267664,0.11764344775421993,0.14366250553704749,0.17698622642805176,0.24551674311486651,0.264391535799177,-0.004866245249635799,-0.08590016826371398,-0.1894423354977511,-0.2803998228703728,-0.11697500865247677,-0.11782262412145994,-0.12927107321879203,-0.12505609490903363,-0.06656305497006088,0.19744250820741666,0.21688186815629146,0.19646281005805188,-0.09886498126673414,0.04864315854016762,0.1522929225992784,0.184930373460663,-0.1411501066650889,-0.1230633642634461,-0.3235686501924155,-0.3353329046769841,-0.17186129477092732,-0.15468978594396463,-0.1249495175948803,-0.11603878085076913,-0.18773556616019563,-0.08500384077176573,-0.08745203548566163,0.18519129891024189,0.18158370824819503,0.17521187586592668,0.1645044125238235,0.09349532848167422,-0.40166159172212346,-0.2142140734411651,-0.10835858905267484,0.056306161106911105,-0.07989541012549962,0.040346076659111135,0.1529451707668213,-0.20570465068094745,-0.246440129256138,0.1388190164364374,0.6533734383510796,0.3745104360082644,0.2738091160099471,0.32571331918478974,0.22392577521019344,0.10792783032712339,0.03230690846399425,0.2841389455372882,0.19406221655036174,0.16298977412827104,0.17006327438178995,-0.2388431186616354,0.024168899603848243,0.599901959920395,0.4185081656171175,0.22416587045251588,0.15922367228098588,0.35232956992795195,0.11569544052738533,0.0471555625325693,0.26045678753854584,0.282552874857367,0.1592184504165588,0.12349207130725107,-0.0004233904606836313,0.2948233440613904,0.3535022413223358,0.2885218769880138,0.10719316965636995,0.3374285632760323,0.10466304122640213,0.043648473508750424,0.2004294444900739,0.27331249354227094,0.13823224444913512,0.09443140773799677,-0.047547457949497066,0.0988681197998719,0.1148601140940714,0.05923572801945519,-0.807466563906987,-0.21993803664882494,-0.11166947630693203,0.06353268004469462,-0.2657171906714055,0.09416200744838603,0.22201978699916586,-0.020803347671208224,-0.014416835212447654,-0.01573168414988169,-0.08742817771707001,-0.03413709450748214,-0.05788977215406406,0.08042900906086432,0.00019957439781284432,0.041258471671306564,0.0916959545020228,-0.030720752659467384,0.12303203170456319,0.13165914281850413,0.15060425544293862,0.13608976442035725,0.15951817379612696,0.09810249299373934,0.11532351108451667,0.14386652635107894,0.13639219023608715,0.16823746634817896,0.180688303692363,0.17853882674697116,0.17046841047018219,0.11964469451099495,0.13010187457832598,0.15315246000575888,-0.5011726459566394,-0.13838408705079067,-0.1312845193439349,0.09055208662719604,-0.5829120506689999,0.12849572725742692,0.20490896173686385,-0.4777296053670422,-0.5185475483039602,-0.1364905814981688,0.025866222612374413,-0.05702340885340855,-0.10760383126631591,-0.48533236608830516,-0.05286057698240048,-0.24230132538537072,-0.01924667803262739,-0.021593483125606973,-0.2611072941588061,-0.4284770931642572,-0.2510165525300423,-0.06261029890682462,-0.2780502555832943,0.2886040247913885,0.1268812988751974,-0.24449795748574898,-0.2580460887434352,-0.1986111705421714
W,-0.12474906658570262,-0.12070642665427973,-0.07114646383435044,-0.021426181346664686,-0.04161673162063634,0.009294620729717741,0.025627452717825037,0.03238693462461097,0.005654408312989883,0.0242275263364301,0.014366268991856185,0.012212768162931384,0.042068104007984844,0.07583663498168117,0.1583911827130895,0.19180010184045007,0.04074155248491064,0.014591847907043761,-0.061975453688996394,-0.10572631023261288,-0.09006773676085991,-0.03010922089632883,0.012016728345956906,0.02409116529265121,0.03773106195574234,0.033389344946723486,0.03591924489025139,0.053926222803687036,0.044067387807630996,0.02161342029563096,0.016007949066049236,0.056923271021991996,0.07662131716886399,0.16148410255987533,0.1982575266540882,0.035978661040292244,0.012810119712821599,-0.05697621990628866,-0.10217490515034841,0.06684859379566566,0.081019739995484,0.029080034262381628,0.050923133149596275,0.04793410155987941,0.05023682148279063,0.03787917663621132,0.041163269392258874,0.027840168565955083,0.021267164754048516,0.026659907223482465,0.052983757141908575,0.14246594597559506,0.19034990582357972,0.006410055737220529,-0.004755538181300791,-0.06186737202188315,-0.11391723240785662,0.05170929799887626,-0.0012530831058470185,0.06349390123402142,0.0726558609998304,0.08347878246206296,-0.0016428722414493348,0.028988469922281206,0.03247352556356267,0.03160554691159563,-0.01137054875675857,0.019785707370748862,0.11454039420212868,0.1635481262005015,-0.04108155932629434,-0.043334327973912574,-0.1071157738730339,-0.17591036750159808,-0.0026128873968359607,0.07014830735530259,0.09798556850387996,0.11361684026761405,-0.019351722808337402,0.024679987685840343,0.03959922219643507,0.04367491987723927,-0.03754087260855917,0.0024347930276956424,0.08287432769386233,0.11193559063853749,-0.0440568122095369,-0.060928121054416265,-0.13927925912308556,-0.20484260163567264,0.025317200566701625,0.018135688288684934,0.025044531937494896,0.027659177039597523,0.014004712290152087,0.0016337522071217044,-0.00159590431648003,0.011871119336214243,0.0745717703302762,0.20145969085929277,0.21242672134161478,0.011120619715689886,-0.009166657227370993,-0.08738150767799271,-0.15149704247878273,0.013974667069831921,0.03592570173116307,0.08853847133152508,0.06517549926947669,0.010248958445515656,-0.014301605091134206,0.10278838519150899,0.07686309499057305,0.05284753070176783,0.04597831404026275,0.08805304339729177,0.053923215173642215,0.055056707018501565,0.05988923904065153,0.04516843566963605,0.037496203511353444,0.07375057828466516,0.02164176210552094,-0.011642366822034159,0.06353598416638147,0.08351258186853375,0.012710179900103882,-0.015658527536122586,0.09131018457683537,0.07969817999425427,0.07653664399756221,0.08820341430992339,0.03808210925717582,0.053612258708782036,0.02369397860779066,-0.001307571687938735,0.05811255570521681,0.0719245792940997,-0.006251526450879956,-0.03363522173257645,0.08433988437223164,0.08595691753010654,0.08321601812146781,0.094388863893536,0.021406441865810907,0.008578513943822549,0.004512435411452724,0.0005627267492803627,0.07111060025562907,0.17099538752275026,0.18360841287742552,0.01395546628341752,-0.046370977832655924,-0.1635507144892871,-0.20742136464309316,-0.04813809994455046,-0.04957470983712333,0.04759846659086496,0.03759333987486372,-0.05535556518259183,-0.08246229971965745,0.06766935858014164,0.039127823303309446,0.07270651573709729,0.10879154430776344,-0.03585407624288335,0.01949623476890286,0.002773786431734907,-0.06539077075524456,-0.10247175781145283,0.03890786472153421,0.03510692061767482,0.07054744576754991,0.11308401797436787,0.014665223371267862,-0.017613908706242236,-0.07973905229970292,-0.09897582634085285,0.03039431793710069,0.02684638437402715,0.0588887237341503,0.09400012967618743,0.06816670404052184,0.1894388920727343,0.1961317504133068,0.034709466027231455,-0.09053467260530895,-0.20324489592675188,-0.24833356677382765,-0.04898134442255172,-0.01790420031182605,0.10477772588051401,0.0846477308740086,0.19832583505029025,0.226104212260897,0.024224839688339092,0.2072857726716749,0.19744324464094445,0.3538526499682506,0.44346282005954535,0.2322012359165155,0.1866381780782808,0.33429889627172665,0.3999538544668522,-0.014468027578249974,-0.12562884299558064,-0.24390403888825274,-0.24543426513728003,-0.2514653360814119,-0.15754203922912233
X,-0.03907785956215443,-0.04532881137659647,0.02725983255052221,0.03283292286528285,0.048739341435802455,0.17932874706577773,0.004404294038969757,-0.07497050176005943,-0.015706698121233566,-0.015482399928137948,-0.011774259107569905,-0.03313958342357763,-0.09688926061961006,-0.0022510761114386477,0.05203606962356225,0.03965745046307826,-0.13089759671855108,-0.02768260579039641,0.040172276892153455,0.0329594875303953,-0.08575855616296074,-0.01170689822671766,-0.019487438702836923,0.08524672635279477,0.21844097635844645,0.010616845622003903,-0.07501211450618712,-0.07028679658015058,-0.06377367398383707,-0.041783041932349295,-0.05439278226427856,-0.17551000337893286,-0.07977069015488239,-0.001417934959764461,-0.0023954908400191308,-0.22345254288398067,-0.1239667179779925,-0.03440152519218099,-0.02591763474088245,-0.044809258127332455,-0.11427581336587818,0.1694962039329103,0.3274883676526609,0.0725174031110356,-0.057467224902990104,0.0012735072650326572,-0.026870652379429243,-0.062331688792070974,-0.09292298176178199,-0.10849521341289123,-0.08272356429790347,-0.047508925281212366,-0.06780445315791316,-0.17573736691643665,-0.13740313218428485,-0.09657455123838579,-0.11625078992188542,-0.18546882609910217,0.1921055333120118,0.3538738515522432,0.15083311776138275,-0.013928778232145415,0.09688543130200361,0.0469458014465727,-0.0774729224240039,-0.15351571422939292,0.0281978711632665,-0.035507459321730044,-0.08914405844764997,-0.09445812472796379,-0.03194613203052784,-0.0984813375527619,-0.139346318918513,-0.12496121924616156,0.14582861444124778,0.29701458570772316,0.1670574925923251,-0.000758463305760043,0.08739370506161286,0.04192039401728913,-0.08311437537693134,-0.11082056949853415,0.05766366295719432,-0.01734087827411983,-0.06069882559379679,-0.044661472385384336,0.0265610760402975,-0.04595297111772149,-0.07589862985364745,-0.06084086339390482,0.06079236953293534,-0.06249298007854565,-0.13672684506220437,-0.027357491609984727,-0.04867587019073775,0.04838858806853671,0.028949874664181866,0.0066940527084184695,0.02310640812117126,0.11551919667807727,0.07304281072360047,0.002280748967627324,0.005931857642541562,0.054248705674977145,0.011439361157603634,-0.24596579619802364,-0.19909134110268994,0.17094859227032658,0.3513027493991445,0.35225616265763404,0.3177559026633442,0.24226271066330227,0.23943398806455535,0.21050147919865175,0.18999990043425996,0.17047869246755507,0.1670966054539865,0.15888182358906494,0.13117684028975124,-0.013218642632510913,-0.04111087376229166,0.049110700685369005,0.10921350919787727,0.10332485227274951,-0.019911979429142003,0.04378478376925726,0.03431974367917327,0.018639903820544066,-0.018806708797704148,0.02096896770173158,0.013761386105745147,-0.009113301298947725,-0.1371034309595186,-0.332228076642661,-0.06904523026075557,-0.028047508829831775,-0.14600246400418537,-0.20456784059207092,-0.10849722923881046,-0.0896940549180127,-0.1600751799054669,-0.16891948826050446,-0.12887005296281923,-0.12154880837236032,-0.04012093334704949,0.02588192934438666,0.0033175043279677825,0.01831911113579161,0.03992769428184132,0.08928772582591307,0.04224994177206587,-0.001375018019690294,0.00023215408997958196,0.06439659047637727,-0.009152238384214376,0.03450007595002884,0.008605650352735528,-0.03398389367737358,-0.005135594397060173,-0.02964828551575416,-0.052535942107555134,-0.04843265638784745,-0.024572097565091117,-0.040731306222625725,-0.0735987896846501,0.021902710696163747,-0.004135120692731016,-0.14406930398473863,-0.090211899036609,-0.07116259758759663,-0.05505232294627421,-0.12054165049378808,-0.0974002732955988,-0.08742996104101572,-0.03680299406426895,-0.11403111768963572,-0.090485562005613,-0.08779134850294756,-0.08115860743731948,-0.12719239107987365,-0.11337631534028968,-0.10457877153323511,0.05974221567304974,0.07796610661682615,0.016604457843657775,-0.022412183982309278,0.0466442467958445,0.06533552069474952,-0.023214745350205294,-0.1451860953189414,-0.12310941922594493,0.024249303401044694,-0.029888576957261957,-0.08436178943049676,-0.11634064564451302,-0.025165782995677365,0.047918739406490225,-0.10437937636255575,-0.04250744187085605,-0.020106159643789145,-0.0032395150297155266,-0.11181821206631519,-0.04983866066734182,-0.03903394644759452,0.05287062288368335,0.06456088318110215,-0.011133878893017531,-0.17029486926874118,-0.20010444881144723,-0.08146976520108504
Y,0.051066149161305176,0.08228707310646163,0.17149800933288337,0.2100507500625947,-0.13528922339876925,-0.15300405449560414,-0.11227835927825672,-0.09279072700753711,-0.1605083755737436,-0.19142985751136762,-0.1157711862591607,-0.09723834309710214,-0.13213191869876503,-0.09677313106816021,-0.09739760847678472,-0.09756742531859987,-0.06465051145181541,0.020481882343671598,0.0814410501761759,0.10466522395595051,0.07352774310507308,0.14913313250789242,0.14611988243511984,-0.12245287345100357,-0.12485591782306188,-0.09582482300891025,-0.08221744857979804,-0.07462130725267452,-0.1334335211865009,-0.10221594663519833,-0.08726744741820996,-0.023764380022993713,-0.047740113175600105,-0.0785169735927258,-0.08574910214488377,0.021670864620256195,0.05265478430697812,0.0901835428740669,0.10569185449365134,0.032036525461554326,-0.07795372710321237,0.03752844719032327,-0.02690250992256992,-0.0397108913613781,-0.03216004924317506,0.056742274670766944,-0.0238081993203503,-0.04511488729746037,-0.039451768305095454,0.07289817254252258,0.027109392596694707,-0.01913954919835305,-0.0350401227166314,0.08352845982189734,0.086276319091296,0.10059489649105648,0.1099908444359143,-0.25409226402073687,0.14814675792617246,0.08331287465802831,0.08624622558675155,0.09262434328617913,0.16475255880335257,0.10787286841095498,0.09415656961397867,0.08207179568632407,0.17774939886610952,0.1434807329075584,0.10956736663866136,0.09058555963430602,0.19433143649101012,0.1832056727104902,0.17342872263893153,0.1679669918551671,0.1716367403028049,0.12521655326317144,0.14418386988161114,0.14958491148107095,0.24333329978412638,0.19119347303115855,0.2105901702199986,0.1902105886972915,0.2607337421294369,0.23070750019360034,0.2223499773378432,0.21336722535644032,0.26431478808665865,0.25768518895495823,0.23976545630759064,0.2205529645081921,-0.07633684110408649,-0.08725761198561352,-0.058429638633357095,-0.01644220454756737,-0.2250379332966651,-0.14939171238724167,-0.08181421983797901,-0.0019217385389688757,-0.11246541609294895,-0.22110539521424014,-0.17105006281930601,-0.0005102153249149052,0.01795174424574019,0.04717690353527059,0.07108603821329067,0.014768429418241833,0.021132262536540398,-0.040957245678848314,-0.049510013071849365,-0.044697060549841613,-0.02361085548102908,-0.03290594137073156,-0.033167558564905705,-0.06952810820006236,-0.07261607676932037,-0.02778103068679066,0.0018486175883103216,-0.010546164299952043,-0.013693087233256513,0.01560689761264729,-0.052735967571238516,-0.0697422653314848,-0.07456448680777958,-0.05664102600958149,-0.05520308819607982,-0.036864128839646376,-0.06599789050874132,-0.07206087025238121,-0.05792818572003532,-0.002345643097066376,0.024942505038122058,0.0422965605503196,-0.044614117282231414,-0.059222464650679985,-0.0782026873622249,-0.07161268917998868,-0.04801621545075223,-0.030113968466748714,-0.05850730661879269,-0.06816176941294068,-0.05055941439788856,0.001168902840400695,0.03804253077939105,0.06010423514405803,-0.11617015773472927,-0.07522722040726633,-0.04427360002864501,0.0027784138561475517,-0.10783962509425185,-0.20241559087901692,-0.14353786618924194,-0.004508838497428391,0.06101884668552889,0.09978819483683585,0.10809111096955923,-0.011903990438760514,-0.007232529168772622,-0.08017839554439377,-0.015276259829832366,-0.07253702884744767,-0.06700994403996652,-0.06311785178844875,0.008995551387559362,0.008208838579350383,0.015628326849113795,-0.010329820715260198,-0.03700017733259892,0.037445867432173215,-0.01159904802539922,-0.03325434266491617,-0.03902011804189427,0.03927128864244431,0.0862166314112407,0.11269360971935688,-0.03350277398112427,0.028261559360788464,0.0038119100645851943,-0.01256328282453012,-0.03471971053776766,0.03250871864434109,0.08400360710566979,0.11495530307077301,-0.029146352687107437,-0.13485870300915387,-0.09177092681218299,-0.017892899315016402,0.13749299062252668,0.12189956822479188,0.11653937473079964,-0.015459146732701502,-0.016491463921179936,-0.041735441882834894,0.02766817736462914,0.023684118334055888,0.03605117348224152,-0.0238247849221963,-0.07742824853594217,0.04238721605057366,0.18368027412637827,0.23170461572256004,-0.07391823879652465,0.028765936987788284,0.15017918066010777,0.200099810708207,0.10759619868163246,0.10294126056449485,0.0974149301491222,-0.0788972686406801,-0.04073405431727199,0.021929805168883498
Z,-0.037690351670999066,-0.11305547052274961,-0.12869802181273185,-0.10982020633745056,0.0586524454986656,0.021039177459259657,0.08923396685210672,0.10599952411699307,-0.18268576926013538,-0.3657319520195289,-0.29208716270411833,-0.20402097869089597,-0.2952318640780767,-0.32508992246991725,-0.22518999335799883,-0.11183208558362104,-0.3172160232747537,-0.2866543431271921,-0.21709340249105594,-0.13309271379777027,-0.10049239282650582,-0.06670693445978383,-0.0348634318664403,0.06336247173936987,0.09148057493767393,0.13238444853102307,0.14092536988011017,-0.14638874408843752,-0.20102671716812376,-0.24629645612104123,-0.20886845202397414,-0.15426905508187674,-0.15512492997222768,-0.15780029499361134,-0.11441160603953589,-0.11286599047572614,-0.1013307961498707,-0.12801181185390179,-0.09640246354158913,0.10517607780080843,0.08617944824765457,-0.03901816116187354,0.09442334424102086,0.16127902273576014,0.17456775436654057,-0.12342527051751358,-0.0835327476302633,-0.2026091971130939,-0.21996000376296507,-0.07148608512121689,-0.04081473283657399,-0.07573139220316256,-0.09393555516212468,-0.017201492407867065,0.003797203488370891,-0.033723359226295054,-0.04385675974780863,0.021264610737844723,-0.11136847920849471,-0.0027517700506812176,0.09411092490213557,0.10269393869505763,-0.17234130920926616,-0.12542379327648215,-0.18335915150963222,-0.15633686223774343,-0.1507169599656621,-0.08080568851330372,-0.06270051529729481,-0.08680684137629516,-0.08665211537335707,-0.01915983824774449,-0.030784945658503045,-0.05834200745455259,-0.12199519561371137,-0.08028780771224285,-0.045572291490495485,-0.030043489932993106,-0.16741504042734037,-0.28832225448913323,-0.16608705417357325,-0.0016245681928255462,-0.1889945714036317,-0.21575452970516085,-0.09061404838166276,-0.05415186173437472,-0.13552457662046996,-0.1172642367750274,-0.07842794618349096,-0.06825594444618778,0.008848872220079242,0.1052040070451257,0.12475264085782235,0.12143899009340273,-0.07498341267823283,-0.10345429062673463,-0.1530851856554967,0.12201159465398909,0.13665715663494002,0.11091094429091321,-0.030600006064789555,0.11646379529363196,0.148881875158486,0.13050643007145707,0.04513957437850926,0.0039310040947469075,0.0729585294757062,0.07914688136218664,0.17169391109600496,0.21338989093081337,0.06856900879378494,0.11567756299256719,0.13933853472977706,0.1563786843785196,0.045549280583565714,0.10868339476078456,0.11255081988441211,0.11990203948091137,0.06822222462217427,0.1157939598703426,0.1087256004984899,0.2653915440946488,0.30115699002804913,0.22289015473500912,0.11318006047735268,0.18991128348113012,0.18691512199802524,0.10564075687068011,0.1168393363967591,0.14237410209951035,0.15496641349497614,0.10887851136949693,0.1307382886126649,0.27410452604639324,0.36419993772660403,0.26559907926377396,0.12301703485532654,0.20040330249132923,0.20942045868324324,0.13073006583903213,0.11639277803690412,0.14847203618363297,0.176350527833175,0.13138037276879103,-0.20415191298965463,-0.12860525595173986,-0.1434788651278436,0.11227731925381085,0.038517687253687434,0.04493476179420515,-0.055939913102267876,0.1033409308133398,0.20274096822193402,0.10710185390842795,-0.011103544786674231,0.2754355960373169,0.020377114656604644,-0.35402953232207895,0.011612204110186592,0.05360264082569507,-0.08778838558659091,-0.22451295516221415,-0.011437173743280129,-0.004562156910882472,-0.09075150759065455,-0.1557161077700205,-0.26380751813845144,0.011660550876917378,-0.1072101444494353,-0.19840598807124052,-0.22910199567681855,-0.025364587050723954,-0.0967590699871227,-0.17694851695826383,-0.10249647551185702,0.008349023997444313,-0.08452701431376537,-0.13962962149819166,-0.07610422878652148,0.023809983426857237,-0.04194006780013793,-0.09455804389984049,-0.17275753545725428,0.002241990844531494,-0.010666741287009653,0.08716294820624629,0.10013347065256027,0.03867776499057052,-0.016344826965495295,0.26367166802406194,0.02593579830617476,-0.35668159507154185,-0.06681991951430434,0.023512838418466086,-0.08990402152000641,-0.16813863179243926,-0.13461434291586902,0.17078226506686012,0.0020501982192666825,-0.1550831191418795,0.055000652319072044,0.1483727382765453,0.0851547011359245,0.05014741831550966,-0.199081626244848,-0.05509214157318512,0.018903975374294,0.32388812311739074,0.12864223977872788,-0.14593986880733423
