,d0_1,d0_2,d0_3,d0_4,d0_5,d0_6,d0_7,d0_8,d0_9,d0_10,d0_11,d0_12,d0_13,d0_14,d0_15,d0_16,d0_17,d0_18,d0_19,d0_20,d1_2,d1_3,d1_4,d1_5,d1_6,d1_7,d1_8,d1_9,d1_10,d1_11,d1_12,d1_13,d1_14,d1_15,d1_16,d1_17,d1_18,d1_19,d1_20,d2_3,d2_4,d2_5,d2_6,d2_7,d2_8,d2_9,d2_10,d2_11,d2_12,d2_13,d2_14,d2_15,d2_16,d2_17,d2_18,d2_19,d2_20,d3_4,d3_5,d3_6,d3_7,d3_8,d3_9,d3_10,d3_11,d3_12,d3_13,d3_14,d3_15,d3_16,d3_17,d3_18,d3_19,d3_20,d4_5,d4_6,d4_7,d4_8,d4_9,d4_10,d4_11,d4_12,d4_13,d4_14,d4_15,d4_16,d4_17,d4_18,d4_19,d4_20,d5_6,d5_7,d5_8,d5_9,d5_10,d5_11,d5_12,d5_13,d5_14,d5_15,d5_16,d5_17,d5_18,d5_19,d5_20,d6_7,d6_8,d6_9,d6_10,d6_11,d6_12,d6_13,d6_14,d6_15,d6_16,d6_17,d6_18,d6_19,d6_20,d7_8,d7_9,d7_10,d7_11,d7_12,d7_13,d7_14,d7_15,d7_16,d7_17,d7_18,d7_19,d7_20,d8_9,d8_10,d8_11,d8_12,d8_13,d8_14,d8_15,d8_16,d8_17,d8_18,d8_19,d8_20,d9_10,d9_11,d9_12,d9_13,d9_14,d9_15,d9_16,d9_17,d9_18,d9_19,d9_20,d10_11,d10_12,d10_13,d10_14,d10_15,d10_16,d10_17,d10_18,d10_19,d10_20,d11_12,d11_13,d11_14,d11_15,d11_16,d11_17,d11_18,d11_19,d11_20,d12_13,d12_14,d12_15,d12_16,d12_17,d12_18,d12_19,d12_20,d13_14,d13_15,d13_16,d13_17,d13_18,d13_19,d13_20,d14_15,d14_16,d14_17,d14_18,d14_19,d14_20,d15_16,d15_17,d15_18,d15_19,d15_20,d16_17,d16_18,d16_19,d16_20,d17_18,d17_19,d17_20,d18_19,d18_20,d19_20
0,-0.1388537442442411,-0.4135911915759855,-0.2540474002995534,-0.2774327078251286,0.2224638006841232,-0.15379354378592594,-0.18721315478192949,0.21204135082632466,0.0192562620432417,0.12716046466113506,0.1628640895200196,0.2772027844081122,0.07036642164919982,-0.23999537015027655,-0.02655707680653093,0.2604149046343548,0.18567689775988905,-0.1355345250829112,-0.4460860556581381,-0.29898180586888073,-0.5588308308699526,-0.43309541655317085,-0.41209831500854993,-0.3381511766991504,-0.28866681694810076,-0.4199688953436308,0.07849917992114919,-0.3775385132879681,-0.03199568523855622,-0.03484863102612704,0.18264277691760242,-0.14518188524374034,-0.1580625365545947,-0.17553033247252164,0.21651627272697294,0.11910250131793784,0.00993433735670562,-0.3995134153546239,-0.21751619406695574,-0.08560194902806893,-0.13694256559387877,-0.33614352969803823,0.06887481286166773,-0.32952826775821886,0.16610883311789004,-0.5015753521308154,0.534859918249373,0.10379706666006265,0.257562793993411,-0.4350966683977949,0.6659722543143491,0.27453661719452793,0.4872923683792842,-0.07650469945540571,0.5728265220470544,-0.1529050226234167,-0.08883975270420309,-0.3701445740920401,0.1968841268306431,0.2589640680774982,-0.7861474719409055,-0.4843066808613742,0.24927071959702923,0.7846651811860419,-0.0824307287845871,-0.2648509437064441,0.25795131703117147,0.9037991996109238,0.21492519614874886,0.04873239579644468,0.2505008033613496,0.632573057504625,-0.3609232365447463,-0.9043458959874376,-0.35569762789259196,-0.0560630891488663,-1.5295861436458138,-1.4878480459828334,0.026906372236108308,0.3215833304970384,-0.6243317903123976,-1.094950283132706,0.13437844970970345,0.41768827893168364,-0.16565360252096673,-0.733258453733664,0.21520817255968044,0.05146083304349236,-0.497605370040593,-1.2685007845708829,-0.8262037765939201,0.10242720871980354,0.30093582384703177,0.22615443713820207,0.12088386924562093,0.3242507058097876,0.46078982072363855,-0.8612736512892878,-0.0405288761557148,0.406072710111723,0.8021153910992325,0.038842078830423836,-0.3755643863401888,-0.3449042167830064,0.14571409635258425,0.8078112273834077,0.31004554824314723,-0.08596332056687285,1.121678286154503,-0.08732199538467607,0.3305271152109838,-0.21715689135252805,0.37425649401593936,-0.07344620816796973,0.42758466954915575,-0.4408946720191527,0.4723120866082176,-0.1925958128270944,0.16684220752023643,-1.4590223278476064,0.38753861554418784,-0.000801186552275438,-0.014308062474475624,-0.3198378878627634,0.3213577813564223,-0.1307515542773687,0.04458556674059767,-0.10909730131690877,0.017392782706510665,-0.383249819935757,-0.16984543883961065,-0.10549534397221023,0.47706207158232883,-0.20443581791347015,-0.2719326033541112,-0.2488410066570411,0.46764756501586335,-0.4637964546022962,-0.32101222391113127,0.06675332235023819,0.3324998469513796,-0.2696303393559212,-0.36002363022233086,-0.2172405521644767,0.8351983440362901,0.4768091982428908,0.5461798072566838,-0.3578318180313297,0.4319597601247099,0.5158405118663553,0.7747028375940522,0.12088175182431214,-0.13135698326191161,-0.14831461950803307,0.3027883897965323,0.09362709240757709,0.5320296466309334,0.95352750273433,0.07794891015840993,-0.08446087094949131,0.14728078499777492,0.5599488859645758,-0.27519661464835093,0.034029911740688666,0.2516698757040006,0.7584141228040783,0.5244642353237928,-0.28149541273922096,-0.0876103839210607,0.001546349348971297,0.4529265924620899,0.0096660930797877,0.1582635596263407,0.22950610555940773,0.5526025927148258,-0.13514109751160658,-0.15937619630663666,-0.2180339769080946,0.4650805003901506,-0.0069382554332195305,-0.27152362047561407,-0.22501751021695354,0.4763105826956811,0.4073782527060411,0.618478152392487,0.513823686888661,-0.019474390800628676,-0.14135678070996402,0.24595855574304099,-0.5876790447003075,-0.43086222416090225,0.3847893394898153,0.2270371102705939,-0.1511438586879652,-0.10073244115484672,-0.24953504420537292,0.3380658354671864,-0.04081264198773261,0.4812114728822437,0.5621222110036128,0.4989380572410188,-0.15620979041704428,-0.3977474704903763,-0.1636681149234671,-0.2635421648244151,-0.3120629904963598,0.0647277393542625,-1.0720166413769694,-0.39214869956428255,0.050020722687539806
1,-1.4085766323417874,-1.0090832129565277,0.028555015684530612,0.4969811456487002,-0.6178612961389267,-0.34602646690289296,0.20932573419328576,0.1504784211122525,-0.32422309839044317,-0.045451449011222785,-0.06589546930483221,-0.06894214166474712,-0.13203066740937516,0.05387681404477652,-0.06952166218588594,-0.08901568605527639,0.4022369365561009,0.14526189899677222,0.048273535355330896,0.08693988311643513,-0.3560129655558332,0.5542855389654192,0.8782471641391497,-0.09601901919520606,-0.06625626323342151,0.32514004622992787,0.2037014248505246,0.014429838087150747,0.17553526247438025,0.04816667399609115,0.0578383372030442,-0.051898230747160656,0.1430276201613514,-0.08276064331940304,-0.08548551069072743,0.27249858947837236,0.08722836604985985,-0.0307442662840218,0.0037769818705866063,0.5801341278463549,0.47443931115373006,-0.3574395288136919,-0.28376527067262786,0.13390526276846423,0.06899330858949543,-0.42587232389885754,-0.21042809686550992,-0.37374399303366734,-0.17571925970571953,-0.4422685001654993,-0.2547923403687723,-0.5501042711415326,-0.36834666204126826,-0.0585503499912713,-0.22311980360944947,-0.3568679640306512,-0.26871687830964747,-0.19292612574921758,-0.1219028621644824,-0.5077888211318184,-0.13434486931414918,-0.18045023336733496,0.029133970905439104,-0.4284642578899016,-0.732605814264472,-0.14813263523719258,0.13151020220630455,-0.08603678305416519,-0.19493490690280368,0.0022875143208044564,0.36573023741971933,0.10408216346571726,-0.029946074143243483,-0.00034826646189375194,-0.4173314846563024,-0.4579920800696807,-0.299044204944979,-0.45982761782059606,0.2248771837558894,-1.23487654247669,-0.5373943767941354,-0.013039212993321106,0.3554726987067057,-0.26083472646142397,0.08246694150349672,0.29317414901285765,0.41733368063814874,0.10252426122531788,0.08726165238142951,0.15042065261894785,-0.4446916899481227,0.10516079654379065,-0.020555353859717927,-0.21597754393965884,-0.43232620197507354,-0.6795209809565214,-0.40607886191874193,-0.22047505467341533,-0.19469652587692832,-0.6088742940490347,-0.38164391306881035,0.22359643903416174,-0.00666191300301391,-0.3385681121329447,-0.34222295258200963,0.5015915338827881,0.01767502178189538,-0.07700140682542997,-0.0807718334788192,-0.5166084308723609,-0.5884893177561498,0.05614846430404445,0.11097673550846732,-0.3544340890268837,-0.2321814479077898,0.36861610827924207,0.17596556749218456,-0.17201766425124615,-0.22188294385674437,-0.7943188337112183,0.42772208378435866,0.7117082572625979,0.18483010715239392,0.12384336209412569,0.6741309462477779,0.7625226332339441,0.26549538401180334,0.3263094009513907,0.8911021379527531,0.6863152228306603,0.29475580879500224,0.24658187850375354,0.15031775524530017,0.13601233857755587,0.06593168111258108,0.04226979314393199,0.3376489306277144,0.4512012565735981,0.19567508295494518,0.21416107792875136,0.5714536112989893,0.5031259770169205,0.20510019941769586,0.15992337958704275,0.2725308192757795,-0.42317040979933707,-0.4982718806723686,-0.2123925507385217,-0.2932860803844453,-0.3724799714720909,-0.283987229012109,0.4582514501766713,0.20055332180490035,-0.27755962249972854,-0.34817928673652127,-0.26901546976517104,-0.6619433531474455,0.3360178589667976,0.2012676065656467,-0.12485185162267437,0.03810207429345734,0.5151310964914553,0.2032824256880376,-0.14399396630679628,-0.14065138629364832,-0.7491427004328538,-0.012000938346646317,-0.05799069343810335,-0.06054214040576679,-0.0008919773339527274,0.2761764250674686,0.037064721327690064,-0.03768881308772506,-0.05330290742584224,-0.3601864448103745,-0.5466138577161347,-0.26382748560718755,-0.11837469230527027,-0.06259643260101673,-0.3173112520389128,-0.17770121399044309,-0.14339839707063384,0.26237845480119365,-0.06364967583044488,-0.17938699236036368,1.0558275191097983,0.1849062824563245,-0.28527488746351914,-0.39398460143293884,0.2663771299194438,0.11353669336125284,0.5166399613584781,0.13482962707851112,-0.2525202060795905,-0.18177926494630198,0.11013274388682547,0.37756835974403286,0.26222535494772564,0.08758449196206239,0.05880431997071561,0.06703702592232373,-0.043563339600485425,-0.05491156751371014,0.008906590364707855,0.33990802835670436,0.14581259154905218,-0.13301280671756538,-0.05381909615552583,-0.3628490497116227,-0.11941532321735567
2,-0.2722999515805332,-0.4318755994487114,-0.04898732440179424,0.5778849398686919,0.5769778841755909,0.20395155280640448,0.1846590455341994,0.16966151120656728,0.6976879156648463,0.5529670378403393,0.2988442033357569,0.2910717963425895,0.44315223980529966,0.3659131699674821,0.1889163583431921,0.14223339696333498,-0.31861705249832906,0.27188974532841265,0.09842883603101482,0.01859711949685336,-0.5004620770178034,0.05718395203450579,0.728006598634943,0.5158253515517605,0.11048921308007716,0.10412010555636322,0.10116383481972957,0.4339590711559142,0.5153209088945813,0.28501199558176765,0.2706981090842856,0.06015538112377227,0.1029743939202931,0.015167878045429241,-0.02253733435887742,-0.5733320504427212,-0.01153477391281407,-0.18834489856026412,-0.26300242941864566,0.7182430420585977,1.1430512463108902,0.3985863943202969,0.36882220395273735,0.2713236771822673,0.21447608377934,0.1770997191974914,0.6408084390301393,0.4008144169840195,0.3609245077202331,-0.08707074324817524,-0.027980764836010932,-0.2332448971968574,-0.39734413657909956,-0.48076213043933164,-0.16994075131910683,-0.5240962066812331,-0.6179280465285055,1.247657866931961,0.5010839515775503,0.6211135912790172,0.5372927550947835,0.4385059399430079,-0.6723582987364389,0.4713422023609211,0.44396668086715113,0.4355704229322664,-0.651140158768098,-0.2220072314820792,-1.0363765189776204,-1.0480488265195222,-0.61791444322366,-0.4619976071357466,-0.9391779627902604,-0.8063781825325471,0.1086092783866071,0.3128951996759736,0.30797108414283286,0.2777570642071075,0.09804124321306289,-0.07057882394425155,-0.006684387590555024,0.09518898342005613,-0.10911273451607226,-0.9822066108272708,-0.8661960443853555,-0.2409880908585354,-0.20116894451658368,-0.7056064325600788,-0.575738530912767,-0.09414544866689785,-0.84175384266773,-0.2696160436185912,-0.16423803635581166,0.286705298697361,0.45415568036953646,0.20567990996623822,0.22318588684589669,0.07205353144111702,-0.5906031353155091,-0.5611106789959291,-0.3119430322760358,-0.06844744369721208,-0.15489493804301496,-0.6292579478859867,-0.5669694347329357,-0.10579026615747913,-0.09221033531167738,-0.06035987346853149,1.1168892373081116,1.1768241504716095,1.1299435478977182,0.20897395845015534,-0.13666555925767349,-0.14486289573375033,-0.11103626271259576,0.2029779310960874,-0.061512111481339976,-0.45535720967176796,-0.4075290082583788,-0.08237578852698642,-0.015031959769179743,0.9117097720112745,0.8253069100961024,0.8507689208838098,0.23960595549121125,0.057779505281513634,0.03443509992796757,0.0392701777661812,0.3492561711454226,0.05626076936241193,-0.208765103228701,-0.1546913892220926,0.03255080430259606,0.6788973129522863,0.715376496140434,0.6365166545174729,0.25343635537950476,0.2387043133390947,0.13028234972524613,0.1014735442039194,0.39825070565367726,0.1783362979334232,-0.05767716220363824,-0.014463456140135703,0.20126527367873903,0.09485554642617085,0.17159556848664406,0.04642767451250473,-0.8558968171570647,-0.6873974560203878,-0.1761406306839769,0.028760773888408576,-0.3206014593522574,-0.8563089171410433,-0.4413776791961124,-0.14527008122075666,0.12339743672323815,0.36547260827092165,-0.27522957957075184,0.23837917429228275,0.2622676383638609,0.47696530793489555,-0.28712669739244,-0.27248605162220146,0.005783814996394618,0.4392123067346861,0.18006226604194178,0.03016914607679016,0.15788881677267766,0.15341720567653172,0.3503833254749406,-0.04468110433926655,-0.02012288665325157,0.09681041741244624,0.26440664934610364,0.2955085221454537,0.24111198508062912,0.2045506457712978,0.4215486104174654,0.19050085016339208,0.15094532502372643,0.20463137816269988,-0.03839226878192,-0.1622322278536359,0.03478599581361576,0.16924791062574934,-0.3407912745874534,-0.31672152727796815,-0.14990995814965846,0.22859378842192807,0.15385289256921367,0.831337045982191,0.22299918983811592,-0.14429281029024615,0.07771776226968002,0.07502628464103356,0.21977604322804556,-0.0893843688679352,-0.44026073614163047,-0.1827551907855068,-0.19160432080045686,-0.03272827309463507,-0.4444854812288813,-0.5023861247288818,0.5191025463345459,-0.20300051677158143,-0.12540123143407506,0.6816724101450028,0.5676956361208068,0.325142579832865
3,0.199865507313637,0.1618789959880772,0.21164374617427664,0.23103864725915957,0.01222997305720147,-0.010543742461363784,-0.006055936883895769,-0.00336888285353764,0.02212359200362257,-0.013440230578681812,0.0627728697254367,0.08064195992618908,0.006505411246415781,-0.1579342187557646,-0.1941982690631066,-0.21429494296633503,0.01308072266963548,-0.1691767164346855,-0.1923522286880245,-0.20756623376467473,0.06828410246324214,0.07545747617250878,0.06681071320806746,-0.0077116833416672375,-0.06419997601756541,-0.04495412500144967,-0.03091939733218434,0.06237271329421749,0.0355967457802493,0.08938811746841939,0.09935855799998765,0.08846645650704801,-0.09485053793691142,-0.17545592198281945,-0.2051564695236775,0.10962064421236081,-0.07442992019404467,-0.14587084759276445,-0.18479081426790006,-0.07293791694850389,-0.10406595888215436,0.07959693372420476,-0.0794844585500254,-0.06436380911417933,-0.04922618381776649,0.1794053959445959,0.142062652577431,0.132975735592894,0.12456210645235397,0.19712035728965385,0.059821970773441376,-0.07603351756702582,-0.13585940216055098,0.18156643829335245,0.06672738900638955,-0.03964302839351748,-0.11704319900614574,-0.20197749388158023,0.2364227019273261,0.027539830614453135,-0.03644389447949422,-0.050649102324056186,0.34647731644767127,0.38237092461465033,0.2841915516074157,0.2278951545768653,0.35074837276779364,0.34272349698726007,0.18229596594513536,0.042413331865550824,0.32867001015161995,0.28019713944508956,0.16127437598699013,0.046788237921220506,0.20373339991929518,0.09635021502527048,0.012515430230054608,-0.028625386938801983,0.3717661994347959,0.46177990971920907,0.4018476843881192,0.33273044321455875,0.38568185392343324,0.442473898010231,0.30139312360678555,0.15159630326245732,0.3775411461475013,0.3655851885442546,0.26008685735789766,0.14913597366473544,-0.08199709527280423,-0.03619559244325192,-0.03503926700298451,0.050299691148007794,0.09048325325474413,0.08432804540446036,0.08757899949852042,0.045257569061327996,-0.02305109387011917,-0.16417900581798564,-0.21573063151231717,0.03765812091936841,-0.010955968826383876,-0.11863957685979469,-0.2039897459008058,-0.06176698728421764,-0.07885933401611472,0.05659887967643085,0.30653800801216824,0.20560535882906117,0.2040381400536554,0.09831287517845338,0.15560029986101945,0.037807097883390525,-0.02323183283496263,0.07294797494165815,0.08189920062468135,0.012626286183639536,-0.05816234776680837,-0.09959551413727567,0.016578865244524087,0.3092450229788865,0.14263009365188134,0.13617570559741637,0.07070341649987315,0.1954278388074515,0.09290214270487011,0.09157075713278096,0.07358101415966598,0.10378163901316001,0.047075806498201846,0.015454034563994553,0.0009648681828101334,0.21045799774133567,0.11018034383126132,0.10008721133710012,0.044282167751648685,0.18579202969044192,0.11099379526951396,0.11065114394031124,0.05721888452849515,0.1059901742156725,0.060973886500572734,0.042014995858133945,-0.03931022921000822,0.048608280585162936,0.058942286755819806,0.0567947571957444,-0.04968225831381284,-0.11545920662843036,-0.1832506313091859,0.0422624381141395,0.03015581879712416,-0.08257660368288607,-0.16946585928383404,-0.015499639191137069,0.042898724865672144,-0.07776405938412408,0.11115385007460507,0.12137268106263066,0.1466008045518724,-0.06859918207383778,0.01633827436487054,0.026720372698500014,0.02622296124808537,0.09857288782795218,0.03795415837080005,0.19370305722355424,0.2553459122872626,0.28618691884381414,0.02553227848031186,0.0906492769571741,0.13239893407473566,0.15159045892658896,0.05557278857605026,0.2046652750283101,0.2713609057206594,0.28718608684770225,0.04956745914436915,0.11458873926276666,0.15857848787453302,0.17649345054530993,-0.2090857245737167,-0.06779406058335356,-0.15467376532408889,0.02216977722679476,0.05967536785416859,-0.050086878319877605,-0.15172488121688107,-0.036434038065831544,-0.03108940988862291,-0.19484007335008083,-0.11242932984585322,-0.03424433639939648,-0.015572474675895783,-0.003858090449172169,-0.10551507496377326,-0.1867169542002487,-0.11573295936633665,-0.07887619145595962,-0.13114117123709854,-0.1937399058253969,-0.12480254539147356,-0.10755021264946446,-0.051341669354265505,-0.03015950870250019,-0.11826941623043366,-0.1371345645382656,-0.1679701954284904,-0.11745067547850438
4,-0.4323557040312086,-0.1534932217566464,-0.018186935200182726,0.09812313771680649,-0.2597787238896488,-0.18357514791672702,0.02294890390757127,0.17175029689443777,0.5937366240977843,0.40904114618986337,0.48353552730892135,0.3629709994276331,1.0210775530631069,0.6148723893464826,0.37400834636494307,0.4209647804176756,0.9050422210234325,0.6551877390271623,0.5684282400128619,0.5620336149725685,-0.0030670432439410815,-0.03893629124443342,0.2895949240388623,-0.27409768496542625,-0.32182617950689774,-0.14921157854112121,0.006935321481161441,0.2512739486611529,0.11000657886635393,0.2962433935004358,0.21926554769083428,0.3978128669471565,0.14783664262384552,0.17846522794337846,0.3171016112001455,0.06770830504168106,0.07685103543250811,0.2938392243933039,0.40020246232002543,-0.48467344926543976,0.08957198331384929,0.09616871831274032,-0.068499106606903,-0.07184373124380287,0.01612126984226258,0.09652574446910973,0.024456010408914423,0.22606228209081336,0.16745945734006817,0.02158043136702205,-0.1233005216002813,0.09350002606625353,0.3253494369312026,-0.19670843201417995,-0.17353106679169772,0.15520965937987624,0.3369462644582959,-0.2483743021211275,0.44466841147973907,1.2495959260645768,0.8787742647291688,0.6477517238848667,0.942685448493892,0.4883294995619034,0.5608520118615906,0.4216817167790535,-0.13853971816211402,0.0773324370423593,0.2750880214318096,0.5630398761593762,-0.15005687960857095,-0.1554596459296328,0.1620329820212327,0.3775094059806858,-0.005409187781690574,0.7649872487180381,0.6841532712661503,0.527128235561231,-0.8512438451145476,-0.38701790949894177,-0.04771495405692957,-0.016262865441275233,-0.6232804476384712,-0.5035813441302974,-0.3755659271255635,-0.021064070698034357,-0.35410876372340444,-0.4859471969359679,-0.3080266529370113,-0.1794711837009096,-0.37207228647632223,-0.06800687616647551,0.07843012312647253,-0.6623343735444052,-0.10777786570632608,0.2519480528934554,0.14066393046265305,-0.3871741702129932,-0.5146179770804059,0.035522483725277554,0.3945517152476321,-0.4931374706990879,-0.3907415578853766,0.15031189651327098,0.38372956674040787,-0.2269871611162169,-0.30616782230906014,-0.7324081936941762,-0.19190051357309942,-0.08012532258351246,-0.28006679071886226,-0.4421369086741953,-0.3504675005020871,0.09875924553806216,0.6096989048829718,-0.2773711987916578,-0.15146392829697045,0.17591124572954137,0.37486133229936625,-0.48030887174229425,-0.13931483470269537,-0.06597358315775369,-0.16222749830970004,-0.26781111421370485,-0.04648382579531595,-0.07170536962157491,0.2646654914753072,0.5281693138925361,0.07782962067946647,0.12025629647446194,0.3293539156845228,0.45290092023555306,0.061605830911674465,-0.019741812337998436,-0.23447048800642736,-0.20359072687294377,0.1678613146995168,0.13815462780286805,0.31352904989989894,0.43825520285914793,0.3074581680930888,0.3288133918851289,0.41177410244414364,0.4584420223537897,-0.12883359441416778,0.3016163193284281,0.1582951333275636,0.0028321037860718798,-0.35000288766893545,0.045574143409941585,0.3319160559807464,-0.22406135718034206,-0.2439270727906903,0.26332896193437194,0.3849265138127716,0.21793481205918783,-0.46506044329442164,-0.10526618303830247,-0.3948290362136261,-0.07530121608458612,0.24955739222527398,0.072013159075457,0.004363432042292582,0.1992756157398846,0.20224298115527947,-1.1641558480806797,0.31677996506117273,0.047226716440344436,0.0028654356348129465,0.04798471498850233,0.4439317997729903,0.36367837018041244,0.27733971731616575,0.20538634272094458,0.1739165035161135,-0.28042707426574615,-0.2415728165505797,-0.1278638027373678,0.3017567458004097,0.17650845575584725,0.08448923544763638,0.04016392604521955,-0.1740875159340047,0.018264422444198968,0.2599512943510971,-0.29018617666717134,-0.3516516857878793,0.20920130591873884,0.3086859784604623,-0.4094927235924032,-0.04935701423907887,0.32329052349042947,0.339099215653405,0.2266715312811723,-0.13204443305871308,0.5116848956227573,0.13864262110848355,-0.1434882263927787,-0.3968867242500921,-0.5541383827106158,0.2804224044156703,-0.05014001491502324,-0.4059257458409133,-0.6008537542265517,0.1044477922673814,0.3683862615889837,0.4291376603680095,-0.24019278080290338,-0.6674091460182623,-0.9409298094334432
5,0.4636801223716259,0.1709590553687908,0.13638018979152722,0.048175457111681086,0.3772354162455009,0.3278974900908409,0.302671623206034,0.1958783645845989,-0.20321963279181118,-0.18641556292435837,-0.09477731673576366,0.045327544387829086,-0.5385354701167993,-0.4500718436430132,-0.03233439519897151,-0.025193273086968063,-0.6626873760375831,-0.6396818429860218,-0.19732076899503098,-0.008871842053468495,0.04937922932870852,0.13236308988556036,-0.26481487951375027,0.38980379444966573,0.3768218884158957,0.4089832568687377,0.30441047518797376,0.08750051112657023,0.08947942938876455,0.07727960051717943,0.17396278599391393,-0.31784632370886523,-0.07700370588515636,0.15503241474721105,0.08385113735903735,-0.19289734496198466,-0.10881320692636737,0.09991654933764092,0.19076033165545778,0.37870953035377575,-0.35310795149913765,-0.45280283667546195,-0.016147716792894687,0.25638051524438227,0.2470228818367055,-0.5180615902188878,-0.13506325825679963,0.05084515701680544,0.16859794290628843,-0.49770628914205606,-0.09325920347223761,0.11543454024638186,0.012765788372217667,-0.22973946882610666,-0.00834700005619073,0.12649298490712937,0.1946721320499882,-0.2372252758955573,-0.39306794290552327,-1.1097753507718708,-0.50633792775946,-0.23664026411641387,-1.2870417820470477,-0.5893784945273647,-0.2108142799689975,0.0070257261741319575,-0.23031631033995928,-0.26599976483335797,-0.07835689083838467,-0.19259461907123235,-0.08270403902086369,0.07912172086046243,0.1214411208962701,0.15277871192411613,0.39064130131150376,-0.20745152636536915,0.07746320391853732,0.2308852113086495,1.1825630143315058,0.8347259471375772,0.8382129711482701,0.846570841799897,0.8518031016268578,0.7309136337628749,0.9121289303051958,0.7182834822855648,0.49249739306555246,0.708566707846056,0.8095279477770225,0.8655854686460448,0.12321603945318547,0.2019176673077381,0.14620676213527903,0.5340490376905426,-0.2538080473573651,-0.11078582261736612,0.05399643721449886,0.12835658279530723,0.19823124387491378,0.08779889848437641,-0.1457038966258576,0.2103301220210048,0.33403712020307474,0.22590243747590777,0.21229797685658014,0.37963467780736226,0.28454176678668813,0.75622034247041,0.33930305513243625,-0.05074584378216212,0.007542643619850997,0.4565308742621465,0.5547742053637069,0.07439852875126308,-0.5132669126617451,0.25301209137920655,0.47270981760549463,0.3150750489007158,0.21254228859673502,0.11272577138021926,0.3193631947994528,0.2533435795195794,-0.09092029889139948,-0.25355067498085215,0.2518168774780027,0.4195013877041006,-0.16517128122425612,-0.6010644782402614,0.11461005406130295,0.3519549037996556,0.10455684434567486,-0.06758450521133949,0.1549740653638521,0.05028726591046788,-0.06583360398327323,-0.2529695647541062,0.08476487384365271,0.20583420877146258,-0.26701427855540266,-0.5352006788895843,-0.02479875044387273,0.19496838193439836,-0.03471608293715031,-0.20893738711672388,-0.17989549702614846,-0.09170582580446246,0.05915110277839035,-0.41378013154171234,-0.07737424315533233,0.0553225508365704,-0.0994632383204924,-0.15749930649959742,0.11337054281331686,0.032406332018438816,0.09646247616089694,-0.49471960873512033,-0.010104737473476648,-0.08693658209377042,0.49439409493175857,-0.15550542069439005,-0.6564414536070579,-0.19659173034583155,0.30902256830324104,0.0570091943609473,-0.06923733908697585,0.6904675759445164,-0.10005786514649204,0.014061577079360978,-0.3084753721675692,-0.5477215851488414,-0.2208543030359748,0.05537749983594853,-0.10250954485308007,-0.22271916940595018,0.057166595279252864,0.1821248859770085,-0.15838774752288462,-0.3724807924701056,-0.03950845662802094,0.16825886349638225,-0.014834952311475953,-0.16522636313462405,-0.12435368009120826,0.15153869547216156,0.036536252404008034,-0.057594219166040864,0.21822104885504334,0.11243395465924541,0.1989676723931234,0.21560325626292842,-0.24437224829511708,-0.5708407891378956,0.024437308501543614,-0.38642670542031266,-0.33459562604050747,-0.8332685139515269,0.034483352365613736,0.4735991261129103,0.15784979993415862,-0.04875070995398689,-0.006465728473964354,0.30568457443059205,0.10877869605018192,-0.02889716449220022,-0.5418475519668563,-0.06489101934828748,0.1167124457160889,0.2825083607364073,0.7907156719412312,1.0571420645885707
6,-0.06886847663339254,-0.060468041910125565,-0.3386215480876268,-0.8080616960640431,-0.4463805829669123,-0.3308714899283637,-0.318911355959618,-0.043378340187807944,-0.27349904686488574,-0.08110917488292652,0.12884052648770786,0.20027637550237237,-0.3066412913104865,0.5964164974028013,0.10481112201091869,0.08603063451232423,0.04201467845008915,0.38452077011276237,-0.37290424173997344,-0.42468089764892264,0.15912869452944015,-0.2422862717155627,-0.7637123627711606,-0.4958943111611921,-0.2928144671733345,-0.31995103336183794,-0.03259324436992489,-0.3773711291005917,-0.32235130259427447,-0.004293269173262056,0.13586850843661089,-0.4720926127068996,0.4758418399322749,-0.06328671209817333,-0.08094123172992249,0.006160981572249491,0.16510230361227682,-0.3342136584170142,-0.4174549673904391,-0.42634130845648627,-0.2886497157285973,0.0181014072441439,0.21261094821436072,-0.010798899506586154,0.19431064145183471,0.295926962513222,-0.22050493905012125,0.0007389301916701307,0.15887614491796523,0.16226779501222136,0.6318153187265241,-0.09121722154255082,-0.17560464256051053,0.4386862980526071,0.17189038595908745,-0.04378052825691443,-0.10096233181477511,0.6005890641280456,-0.11278502024233716,0.3286872584509939,0.44467987794414243,0.6724846349401773,-0.9883579804958567,-0.2724016323901408,0.08486839131202943,0.2626587012295691,-0.09424329303443554,0.20098242165053237,-0.09500080837207621,-0.049567805065167024,-0.3644620832792036,-0.2697677822109238,-0.32792697275554805,-0.5552411994502354,0.1922378564964406,0.7547572865236799,1.0645009109059531,1.2343142591630514,-0.5897168399191849,0.1588953871184609,0.5045687397238116,0.5817043848705071,-1.6631711719861817,0.1530932498120894,0.28425549948344087,0.4693204538176783,0.37428427396624575,-0.9979905985799806,-2.3454387605752545,-0.6530828685333672,-0.5204100694387213,-0.4079393777666534,-0.10022377137465716,0.027859861215413794,-0.2047405167493874,0.04398691145943432,0.25517803560256497,-0.28023854065745984,1.182223411820002,0.09412208084426353,-0.08385204952323012,0.06503293944195987,-0.402207479271823,-0.04463575000339193,-0.16961100888784483,-0.8310232099429901,-0.16475216601540282,-0.4259959465145053,-0.2388946388510053,0.025542199304233553,0.770057443050352,-0.27866199197838126,0.2917010801112309,-0.22222857226929746,-0.5363450029249579,0.0622634350602594,-0.9114561666771738,-0.6376828129190018,-0.8191814584534491,0.9688295273158433,-0.22875210927722478,0.10200217962033718,0.3712817962196135,1.2169823404057032,-0.04596438358061294,0.4644840625920699,0.13983515847688768,0.014046343889100187,0.2701938703598063,-0.7113860039347554,-0.2080956965277401,-0.28421324371906836,0.07597582424881795,0.618944165989159,0.2406791927055458,0.7575759040357082,0.2124155933137095,0.6490888321318274,0.25435826510569326,0.05758624065950073,0.4116312668901676,-0.39732166061139446,0.1525645421662072,0.15311794037999168,-0.22415490427809764,0.052640980505673333,0.18420394859813616,-0.5413794223893468,1.4282570235171141,0.23983981855779593,0.12061553057879909,0.032947789041211824,-0.3205050401869831,0.5087072821837605,0.24933904094705564,0.3415043703341913,0.7487010512880542,0.06697053023755109,0.7015921768827942,0.24764695165942968,-0.10850178891809874,0.31976374055545326,-0.9247846800156136,-0.14493638300559958,-0.5158318142230977,0.7595254814370351,0.2100858468033585,0.2834671290878622,0.10464896505205758,-0.15404922593432932,0.36076313057933657,-0.37727692897717474,0.41163935073611674,0.25365996954192943,0.2531902205524735,-0.02200361945025425,-0.0442079144811299,-0.3521809671764599,0.3247577992516071,-0.29720309934100375,0.473287847892279,0.4471833881965911,1.6979412255778914,0.4901288364304544,0.4225810900313817,0.28223662070498057,0.05101597384294995,1.2441716786946517,0.33906909427251797,-0.5663765499750303,-0.4952121176190598,1.5494451228128576,-1.2384460378483118,0.05152382877484278,-0.4326451283263591,-0.19403822421039102,0.67186817015749,0.2745720881574615,0.8872809518653634,0.4512645933138231,0.6285620546410869,0.585366773329149,0.8740214242925117,0.651139063389183,0.17891478072505587,-0.3207913651895578,1.4365188294197897,-0.05739784670721619,-0.9193113247616856,-1.8210574454773456
7,0.24356843681449897,0.21487776032054845,-0.0018246808842183168,-0.1082610770105137,0.23309055187580588,0.17454136242074259,0.1920420858684274,0.13831125767204153,0.10909972526703714,-0.049552618166962874,0.02182257136532133,0.040158563271592396,0.1498674987607624,0.17747685371409866,-0.0415608680092207,-0.1517792909563909,0.19002639319837494,0.09397642725840422,0.20699224979183306,0.28655234005465685,-0.05639311175853238,-0.19045613183965926,-0.22845693496451414,-0.011814127736476724,-0.026143720850994704,0.06490839622938131,0.05338036363758997,-0.12324392918429446,-0.19109431237482352,-0.05350648192868463,-0.011813193754125807,-0.055923953910183066,0.07234262589448139,-0.12058351876611517,-0.2198474518471007,0.018503130792725503,0.027365891988273227,0.17889498910577636,0.2737759332306665,-0.08964282942436454,-0.05735568427256833,0.08030547249964154,0.025263356083394358,0.09656308792817363,0.07216119346516792,0.027258193486742868,-0.08046010848738157,-0.026376390230531607,-0.0023354684340950666,0.05260585337249008,0.16297773470674712,-0.09745512296807074,-0.24441929659885492,0.06686170649491298,0.11424971519269488,0.23065718039925664,0.3180599172994122,0.0625645345899694,0.03613065710195705,0.1623531699385023,0.2112785852450012,0.14845355786748243,-0.04146180498592664,-0.06430215455178846,-0.039971588754268844,-0.03151262513684001,-0.06753550366102921,0.08992287398042853,-0.16962559717922468,-0.39136695312209496,-0.10083542755709814,0.016943390809885814,0.1190615008530229,0.21858415283306848,0.17608052592917953,0.3397374779009591,0.33982307357269603,0.25396631076166115,-0.053524169620250465,-0.01523627572716781,0.030651967007800398,0.04414604145344788,-0.24374300210693742,0.020131812388555943,-0.2260531061985841,-0.4404987008168168,-0.23067967351615176,-0.0858820804418711,0.003042198503861797,0.09867928319943757,-0.04211854730235336,0.07405255479438845,0.04614729799866285,-0.01164862709692289,-0.24182576659041014,-0.12272917426491473,-0.11735942654819026,-0.019911539714295448,0.2220451252239695,-0.16724865479669657,-0.33682326437502014,-0.010165219444511552,0.15559579825254752,0.2827483356312079,0.38097482881476497,0.035930520202036055,-0.08976616098969768,0.12763691265155216,0.1721628418489956,-0.23599199194898982,-0.36902778457048546,0.018321811485392834,0.20435922713897886,0.024608058815877208,-0.06333225683891346,-0.013440404892860327,0.15038565799490522,0.1923008445012629,0.2676664386161751,-0.3116641314535047,0.13411006569162962,0.2733697649399143,-0.10768813920976847,-0.1790658484467214,0.07447959009785306,0.1971277854596279,0.12719299050082025,0.15558530462601133,0.0294147789473777,0.1473814833167274,0.10285936028418133,0.10314355886346978,0.08407910516108119,0.2277225890577399,-0.05070825818052143,-0.06804872671260356,0.04316879172209406,0.1274202366073632,0.13295450123072214,0.17253540581102406,0.01211104874952389,0.11249258351079834,0.05006971170984746,0.025533961076618136,-0.2491641096376317,-0.0345978295773122,-0.027669538916347637,-0.12898220320640785,0.28284454826607947,-0.1676509419820086,-0.3695525137201458,-0.10832121563966211,0.2272092756202692,0.3141365464423528,0.39322809730086444,-0.14189349159133152,0.008600495087922256,-0.4139400490332979,-0.1481992625489095,-0.2517494281140546,-0.3046813452076471,-0.381393858123084,-0.08312447053317891,-0.028747012845530023,0.03781569184387831,0.22583486128664582,-0.07608587952289067,-0.014193237534900639,0.13720782262495962,0.16454640528018397,-0.11679515085339777,0.048980482720558056,0.056830292891730444,0.0642392080727818,-0.02838939277392102,0.04468700384295476,0.2094842584797975,0.26194516855118805,-0.04615984366888992,0.09061467923075099,0.0863464666469809,0.08062119371117701,0.09043900604447092,-0.2154999613445445,-0.4301823507130429,-0.0933741272716257,0.2283095252253619,0.28249176157727124,0.3570033485545955,-0.1976868056238693,-0.2500089612660513,-0.13198670087331482,0.03479655885117965,-0.07158358688142971,-0.02668895379281924,-0.10424421729712834,-0.23987188251562364,-0.14035507292781746,0.166975047179347,0.3371423154116688,-0.39059290340149766,-0.29971007262642546,0.15036459111274256,0.38938120796660736,-0.07448202066554158,0.1764801719304326,0.2837470763158616,0.05509771870779668,0.1439484614785593,0.1742317579219429
8,-0.7718032610167784,-0.646977573721275,-0.3707584588463733,-0.24302180307126128,-0.41685821195028516,-0.12814752817738295,-0.04028872091717272,0.015915516985055136,-0.24543633783299793,0.08485588288505778,-0.08705135208626702,-0.163087377078109,-0.23160920719066574,-0.010213567427313275,0.16959852269596956,0.21876185548256533,-0.3585789329929617,0.052568286469044434,0.22934463360469437,0.28228947013420697,-0.20123472025849667,-0.04945192428296577,-0.03449450449486544,0.37251002192096966,0.34250699257852446,0.19319043112427284,0.13826145616752217,0.39794498652414495,0.4441673193973181,0.0629155121580084,-0.0840485574006469,0.158050704084007,0.1522581105057179,0.26750542272204497,0.2795141749912112,-0.21205088116111404,0.08097840034623277,0.2349330747169726,0.27884408193329446,-0.01798862633103608,-0.09860218656384202,0.41200211774971474,0.3934056815619575,0.17886603727424255,0.117103567600466,0.3725385245173773,0.3553574826572549,0.03651786706099209,-0.11132979425858316,0.11316027692502523,-0.044852581259903566,0.14089219221484273,0.22226550616444737,-0.30895715943788077,-0.08787401754269146,0.12129604414824316,0.21629646403629535,-0.2798698001997426,-0.31176478561659565,-0.030913359498659657,-0.008803284185213166,0.025240833835307466,0.005660886562068197,0.045044369860839005,-0.09142580250457812,-0.1830073934096068,0.02590718028879586,-0.1710903800963665,0.019973112007578224,0.15857914339294116,-0.17698242403936126,-0.14077584555564643,0.05841070238126721,0.1781662366122729,-0.591931114054025,-0.3071356755103228,-0.10654301123558356,-0.018630591961610293,-0.35823165148664415,-0.12755837074809973,-0.2573334308038502,-0.3182395491676247,-0.12122282254739448,-0.21302204281986392,-0.060594222571015134,0.08863960043738543,-0.1145290676467795,-0.10694485144295213,0.034190146749247204,0.1467872232826415,-0.13609955265533544,-0.1039468180128878,-0.03647998343296653,-0.46709368803810686,0.016383506843550735,-0.21810486147634395,-0.24786553049771054,-0.458568182534226,-0.4264375851169622,-0.13678400975503938,-0.01920069239682761,-0.4662382656007425,-0.17484398761911538,0.06893909555436604,0.18130793607771456,-0.22505406076675116,-0.05494809440202577,0.02081436904248504,-0.014374177429830238,0.10571570356875608,0.09446740464533575,-0.00857079649747502,-0.1958584094692312,-0.15840129762953742,-0.19863293768970836,-0.13818307081713252,-0.04403992662427089,0.08551857514454923,0.16899004655604813,0.2554032662813069,-0.010086769394001277,0.20337225511971446,0.29995029419900493,0.4091597058952233,0.08768368317079975,0.0072432423314148665,-0.132960145127304,-0.12887714834825,0.02719143914108076,0.034414489023358044,0.04633333567772493,0.09455467206362302,0.034234663667210834,0.1483343320567281,0.45337816972859446,0.33528871910909047,0.13904828800187735,0.1894519166947567,-0.020436233052729878,-0.14799141597280802,0.14038027070289336,0.18377787474569318,0.08800321112788571,0.022595467715453867,0.05475302696085222,-0.2856909093273804,-0.31710864744031925,-0.40929554839857046,-0.36965345373933917,-0.0934654079699179,-0.01228013565283155,-0.4101423810778632,-0.08680665243277841,0.10920790512693855,0.1935929993156693,-0.42829015865030245,-0.45582869440511137,0.13908732076145436,-0.05883252883123156,0.036423432579545834,0.03250682621337148,0.028873084779348676,0.025695798688887574,0.07324270829072864,0.07425037544367363,-0.20397525750922213,-0.21505426709824524,-0.06554696122519883,0.3312148060757623,0.4794091000099754,-0.1935084594148561,-0.21047620458565675,-0.11356547120708305,-0.005414839025496422,-0.27081461471945006,-0.07782317838270482,0.4483007630341095,0.507839312368237,-0.2403432253547699,-0.21608699878136461,-0.09352934880889326,-0.024730652432898795,-0.13768745511433966,0.04057160221515541,0.09553252573865319,-0.369415017851264,0.04867551184447611,0.1589234531762062,0.2265596607708189,-0.3206617647411971,-0.33001778170260015,-0.034904185060295696,0.11081542680321088,0.2736781859107117,0.24739131121700986,-0.1999577407935742,0.12469548895784995,0.18282369182265368,0.2964057002955485,0.2966273326616868,0.18924381562385664,0.17477455692879068,0.2760930563747783,0.2513159287955329,0.2340674337531578,0.23107314062147769,0.2780007437847717,0.027259527031750275,0.10361912755775274,0.09553973764206035
9,-0.012827275968668677,0.005654449348272412,-0.0032662385158550634,-0.052449239432992505,-0.043244234293907974,-0.058232987991384835,-0.19542489735443552,-0.2561296702961643,0.019383123506903983,0.022020022834486157,0.10085737978608163,0.1344475479237884,0.0784431210544374,0.01005833957398871,0.0807373641413209,0.11237221768978807,0.06615927356219609,0.007963923870686914,0.01724583707645515,0.02112265854382228,-0.043632062708882986,-0.06282038597052936,-0.11311164970072815,-0.045896567973133726,-0.0670308770463355,-0.221548962357632,-0.2782880445423071,0.011904891144779342,-0.014411134828051567,0.0770958621272321,0.11284947190096906,0.0519698292550594,0.00910277924672586,0.08081642155819461,0.10833431838932607,0.030013846658450923,0.03289682300151598,0.04361354555088135,0.04406127337433235,-0.09883933321350377,-0.12755759127148625,0.14143852179770788,0.06120226509204767,-0.18279370476265683,-0.2822281617425968,0.1564004773639761,0.06972976540642771,0.09778293359805985,0.11545849573329307,0.14925558131457528,0.12472339997161014,0.14369279428590523,0.1459647121762996,0.10489535489914786,0.14872584751173368,0.14711613717767752,0.13170871153214406,-0.04187184076506318,0.14514316970873725,0.09112023382618918,-0.18081203741838767,-0.32538353863474107,0.1259248424836781,0.08617069737143414,0.08606530271387339,0.09612367531858612,0.11414622245007874,0.1491858297645648,0.16862419715416221,0.1629599596542354,0.09309500893812582,0.1676828152607564,0.19395413044384868,0.1954046018861933,-0.11604649362018518,-0.1152703020465748,-0.31711913312253587,-0.4245556572669114,0.005773839811927596,-0.04484166034630798,-0.0158479386647506,0.019389320716062138,0.012525449777684288,0.03761818225311825,0.05623179066733043,0.05973439779996163,0.008663202108009553,0.07775530157866713,0.10923305662442506,0.12287308452230927,-0.09194146721583935,-0.2538350878726199,-0.3537037488986979,-0.03493315663238471,-0.05395650227265825,0.0654203143902555,0.09610384157171745,-0.034171813881116356,0.03447888812942991,0.09407459959129953,0.09932812914193043,-0.04249544249456663,0.11061318075975739,0.14921424600549488,0.13615164524624723,-0.24509041139884938,-0.1663677371177802,-0.1577372532340932,-0.17468727267215525,-0.10841593429720484,-0.05422921556301756,-0.1374028453957393,0.009838612669779517,0.027803475434104788,0.008886016980454029,-0.09021414564982891,0.07252235673956589,0.14724245155254334,0.1829903330825431,0.022618373722997905,-0.22106118394434648,-0.07502800201080577,0.12561072164439188,0.19669191813372128,-0.20507447376633692,0.022928007777143197,0.10978609096646544,0.1477670330785169,-0.17188225287166692,0.03170199790982047,0.1027194545091151,0.1400742689617082,-0.24833476238933247,0.0018355465745528044,0.21906580273023785,0.2778342842335706,-0.22463572557830713,0.007939011242878427,0.14624165085328716,0.19125058531694,-0.21876586347059732,-0.027077119857265308,0.060081607897032756,0.09800395501096723,0.0015403472109442912,0.0935564988543464,0.11614138573437702,-0.04090705269870553,0.009210204420681522,0.07317215554969429,0.08206828955234828,-0.038873026113342805,0.16178850786315555,0.1350188709678151,0.10140450661361558,-0.06623143992359232,-0.04716208898363617,0.008561186436591695,0.27302205904024685,0.11456558141182328,-0.0008899002824400474,0.032839788199494124,0.25891221265340164,0.34523891301409193,0.3389953276588101,0.011538341293516061,0.0923655375193621,0.1860902328043875,0.15626658740888805,0.08778335973946277,0.10745197786138937,0.21458169814528033,0.21608582387570888,0.23050059952733884,0.11621895565711479,0.13377944662094807,0.09859626175946866,0.10464142303920862,0.1321354335708175,0.189010019531818,0.15699552965843158,0.15713591665349938,-0.07570940112781459,0.04690454778284916,0.059783211926039595,-0.011220911243920764,0.08582722646028441,0.038243449523081674,0.019384214247210874,-0.07249849748875499,-0.10023649692146698,-0.09798025769203542,0.16261622390585684,0.2486692497167325,0.13953774158103127,-0.08443391606599224,0.026854522222362762,0.043612350176972195,0.06479454385479327,0.10427836118156947,0.05521445351142989,0.03419831008577583,0.018170430805103825,0.030103988217430582,-0.11966867275343715,-0.049679071014294585,-0.04221472175929199,-0.04971250554002104,-0.07274529677245963,-0.0984615026985764
a,0.02969809644729941,0.05980874948440137,0.2198833897389157,0.43455725134738904,-0.11243574320318334,0.009641316576805111,-0.19354415906174988,-0.15693788886368717,-0.05654256863815937,0.026470132547508088,-0.08018237653624002,-0.043272791144445724,0.07818483629791076,0.1064079542199692,-0.011763618929939554,0.003403044989482656,0.2804945818854775,0.19171126865309077,-0.03438392824536505,-0.09041932408131563,0.10475671764012148,0.261324785747339,0.4556370351933408,-0.14458805835041225,0.0057695841212946335,-0.18400841131568513,-0.14200900460183202,-0.024210151841058677,0.02842457535141996,-0.04959353431573193,-0.025243546406924226,0.1437234799079618,0.12708697468069946,0.03394297829559136,0.02828451834935517,0.26017699194801336,0.22677083310089674,0.025994116948443054,-0.05315441226774409,0.20751584168782833,0.2428937734665455,-0.20185973524336367,-0.11965075126707375,-0.25815378825770213,-0.2072815873149341,-0.025608384129254976,-0.07414333199189208,-0.09398233552153458,-0.07319712846430511,0.060910110636087055,0.04139836407874747,-0.011250949029933026,-0.025757238813537277,0.09106196400470437,0.1428345918748246,0.010606479360083833,-0.0743156505936605,-0.21946670333447185,0.05517568679264611,-0.27686235539004295,-0.29775746469233033,-0.1550127597684605,0.07215197502714635,-0.03171198344862161,-0.030260296814237995,0.00024806514534406887,0.08242374885053293,0.06587046321990764,0.030747886510415896,0.04954406325248326,0.0748838640400042,0.13863074811937587,0.0470201292554435,-0.032427722218967905,0.11958551958253223,-0.4216371936358778,-0.1679946530667248,0.03495231583528236,0.2717293179727914,0.19720065957638475,0.14990094707229176,0.19447504698182308,0.24484912654346913,0.20262536626618427,0.21213102352694407,0.26325259881477847,0.22561417533951167,0.23192476667843973,0.19351618911135027,0.20255911333934104,0.17712027207788125,-0.24221562408342587,-0.19736886103898968,-0.049569438980554964,0.06262126118659392,-0.16331174409725552,-0.15509556393412402,-0.0401478026862893,0.05729109042619709,-0.1399907482530654,-0.1287200472279984,-0.06921354143050197,0.12904856992320335,-0.10250313521680313,-0.23681880934388638,0.15659671822926,0.03984494400259423,0.15609453832053904,-0.12987456520980287,0.009799824586969179,-0.10649020988045454,0.08156372431160938,-0.11145450029800061,0.05576867196250724,0.0024173190356295295,-0.004858951437736801,-0.01238762838726529,0.05259197315913995,0.040689020825067146,-0.3420370417571266,-0.25604642630462576,-0.012881359650868344,-0.1098560505238048,-0.2020624271888851,-0.20707382524716722,-0.04125228434920113,-0.11898838730108095,-0.1457561261755098,-0.17374166743920955,-0.004204881740320191,-0.09414048736582369,-0.14877602348485816,-0.20208949036100546,-0.021625141374514326,-0.13407577995889625,-0.12878093744892782,-0.18665030993199905,-0.03579512617875904,-0.12130614030136308,-0.12951907477921604,-0.15753845762131433,0.002132566914367026,-0.11537069885244923,-0.19513132491341248,0.11486083615055367,-0.11215452767005096,-0.13919493188234644,-0.04885737555271559,0.15843314794213953,-0.16881519939720271,-0.13637300783631653,-0.10953836954816469,0.21586304234693163,-0.13075755963273505,-0.24667843185368088,0.0409442741626799,-0.18328505565237535,0.12702465812414412,0.0023774555657781493,0.12025980117704842,-0.012872657002585684,0.05842897756938586,0.11939774738259773,0.1782211198413359,0.10897970903956701,-0.5078016580371751,-0.08054979516976253,0.10017288772281364,0.006332933041373208,-0.06631359380314546,-0.05839825547842188,0.08790759901116059,0.011611943022163635,-0.06636238400156086,-0.09301682274864731,-0.03241619522291912,-0.04194903567947315,-0.03310815467829474,-0.05492955596091526,0.044573130659096925,-0.04329536996351283,-0.0998480627616736,0.1392629269005855,-0.19059671061445976,-0.1355805469914217,-0.18448596360960035,0.2506543592318879,-0.21153754222418153,-0.2333401842365859,0.1083826309718182,-0.0340114231890623,0.050940506374437346,0.19585932842610432,0.26180888378984724,0.11589168850186496,-0.364412123810165,-0.1560730065488668,0.0025527460074023143,-0.05891955785205752,-0.1560398103736165,-0.09026599106732926,0.013039043646607263,-0.07612121531104646,-0.14254143226046054,0.022333884533286157,-0.3403959152036687,-0.25626792861408115,0.18834622652386374,0.13206449011319338,-0.14097678602585076
b,-0.00897181401634547,0.008421304601039072,-0.08501671309520763,-0.11388991109863231,0.08992348007661141,0.05864891864257768,0.12783176144518466,0.19098370123389996,0.07548382793496035,0.08096170144956892,0.12701765150933036,0.1648692014490256,0.05333708674197065,0.06404031328399577,0.13723299896783608,0.18223827077222404,0.055166083708514134,0.048023944647516775,0.11029833355736754,0.15777724032578364,0.05328783630791632,0.009117951108398309,0.006925924650080171,0.10260503004421767,0.11394234100365752,0.18499216008081376,0.2333643769187314,0.09554302207269191,0.11580539760799154,0.15809180278549215,0.18922798813211358,0.07877629141577099,0.077588412002712,0.15867749467549938,0.20361532172143199,0.09618660105004181,0.05584122964974613,0.11807191564470192,0.16539751647174125,0.18323296225514893,0.21625997220740817,-0.04514115669586096,0.061184223645965194,0.1716593532581219,0.2366149768097075,-0.005655566630335144,0.07238437933903602,0.1593845175859762,0.2045152224690896,0.015002840609713497,0.021576455568580937,0.14798275749933357,0.217403015231431,0.062349665460347536,0.003067719020191797,0.07437254160863106,0.13655371061359992,0.20582666742561745,-0.270645571805578,-0.18078069929151735,0.01479050293083964,0.15712765234052006,-0.2544662143047187,-0.1012979059009112,0.08542639685513778,0.18923434624559543,-0.20656583388006933,-0.14011863552027232,0.046503967013603285,0.17171024240405752,-0.14042097642721815,-0.1618964311624142,-0.07228585925941892,0.01816014748115464,-0.10975665038914054,-0.07713357582286481,0.0280342932665438,0.13767711314465836,-0.23296083929342426,-0.06468399720718838,0.09379453416583937,0.20036709750514878,-0.2833063690257992,-0.12487813808855289,0.055394249363225664,0.16892204916273246,-0.2176198516917208,-0.2113275594679525,-0.1017144057850296,-0.006252668751424058,-0.09191807779709675,0.05563924043045819,0.1509129334468489,0.1495258656539844,-0.018880805515492313,0.08842323356749252,0.15076956984158904,0.12695002571799613,-0.08610415439595889,0.0757040309294455,0.1612618025199097,0.14687084840068687,-0.04405357984160419,-0.024532984636412358,0.02786713361039,0.07720982247673944,0.1510349828999567,-0.31870683311803927,-0.21406486758503168,-0.033372496387648054,0.09156440954063878,-0.19909862828592806,-0.1858447076793301,-0.18008880153689427,-0.1986818502270595,-0.04636705959051125,-0.10713469598791998,-0.16699998029507704,-0.26023552021179114,0.17806258842840159,-0.09255564848507838,-0.4816095342205381,-0.1861639060719065,-0.10639198656667953,-0.14834937096314388,-0.34794047387003385,-0.27000762734624817,-0.3220193103447319,-0.07993539882298335,-0.1799165248249805,-0.22780811694112493,-0.3175097510868914,0.04567042716061678,-0.3623157525649534,-0.3177159071736605,-0.21126011268913225,-0.015617735796543778,-0.33679961951207593,-0.3253822770980484,-0.32726938294206026,-5.784346324531764e-05,-0.16829571116826436,-0.24132223924651658,-0.31524622432131844,-0.08158637321003322,0.041237296271572944,0.10835246175106915,0.09879149748322895,-0.14802331832284918,0.05019892026112045,0.13141943719491783,0.14336670964250472,-0.16929431858937177,-0.08206187775640503,-0.007374375137413232,0.059582941640427045,0.14485433320898947,-0.05676847321068073,-0.1039473859683654,-0.1731902082919907,-0.15729011060603554,0.035531747167575775,-0.040834368842929965,-0.17708439059581005,-0.31962095276926067,0.1161922350512796,0.034211848449197384,-0.059778561519617,-0.12295706640403038,-0.19717885289505696,0.06425647186194579,-0.007520169851532237,-0.09731284584215509,-0.19640082080797944,0.09768031203687035,0.022056768919357157,-0.06898140923675335,-0.1224989874935601,0.11474667138887223,0.04357807834062186,-0.04796256172326772,-0.12060860799875857,-0.07369881716258349,0.05743515188276643,0.12531882514891687,0.17344120884953584,-0.20843330419591946,-0.0446903683057746,0.0328015938714729,-0.01331742992911011,0.022026926355890354,0.045707375964003656,0.011411501024252422,-0.28004070503412887,-0.33484913727922533,0.007586976464683372,0.10558604684846853,0.09629156940485233,-0.01448073208802793,-0.1548002057480414,0.16049957632967163,0.13389599237840136,0.04050466549999857,-0.03170782768000515,-0.0687849768998996,0.045985303171264306,0.1081732999407025,-0.0021456204536351147,0.05100506651362181,0.041789535112663506
c,0.18846119579561274,0.13425444854543978,0.07726335512906903,0.2024753448899708,-0.06577715654984669,-0.004856824415782391,0.09821115330545512,0.12595553281237776,0.0965383758625261,0.18398450426140728,0.11586597899733618,0.06461348983074344,-0.1942302675425863,0.25734317446546345,0.2677645387093087,0.2645163625881202,-0.7779728300240191,-0.041703984813504145,0.2908009983697714,0.44581293505309894,-0.32881149451919933,-0.3234243814131464,-0.17251090732436147,-0.21071710038042046,-0.5888728779985181,-0.3012059039458485,-0.08428406265236689,-0.16415391757339887,-0.4103569480996423,-0.15298099527541428,-0.06917541573133332,-0.5520214386740206,-0.3647256785927211,-0.029233092465977606,0.10485171774744789,-1.1273683077626455,-0.6576218330927937,-0.061418024976477165,0.25552475698680926,-0.3797247214916609,-0.09538774891947809,0.37942568246751673,-0.331029130062983,-0.17983087295720906,0.06405031819764072,0.3966061583720767,-0.29976995467232087,-0.07445197937686333,0.041698633722281685,0.08123644622393592,-0.34643615622527707,-0.0013642319091542448,0.22325137690169028,-0.4763188208595577,-0.6167020431307145,-0.049146149053879755,0.39186262132263777,0.19963093473351615,0.04060139526397936,0.011237718154659616,-0.0541336644106068,0.24847669438016554,0.12600061434112358,-0.09038464875395072,0.00818004749816079,0.2127236839750624,0.05741692894346774,-0.17491742625258935,0.02830659276194123,0.39073039824342265,-0.03985561153287932,-0.25042572592578444,0.1609873318161843,0.6360887775622073,0.2675996794999631,0.4859054776055548,0.4737166158731664,0.3983115323136201,0.28995709663734387,0.35257016618130815,0.3603755481931506,0.3717027405797107,0.24510500511767067,0.31855402859182164,0.3224052089264319,0.47462666640253753,0.23051030587298152,0.572745533001748,0.7311403250510632,0.8218591154972507,-0.34113335861875527,0.013157891345779351,0.1751066769397575,-0.11047073583751171,0.026991946528524158,0.14028964411254716,0.1485750565486623,-0.006406921344759452,-0.37460108174153195,0.12846566905396678,0.31545826863202625,-0.18101477961928894,-0.31467139998739835,0.10492608439533732,0.4749672925121004,-0.17997768824657442,0.09079029859383343,-0.14496943667293258,-0.2723591005651871,0.029982697506001004,-0.02643751853236695,-0.09891684513506084,-0.3728197301351383,-0.1415302435053825,-0.03645810968035368,0.08537532144929671,-0.34040664581219315,-0.29739846538249276,-0.012632748779886117,0.3843282254933853,0.05188873735557631,-0.39732365960343174,-0.13459754721001482,-0.039933436941964606,-0.0065291793824192295,-0.21201391528059613,-0.16404057108508158,-0.14154080534788852,-0.008568088822829133,-0.025364583160856522,-0.2929477744774693,-0.3584099635067484,0.22917507539658988,-0.09680348772440554,-0.0782217439417998,-0.10139231525276626,0.17454533488574273,0.03472647558477098,-0.04834762406783438,-0.23817099655701404,0.09704888716001603,0.03795431335592958,-0.0655508438354443,-0.3917791784462886,0.1749875321123735,0.14203410552045517,0.17563831421999457,-0.16544450563245838,-0.06001831863214478,0.16473289660239143,0.3436109418469577,0.11753589226450085,-0.1828775491486694,0.19837800015151455,0.5615143721597381,-0.22384764807586996,-0.1128947205650962,0.22449204886153978,-0.6334837608691569,-0.4026173736528022,-0.15793376307890172,0.332963263339026,-0.1590786680913041,-0.4943424143805281,-0.14344512718109872,0.002630503669434008,0.11512845975474922,0.048640997970207336,-0.3437033565921258,-0.14547356175323264,0.12014277375746858,0.10310778361111615,-0.34908870608445086,-0.5487851485099587,0.1387163290817539,0.1571542464453821,0.10474554878090209,-0.21686972718063666,0.09280688569722105,0.09569477152621267,-0.014957491507709995,-0.38541471310606806,0.09939135976572956,0.14253737010371864,0.2913227302760738,0.41628165239831216,-0.17292083128796684,0.15515860524669697,0.47404462227327615,-0.08294732394432561,0.2805162095488269,0.46676622462146067,0.024243106627621414,-0.11110205862971975,0.29939491246850325,0.4756459861743832,0.22343809334383677,0.35836828359385187,-0.15046857596576138,-0.2545804952518355,0.2935499076267313,0.36175329260944533,0.2033652889431974,-0.1481557879705812,-0.013286224026710898,0.1806741263848239,0.4428960843710336,0.20701974916815022,0.7906239389873813,0.9266368457456167
d,0.3296151913958634,0.22810958152912786,-0.0918705537722072,-0.5452813722638112,-0.040171344056737605,0.06544885492818371,0.14572372782470353,0.20052905933751633,0.03673661245161265,0.13555792446583223,-0.03918935282588304,-0.11161059450261475,0.11016674093793734,0.13077642477395396,0.062603970560092,0.039076103724228574,-0.13227024995072453,0.009812829508351616,0.04618101406188708,0.023906119988574,-0.07708374244188071,-0.39575724265627965,-0.8164375125713333,-0.2751557414270645,-0.13316329097385882,0.014978308058529321,0.10946753270724566,-0.09511715648850572,0.004265625793663312,-0.09989235790560755,-0.14574055236264274,0.049527633193834374,0.05192786647254372,0.050726712000990104,0.046307783947385044,-0.08492756747075057,0.011380258179143907,0.057921547877400094,0.04709090751979738,-0.2927708552675905,-0.4461399529406953,0.114060691755026,0.07998212966450144,0.12474445829937882,0.17533873968377914,0.3159243920246481,0.2678960354062729,0.05646456887711148,-0.03302315182072556,0.362906228660227,0.28873547671009103,0.2374607674666194,0.18739680987025134,0.20016634753226648,0.24414781996274154,0.23580726620859235,0.1897393410545614,0.15879887523815633,0.09376329462391127,0.15588999466623826,0.20591076667571007,0.26067788288142546,0.12746799826245364,0.22405865188362653,0.035601039853523635,-0.15138421043182712,0.12257902318688041,0.19270734825945554,0.1643468281468796,0.06663325609880066,0.03878572951115931,0.1390642958423281,0.1406449754475405,0.08757537686872342,-0.1302367300701902,0.402967891741518,0.49044540020553506,0.5152365483670068,-0.0772122535835567,0.3702547489163134,-0.06466056814214051,-0.6787982636404579,-0.10062825072582866,0.20040056701908518,-0.0034872358513607683,-0.39303628325569634,-0.19890865331854182,0.026446085197697932,-0.03351015226995245,-0.19384040575391295,0.07833546627295077,0.13306064144459226,0.21633824926439688,0.0021483926060692736,0.08648899416689906,-0.18520293832826712,-0.2880609658827658,-0.030812132704017683,-0.06928857654061155,-0.07346063787844195,-0.09056204891759678,-0.1126724243258573,-0.041397200197990855,-0.011793131602109005,-0.024145782597433663,0.0753548469545054,0.08848231787355246,0.049894685010753344,-0.1415406831147339,-0.29883582407364445,-0.27321325754764686,0.01506963352174877,-0.0855167914134802,-0.11368526060173104,-0.14328137956150294,0.026601150049574165,0.04637923040453818,0.0014340601300255062,-0.027633691622838373,0.012577851890634196,0.12415753650196423,-0.18024546428495558,-0.03523081070937616,0.047303787095270035,0.11921195434135785,-0.059650070443779867,-0.047106351601475284,-0.025387669380407367,0.1479555592484276,0.11667211136200438,0.035386199913883934,0.026610177638162858,0.19366026495237287,-0.10803848441946252,0.06641886074959592,0.16736644232561673,0.1933366118826006,-0.006024247936315206,0.006600887639886318,0.04943116780784458,0.23389033030260534,0.18733366724084238,0.08711083268131317,0.08703338413100938,0.11610918481427965,-0.169867871386276,-0.2872508800740171,-0.0764875867899723,-0.08395510757405324,-0.1148922935786206,-0.13816912864376446,-0.13168349966744627,-0.08585329057982477,-0.015934768395692665,-0.03374556872315051,-0.1326337417538953,-0.07263302590905504,0.1220423103188076,-0.07232489278131918,-0.034366257059134805,-0.09553742639763571,0.14975861347583566,0.12878450260149257,0.06967097490802793,0.024359235942982473,0.050507222502135164,-0.10906374879625473,-0.18694379410249123,-0.14205341148423167,-0.1456187607617519,-0.12219360740664703,-0.12873007853430068,-0.09751142586177591,-0.09496568204883965,-0.21862641911977748,-0.1465126828208322,-0.14351976518209636,-0.1564214372252398,-0.23333840106449116,-0.19306545696490487,-0.1407730170873752,-0.13814737640962424,0.029470101855272733,-0.20421816464001744,-0.2105246511709521,-0.0747832425500747,-0.15643928208440844,0.0009585639161238345,-0.02401490757291812,-0.18476796436658374,-0.23744055799162223,0.25110753158797616,0.3172224494828147,0.11055863032366302,0.0031429819695458507,-0.22338035273043724,-0.10825609834535208,-0.2678944332657081,-0.021343300028962214,0.003391577622623931,-0.2314165609766756,-0.30734901626123406,-0.10286495765925825,-0.03244811569618418,0.11724968049714733,-0.08199062160570025,-0.19630113360661158,-0.43661284246671234,-0.3513258601283507,-0.1198815824785728
e,0.041891956027614315,0.20233026086657746,-0.09610812135871896,-0.5666204825686119,0.14768762758274592,0.13309342818876818,-0.08486160801062208,-0.22200448452129856,-0.07927623910655933,0.009569674664360858,-0.05695183855608772,-0.0891931339107065,-0.2675472774585392,-0.15439046370480625,-0.10996343070891995,-0.11511057408867667,-0.31815332503797705,-0.22877468778672214,-0.1714605227034973,-0.19838082597688567,0.41441122630573285,-0.04690845331901743,-0.5752194715115635,0.25776125604258404,0.255996043553629,-0.05859977397077574,-0.23486012530184944,0.0664918028076398,0.16687168200623115,-0.013186198893740871,-0.08633280226199697,-0.036510097842798746,0.0061500805441715755,-0.052930357627044504,-0.1056304117958901,-0.01869987643712017,-0.027068731523811805,-0.07088710627727375,-0.13786909664187605,-0.42906279576076084,-0.5438672104906679,0.13004432188401785,0.20831979899343364,-0.13951722223846638,-0.3464901041088682,0.11817462403296874,0.2139491782915606,-0.017758210450581888,-0.14156605140902803,0.10664094751169356,0.10543051427265267,0.005339674936774117,-0.06394750212610571,0.1330926875176372,0.09879782067195901,0.016736793048524146,-0.06619724204127053,0.36038948104141383,0.12704824512729407,0.29819478373833147,-0.05754173813458777,-0.4355030864179274,0.06480403879352585,0.23008814419940035,-0.010433711479567618,-0.2538689308728433,0.032952733591883256,0.09366175895733013,-0.009271146233408228,-0.138724646398545,0.028808861606095495,0.037813995395453735,-0.042470673970328124,-0.13228066602342403,0.20686319988740068,0.5136520514215297,0.25027446959991173,-0.1788035370405276,-0.13046718729691342,0.2717304441072247,0.009205213311966642,-0.3987720254418878,-0.20599037327373618,0.062000822898986084,-0.09770256546332286,-0.4149049903714081,-0.22432243787149023,-0.09572807734870879,-0.2135371166817664,-0.3983226244160314,-0.0689869175072063,-0.21573165066031688,-0.23589294589856566,0.19758291230675676,0.035852480581411834,-0.025757778268340567,-0.1199643329233803,0.20564730198090517,0.12985778516441984,0.10047552489364708,-0.00019866394231917226,0.23035568867737038,0.19580750453269663,0.041578770671122235,-0.08784014911637011,-0.26525103757817914,-0.30633528858247233,0.15869186581411487,0.07925727018014746,-0.09833740069181643,-0.28703051405670177,0.24575595411983406,0.1696993068461107,0.12090308965777526,-0.00501512647328471,0.22301280438435914,0.18135789732252167,0.08887374283685369,0.0005918353442823357,0.0035579882769535233,-0.0876027547694872,0.042005725777865606,-0.133478590519979,-0.2199257187537003,0.0017984974550464285,0.008064879172297916,-0.026640415457905024,-0.10491461922534616,0.05171055237672175,0.057475992079050395,-0.013843559658530171,-0.0878225409267773,-0.2092743755783876,0.056648743379866556,-0.19067985069514154,-0.206600451245383,-0.15274874914571598,-0.04788167178445318,-0.15580759974043085,-0.15838105668591324,-0.09153157936473752,-0.026961135629634595,-0.10213104083468601,-0.16293319445274687,0.012061534663678763,0.06379906510415599,-0.0977074471303693,0.20429962813873698,-0.0582656868846165,0.15185061890666127,-0.02539330088282981,0.21734129496449522,0.10187814558272534,-0.036565648190780384,-0.16283344202045605,-0.006788489667247706,0.03867353962467614,0.16028215320853134,0.16901557609079315,0.040608249762337324,0.0565668154166566,0.16029756307793117,0.13392365211166032,0.007702044906207149,-0.005032799780986418,0.16151090045876937,0.0790519674201582,-0.03381188293830581,-0.040063207717002815,-0.03569371548417251,0.0671941461054126,0.02226294943887612,-0.05619472980261332,-0.06739925628999531,-0.05381305040656054,-0.018225669216783365,-0.07289294702501982,-0.07373638396014853,-0.017324494699310466,-0.01619531625340444,-0.0696564310356109,-0.10685860547293759,-0.004763995611243739,0.2110579331698386,-0.016425633424660704,0.18600762839308016,-0.029241652848528355,0.05127828794977569,-0.16296941533999024,0.062289897568297545,0.10120228026829901,0.06527054427275635,0.016744907705907464,-0.17122845955656263,-0.042780566420427095,0.20840888173850786,0.13551884966872943,0.029126403695588634,-0.06593421237359519,-0.021942552034764903,0.04469728940313165,0.0027135856914650156,-0.030292795829104702,-0.07515110409279974,0.07587190586390735,0.14827259102113188,0.0010084552517589632,-0.01787273392952418,0.23445660228838905,0.4024887412992905
f,-0.03530441136140265,0.00025546998600798417,0.12226978529446823,0.10045574085832693,0.06160217082407777,0.022123077398863544,-0.053943235369363414,-0.10065662839913142,0.053066292381358085,0.08192883513077101,0.08728811582082724,0.10624752745914143,0.0079151710668038,0.05080631889146296,0.08828168343783735,0.11127395110491275,-0.011944390563694915,-0.00020186348244320815,0.03807177669829744,0.06665221833333543,0.055003192095840744,0.17438626796624254,0.13441549484324888,0.09506633844635438,0.06186966481001414,-0.01500249868245485,-0.06486455703318426,0.07788496895538378,0.1476682224533979,0.13853157027368265,0.14684526567413447,0.02413083081029774,0.0659695224967348,0.11132487604190716,0.1352728444358663,0.009853694891072158,-0.014403028917955935,0.02766887345425042,0.05927630893125009,0.2028333771447847,0.0718243278243366,-0.013523787650669169,0.019543554369085298,-0.02175343418977336,-0.061771104885881715,0.0009870335184450603,0.13829406572342304,0.1671619639219691,0.18116870893126302,-0.01785271704915704,0.014650982903109814,0.10250511432240111,0.14840676864480593,-0.009617255232663146,-0.0642930418680185,-0.02347040336273659,0.017608195469840396,0.04518669445110244,-0.03779172532710622,-0.0609281438594389,-0.047753873661836484,-0.06700523352574361,0.05621322402052205,0.1099242487631508,0.1853528972383097,0.22009066868696817,0.062471821560797364,0.033750844760892504,0.1024755641873304,0.16449284359356386,0.07499108710648879,-0.00487650821546984,-0.009174032487200801,0.007241121516393413,-0.14203486400238863,-0.21220441757577524,-0.15197941472600116,-0.1290037555316228,-0.02763243256709678,-0.008468273531673178,0.09409410378130759,0.15989712944898454,0.029566116044108352,-0.013060056612931989,0.042831799525374685,0.10925771400778048,0.05274664596499863,-0.014415329425466616,-0.03114036351676115,-0.02575549453786035,-0.06070343247373646,-0.1294330814451802,-0.20044631408736452,0.04218234215793386,0.17799118220808405,0.14978633675817415,0.16929774743676715,0.010063133022172429,-0.02390732152879732,0.09946899612018582,0.15723384345513758,0.023173976247352936,-0.13739622269213855,-0.11830889815168863,-0.06466728064525681,-0.5075121413113652,-0.5324708006234755,-0.08321449593463372,0.18628961666298546,0.30128921683721815,0.36443349550020193,-0.05057991610545199,-0.04938651671249134,0.04834780198914647,0.11480750178068524,-0.020577326904845473,-0.11905856586481182,-0.15021543901058967,-0.19382737164540872,-0.4509285537018557,-0.20411178320741194,-0.010470172134258748,0.227104346521071,0.2769160919493873,-0.2126337546859796,-0.17146580997379357,0.038761354989695775,0.10800805471180634,-0.1578978167221827,-0.21767493559550075,-0.16650118938437655,-0.13573394735265004,-0.2909053277885127,-0.17939647109274526,0.1759976143841865,0.254375733979895,-0.29636710177473596,-0.2602852275621633,0.020165579584499688,0.12544481616674277,-0.24470204315336463,-0.2929430913994715,-0.18172610740452838,-0.09994338605167286,0.08241860560958375,0.07901910161977453,0.1138803225720478,-0.010975758727024021,-0.022177731655420082,0.08372443935053561,0.1358613360461453,0.019795781130388976,-0.23321908824905432,-0.13741984888946873,-0.05982975936886925,0.07467331556932504,0.15103161997161624,0.021623126124777733,-0.2570379061127383,-0.15992312926949404,-0.05769657620519253,-0.0076172942224080175,-0.22880615830354134,-0.34849401908140004,-0.4234427671360594,0.12300048493255752,0.044997701036825544,-0.1566901203941784,-0.17265261926910141,-0.14958569023082358,0.017364461595540535,-0.15506067922593372,-0.22718526222484897,-0.299247851697657,0.08488100604116988,-0.04188371209900444,-0.09483457270378123,-0.13098323120352817,0.05922102733219364,-0.07319721490650134,-0.139788211838176,-0.19759743181704809,0.06156801417300242,0.08911197081704171,0.12880530439386836,0.034538565007738345,-0.18283359506936958,-0.04898116068596609,0.014601279073651196,0.08098919369680387,0.12889754330273379,0.09288168355724177,-0.1476232123378365,-0.34816042585523715,-0.2952673288877919,0.0916492922641888,0.10356266276707753,0.025982250300265818,-0.10051626349983142,-0.22565675342127517,0.13150410517352962,0.08427505387361775,-0.012516003022314027,-0.08982653524279936,0.028676500775876492,0.05550435868025274,0.09239343352869586,0.06220652742711047,0.1316834071596984,0.1255437168059752
g,-0.03887589096442961,-0.18082064812874268,0.08858698333900017,0.443114378824791,-0.32839075365550113,0.021412137033782135,0.21035763331186444,0.2859599629609507,-0.18794655228524346,-0.2955378339251713,-0.13718175097937152,-0.08345864299611917,-0.11484559156791306,-0.20268145828359088,0.08512139035946477,0.18817665892281876,0.14627574585503006,-0.07334361419542812,0.03938818313853389,0.09091949509968136,-0.021212051058514265,0.15439599713131405,0.4596866089679314,-0.43856993939210626,0.15950982401252098,0.3688551404981721,0.3933944674816124,-0.386373068993483,-0.21422615896394825,-0.030221646741172496,0.0035715767812929465,-0.014934040274736151,-0.103159585547358,0.22972527925653272,0.2824724542693639,0.3070420053313246,0.05561451533774875,0.16383426793710998,0.1459007047208577,-0.26083239121253604,0.054752374286766214,-0.8477206629074074,0.1990052708836859,0.4644352079692319,0.4601857245252596,-0.42074848104045515,-0.1923087944885424,0.05714996047717881,0.06795025429172297,0.08068438239553956,-0.06959570966572336,0.26226872362744574,0.235169750090109,0.27331807202389496,0.09176389643246234,0.16368952917070356,0.07608329730441084,-0.1634148927123016,-0.40062736159956375,-0.2639849144458241,0.23850301942883373,0.3865309380013893,-0.21107519513577813,-0.12056004491062115,0.1457723927999354,0.11284829267529119,0.08489339938501518,0.09684337570818399,0.2569786274744776,0.1729923047588496,0.24025278107070427,0.224811800872963,0.2156492458128778,0.09934300510289472,-0.6797228642321378,-1.2171928940954018,-0.7642041081926018,-0.36647815185048704,-0.0910017991027878,-0.207168703258657,0.03874625563210325,0.04891478423095121,0.1418338305633252,0.21789052512139945,0.240552795788893,0.13120147851597097,0.29190330403014364,0.3285358704008883,0.3004673427966045,0.1884486849348378,0.3241805159004313,0.2707304061920828,0.30613022872851575,0.19665649591358395,-0.41682777262756326,0.29388256917229594,0.16158856124046006,0.33911796169858743,-0.03002266771218609,0.3237079563110863,0.12340589304430041,0.21304887270125122,0.11506257074099152,0.1894993790331537,-0.005116833674887581,0.19390574582422987,0.2931894181938411,-0.45882865082033314,0.22493372355524055,0.8087263930220852,0.7012735860226433,-0.333910322751107,0.010058773596223996,0.3027911112008645,0.058883335467721745,-0.17771654443790505,-0.06405378904392034,0.07396145520687653,-0.0743312935546674,0.38308998348330503,-0.11601474560463768,-0.0433353831169483,0.36710532796990286,0.4136921066442636,-0.2512654565226696,-0.17467923003303798,0.057026317573868265,-0.07765598836600747,-0.24269408707359225,-0.1710923720886663,-0.027734044992468482,-0.11618509950105853,0.045274278074653895,0.3413375306732666,0.22414479022223474,0.31031351511224325,-0.0402735742482532,-0.08512094082797828,0.008038269897813349,-0.04880361954437359,-0.07557700357703884,-0.07734586067143025,0.003423585619391507,-0.040380669519258235,-0.8164210186671553,0.08575051603835625,0.05869118668837993,0.4794096098686366,-0.18880286516492434,0.19724453935629732,0.029417192521057907,0.19013089078944193,0.07451952290536681,0.13913906549603805,-0.050064384089932315,0.40221773833164387,0.2380549831338711,-0.6010258952823887,-0.18422915860856917,-0.05838006093338391,-0.35049350525371203,-0.2829774839438002,-0.16830000296451209,-0.1456932094818244,-0.3078660067440462,0.28734112290633174,-0.1603495436115644,-0.13166540833392215,-0.23018483006451887,-0.33482989476228825,-0.08690865196011341,-0.10474060778871984,-0.20532552174599286,-0.3493054470310333,-0.0127605007128399,-0.07473632644943481,-0.1994734371555955,-0.3145938211912736,-0.01850532288175298,-0.042826133076485425,-0.19357660882380895,-0.33129220463843273,-0.4529726104557105,0.05395238803431091,0.030583741738731768,-0.12777626942219134,-0.05946042583016324,0.04909796399090809,-0.04393088091267362,-0.24038553185120365,-0.5435185920394893,-0.33060281496143956,-0.10292980747385004,-0.12731813291127256,-0.2877499677941457,-0.30882373186512163,-0.01407861694550517,-0.1072513672929291,-0.11492860046354825,-0.2910739182100773,0.13717999192179714,-0.11233493836901479,-0.06086434940791558,-0.1707980277330066,-0.19876857887226168,-0.04838307508845881,0.061728401343672634,0.17604395168507317,0.034292795639876146,-0.2412573545912038
h,-0.7638117634874343,-0.40819074640546726,-0.11051721046302607,0.021264685146814385,-0.07925011576526463,-0.1391419876234873,-0.05913916670451823,0.007072908772177412,-0.1619834515123623,-0.09548544445983922,-0.010960207038168492,0.038325347474230394,-0.2193415631927842,-0.24009510272924908,-0.20292944997755505,-0.1530755400578773,-0.22410227705210625,-0.20345624568228834,-0.17668936361204868,-0.10670559620337863,0.07522873974797455,0.14015070534321733,0.16185523778809427,0.31529301277074007,0.2454290515328702,0.21460552175927466,0.19513908299991958,0.10222040986070263,0.19980490105284515,0.1657450994183501,0.16840237657237073,-0.07404074737288609,-0.10040668169271577,-0.12035006603046161,-0.0950491605647495,-0.17950703502355342,-0.09368282791850982,-0.08903390331877441,-0.056967451979135816,-0.20767347956231175,-0.1094118082320835,0.09264699348820353,0.19964141296902166,0.2128857895413441,0.20952467969177485,-0.12788817706665476,0.18781640858150478,0.20596560746892534,0.20962888071799032,-0.185315172988378,-0.1293743896009662,-0.10988188111827496,-0.08494125904620724,-0.15236055455242936,-0.05955981745518297,-0.020403992326640828,-0.027268012460625515,0.07478613190469217,-0.2740405138801332,-0.22751148971466612,-0.05609024465801382,0.06141555716980826,-0.042639795142324334,0.0347081470751249,0.1278205035886315,0.17122551754259238,0.09510430524853122,0.02995601167897346,0.1444427961659388,0.11309978498584196,0.11253852430396194,0.15684051176150826,0.19315138851348504,0.13142326227438833,-0.33023272299231093,-0.5924289760946891,-0.49808185986565834,-0.28806816472412566,-0.28558170606284133,-0.4737575883964425,-0.2625707900988177,-0.11455517621493283,0.019108379460573012,-0.013354925846201316,0.18884586388415017,0.15524208223970742,0.11757048573769494,0.17496758315598746,0.22480544817927833,0.17082303667032103,0.20474624295581687,0.17770234288600426,0.20094572702331656,0.21751751276997902,0.44709466883254745,0.2546989543293,0.24645750154309376,0.17878127753163392,0.08929815975159501,0.1515186408495124,0.11071979047463437,0.156756162256516,0.24881910620166867,0.27530741544341664,0.16085541786380347,0.27527676803086837,0.37739379840465487,-0.38177681396037033,-0.2502004471393453,0.05461291286709745,0.21035442096092027,-0.3269325291818375,-0.3481665814426309,-0.03474076873904847,0.025832174850678413,-0.19494208938177054,-0.14607993479028636,0.019712829762586155,-0.004238971334699457,0.4979362222308392,-0.1046043383130522,-0.548093389634952,-0.19717839624154,-0.09511131790354868,-0.23502708073247477,-0.40190945940764056,0.010752532052391411,0.06531108855149746,-0.21395160058861973,-0.2078257989401658,0.0062462695727150625,0.004941281298109308,0.012196475468670228,-0.26074877399324664,-0.2508956751717779,-0.2052874466214343,-0.09920062518751475,-0.2506225117463048,0.08645750026342146,0.11533007863456923,-0.12975589009186464,-0.14589983850687588,0.058128378232269885,0.058385342670471296,0.037872342028452584,0.054317379995109404,0.10141199724778205,0.14894678794394903,-0.11537074354482105,0.08574710836207826,0.05884931231626172,0.13217706337508395,0.2263362298064315,0.21132890952451422,0.09156038555842437,0.042125287507106084,0.22612648723053883,-0.11363591737992024,-0.15958137518665344,0.23963668149294645,0.22918556578051058,-0.0625434506433475,-0.012021277650411074,0.1896449975976952,0.11787411787952921,0.3396182143519867,-0.04717401136528626,-0.06626969262956484,0.20725481047144845,0.19463604999793152,-0.07547390287343038,-0.028880939531932527,0.15493918482954933,0.11765159325447633,0.01986262233897852,0.07340841552540717,0.24000822252489742,0.21190798999885385,-0.014430309945016496,0.03604609416354563,0.1830850129464229,0.15444957771194917,-0.3010498539689444,-0.1553845737989691,-0.01263539417251903,0.10726890345691183,0.13057056116594024,0.0898509228508756,0.01629187850701688,0.18096808737980344,0.07946456478097938,-0.2005395300407123,0.09555292109544046,0.1991503234868884,0.01681463176651437,-0.11760159947392348,-0.2518316527218837,0.030536904902714778,0.049965014110033505,-0.05664936414639695,-0.11186347450022473,0.05025494689537754,0.06454411880411698,0.014110105151015294,-0.3322212888812438,-0.2607507762354193,-0.08930567981668784,0.19024515272272607,-0.043678096428872645,-0.3296151356225114
i,0.40071764134796034,0.7890847722140274,0.09701502520125904,0.0007133047617664637,-0.37291620211015625,-0.14544694671228392,-0.2242177604470236,-0.174410949169519,0.29138831057404785,0.007040214632221432,-0.12807312277929755,-0.08197074158477673,0.5042292347397682,0.2526131667088873,0.05542478139166488,0.025673704132291756,0.6462168084115564,0.6061237903472845,0.555318428681776,0.5187802170854596,0.7267898205401595,-0.1853049305322123,-0.0503747523285634,-0.6160515013174158,-0.46215547212655944,-0.47783100636941345,-0.28055333588684583,0.1212754358079926,-0.2193545558072585,-0.19133648860209118,-0.10443327168871208,0.3110414411078301,0.02722382765639618,0.043582134376068005,0.10513261794063665,0.42826111008772905,0.31090129877634365,0.3506480828662752,0.33365403275753414,-0.6745718718580284,0.38197612956672317,-0.09816044994027895,-0.6742634159043589,-0.5953013301888709,-0.07778304544804317,0.4468425171021856,-0.1535247643516032,0.007996859245026643,0.09921774847768272,0.5440419036062732,0.10050655813395457,0.3447316106324358,0.4487706083206908,0.5777823713104543,0.27676099588232955,0.24925162213622318,0.20004059015379444,1.496528632794033,-0.37892981471307124,-0.6657867036247423,-0.2678206709040933,-0.014692619747397183,0.10585589626827951,-0.10303283765444746,0.04953867030027337,0.10760066102629366,0.11700825763691497,-0.05038586952220562,0.19294595500761255,0.1716605259818282,0.14792150890544414,-0.002232083196102619,-0.01240328145070698,-0.03198428486049857,0.17010108480241845,-0.6355597879698242,-0.09792021285033409,0.031701472166501564,-0.3067113169878142,-0.4322582971024451,-0.10760775293600439,-0.08071267854312442,-0.1406885115929306,-0.11849593952064678,-0.05427202581852945,-0.1260016459368861,-0.10675791950439682,-0.22319411617047716,-0.2681050905509854,-0.27015453930905964,-0.09261645985294728,-1.0106151981408293,-0.009083141984956675,-0.40140346173672775,-0.4377920420990131,-0.3875702257030296,-0.38088436821080646,-0.2953141422696768,-0.49470426935484935,-0.13748828695622864,-0.20071933622484023,-0.17273517667285035,-0.31280603145695357,-0.14118381506397912,-0.059392173865644785,0.0011833033014352428,-0.11421489750391062,-0.11599791267554323,-0.2494776478099868,0.029877405164748017,-0.1211141841454655,-0.11136411089592733,-0.33900388304945944,-0.028799789805157305,-0.08364062482979753,-0.033127831258977905,-0.21181911449662072,-0.24705658540892778,-0.33213846827293747,-0.4126169773015035,0.09145500857721414,0.18176248641107962,0.08738205828086267,-0.059101627014582846,0.08335098559285367,-0.024032045085474407,0.14015460229849966,0.04641994850055208,0.09303913956030758,0.044904807692382524,0.11161683450521487,0.1137849957444363,0.11641014499154398,0.05357449689269693,0.07181487394023404,-0.03861345521501267,0.0042329399323271216,-0.013649676617530727,0.15265267029258817,0.08317001227641987,-0.011708178388333783,0.004591786303527051,0.11044444311933034,0.13233431293765396,-0.49545256220592593,-0.4641737783318963,-0.11491763018400357,-0.0940555035295293,-0.4934526971530769,-0.0777970539257713,-0.19325629587538898,0.048741986525429194,-0.28499185633232443,-0.048738023425183505,0.04022189464592097,0.22915843164220592,-0.04308917509619671,-0.1848934681655857,-0.37855196015290743,-0.08781385935778233,-0.21508066364146952,-0.006114758912666196,-0.2527701353180002,-0.2527756540534316,-0.23480077086838336,-0.48297521607207233,-0.19556506565848283,-0.022432236716227693,0.0007948274635219803,-0.13157741864499642,-0.16052739379175035,-0.09876566346889384,0.13965621720286273,0.216887651486398,-0.16083323463217974,-0.029897219511959974,0.0646248094450934,-0.037358525317664155,-0.1555932466306203,-0.04789525473120995,0.171986769504138,0.23094769099379792,-0.16556716062588533,-0.44279324687693017,-0.32723672383988267,0.2069178826349199,-0.06991566794112007,0.16909660221102502,0.25663718436075256,-0.22921581103531244,-0.34092489085235755,0.2967916166038517,-0.10279255286027941,-0.1464511010148567,-0.004085553240057491,-0.4164096895464987,-0.242587047967051,-0.42871789026615126,0.11897189918774854,0.28329924872937357,-0.36784690288650734,-0.370110706892668,0.1059255219857,0.26011061027611826,0.3990881663554795,0.42437005783000137,0.5009276184875332,0.3451454582140649,0.6198865795510808,0.5806356658238457
j,-0.0710031481728814,-0.4206418371767773,0.18177977390178177,-0.12355930904811252,0.5709904176029452,-0.06687135225739096,-0.2050821784896682,-0.32766782500180175,-0.14624548345030647,-0.15409555777452036,-0.13283120890367642,-0.2822798296141464,-0.36871857218739834,-0.32594483751812026,-0.2618757071589267,-0.3441119958352582,-0.46206745075564687,-0.5040983925509904,-0.25893511642442085,-0.1307785107500279,-0.40471159236518,0.535571016379346,0.10189894660345611,0.5482593449990725,-0.06989145804413428,-0.12494813702388237,-0.2928012574520306,-0.1223639899251198,-0.02673403522209862,-0.08294394851654893,-0.22467356771437405,-0.15958753476522458,-0.026891788092817993,-0.15424479199182076,-0.305383372429153,-0.15716326974559955,-0.08749692942898357,0.03879003239955208,0.1272334081787885,1.3817493289613907,0.29165562930473327,0.13424079637036065,0.3174518956071378,0.22032991589589304,-0.24970908194622246,-0.2454553762644227,0.19389508565962923,-0.07009887611702315,-0.2239692804428577,-0.2498843708677333,0.08841166214041282,-0.3315047324621551,-0.4963300984631304,-0.24197526341109418,0.024071611475232884,0.16240634272897078,0.27645063301307427,-0.11855182509422624,0.3109376033493905,0.42977011069105164,0.0449234807673701,-0.13527819743353248,-0.09834255529209199,0.022417966522215747,-0.12196295690890664,-0.12516209368281822,-0.05267683965582674,0.0732415662399176,-0.2155800927062254,-0.1241009444818076,-0.035153993657898126,0.09794669427520475,0.18753140831597198,0.3059212481769493,-0.48455906129801624,0.2171523138952717,-0.10007152836983893,-0.09520547358227995,-0.1109423102047933,-0.009015445365289485,-0.2553330816321501,-0.022352846978863687,-0.19763192374069344,-0.23027207605903288,-0.28001162781842626,-0.002790434589417722,-0.18989430711631772,-0.044074836652099124,0.06996525908965189,0.19003881140743858,-1.1065126937912988,0.44610137561875474,-0.3746277808155961,0.6441372311658629,-0.037746258158934,-0.06888310343432377,0.0507673978091865,0.4911984397230197,0.3925338602145159,-0.2275172195061611,-0.09006772217453547,0.3329769598130884,0.4622321880626762,0.4030597401133766,0.42778958720676846,-0.5150434469965185,-0.2493751614520431,-0.33153481400618123,0.27677632397379215,-0.44542030458353543,-0.22296231980024023,-0.008609881935580887,0.3974013425187793,-0.1494443053642915,-0.06112948817097822,-0.008053255594903315,0.27570849757204535,0.36290080859722984,0.5749653127461908,0.2324942835534653,-0.6922606524744767,-0.30761663140034223,-0.20370792006646968,-0.07605404475299109,-0.5395906885791559,-0.0713975728578016,-0.26272620868728364,-0.14498804011702315,-0.4214127414027305,-0.11406052163415846,0.011602427992347652,0.18380929349575154,-0.5522215860910024,-0.11667119071398556,-0.12704651616681517,-0.06422449450252168,-0.4011039536176453,-0.07524536033859733,-0.290389395057106,-0.20188948732936987,-0.33133705348693704,-0.07469535563875186,0.07081616779088414,0.22755697558393526,-0.13537395323211818,-0.1709281388585521,-0.2382088216922996,0.21381960564848015,0.1573810740639452,-0.4131198250756107,-0.1522186650350191,0.026606675999446248,0.3595360706765696,0.23344683785095605,0.25638436277490323,-0.6910936689169553,-0.20446529228403434,-0.163901207130607,0.4170564072967298,-0.037639740011166975,0.20303248518908815,-0.1442197959013081,0.2453063149373353,0.28008930162435935,0.3733357634668023,0.5357219922519463,-0.3274456938109455,-0.13996472152426026,-0.07620465712498321,0.1562515969495285,-0.20577291663968275,0.0089171224288647,0.08253365339022285,0.1700958808676155,-0.18763946333261813,-0.023279677403690788,-0.13586637604749666,-0.03329641906649707,-0.14749118573710931,0.05062621464718562,0.1274360387729843,0.21991429347329278,-0.2695227095354174,-0.12215734610460359,0.009979401767316211,-0.20326442886593332,0.1310319230964554,-0.0017452980263432242,0.007585321761851046,0.023208115708362998,0.3296043176157252,-0.653859657136889,-0.013804429383805966,0.17542297028639936,0.19356144100135528,0.571020203726654,-0.20978318977303514,0.3979165130405202,0.4904861804001998,0.5356407057773641,0.06402701448827276,0.43406912313139256,0.4794474547739289,0.5460916402576542,-0.3207757866797815,-0.2110231829087053,-0.20929574727424127,-0.5769396840600954,-0.621369317658672,-0.4094106871087153
k,0.5909692582895606,0.12275548446027908,0.10323698789843067,0.5361224799669766,-0.006063082153050024,0.04438888401331858,0.015832367060128718,0.02521062703061405,-0.04372039326947606,-0.050782371150744604,0.11626072182611513,0.13570426938001098,-0.1016387703666626,0.0017157598755330457,-0.04505135364720767,-0.07698500267719237,-0.18213776017463215,-0.10462277484806835,-0.08455216137905376,-0.0722376892962027,-0.19833596018774455,0.012336766399091564,0.43607011373449245,-0.38229512832550555,-0.21978964879108323,-0.14185529846157965,-0.07441305236513579,-0.21043418747119327,-0.12637130300611998,0.10625114266778242,0.1370338272678925,-0.11159758747710852,-0.004735180098119933,-0.04099867247702876,-0.06557677294389087,-0.015506761107768783,-0.05023522751115367,-0.04032142635370749,-0.03018179849302484,0.1476080961728198,0.29082631634062306,-0.4417610842752478,-0.21489032437411787,-0.12929903889970779,-0.06775087609768903,-0.17039646902685832,-0.1277575967542112,0.11804083805179504,0.1473092290815351,-0.040338302403949,0.003809462562700717,-0.0047847612161826935,-0.013426121015318005,-0.004161113037428938,-0.048657709905966406,-0.03272589435838602,-0.031533802270877695,-0.0857776804600786,-0.13030791637315012,-0.22440984216679588,-0.15433528619197273,-0.09861464786764491,-0.16252670799873853,-0.2584227228564817,-0.03761072199801153,0.011761289229705192,-0.03597694087883734,-0.015344478638203218,0.003945419959949136,-0.008516048580780538,-0.0008127226919332583,-0.04761455002658306,-0.0317443902700253,-0.03587110598341554,-0.0657356099770204,-0.8370609621762676,-0.7268356521801188,-0.5601456429808551,0.26936578434917696,-0.47076997867278303,-0.45911377728137925,-0.38431200618898637,0.4259776399691027,0.31866344852069745,0.3548364679983738,0.3701362438282898,0.44075118889465636,0.3394942390475326,0.3545335503106791,0.35050346984084074,-0.09704434950620386,-0.0855751867598623,-0.05067605027713831,0.1124065161835376,0.01882608973250803,0.17619755799513517,0.1777862693665462,0.02917512746295044,0.061160695402002654,-0.024726647350930636,-0.06362646301447561,0.0029714631490074953,-0.08325854651627458,-0.0789687019839506,-0.1006345737529329,-0.15754910044840292,-0.11282278661085166,0.2596738712054201,0.5495902573547448,0.42071802363944216,0.36272640101757236,0.2786857595667656,0.26444535369611893,0.1097603746003939,0.09538131323655988,0.19026537291708043,0.11151992419649646,0.06370526591768563,0.020088189708650308,-0.039243147799528415,0.04704307713797149,0.5102754197694015,0.29697127584999333,0.23973636597738862,0.15795348126547618,0.24516608769313442,0.07580024514405731,0.083108752030799,0.1669508908225333,0.12277985239522327,0.0637305678824901,0.036673747747009294,0.03268364404375639,0.3352484178769471,0.206812369411188,0.19835503892348325,0.11757014975422116,0.21643912222401668,0.08557490970308054,0.08626510537376929,0.14665559722747162,0.13638043188300006,0.08218866136063226,0.058179043883988264,-0.06967184819995464,0.14155935591759575,0.13723756338872167,-0.049692901925264155,-0.0009904385531744515,-0.022290720486325764,-0.11679341407287049,-0.05013811477202143,-0.17490510182924895,-0.10957345998030911,-0.13519700820734867,-0.09274847725173667,-0.11414607567727557,-0.060369553785115514,-0.2124006540676683,-0.15258748490744822,-0.028140395262329122,-0.061402841126545205,-0.18314736781328353,-0.13118731042259588,-0.0981241524615695,-0.08997795220199752,0.11766368982206517,-0.10636274129822414,0.13727156357497355,0.20461156165620953,0.07855919098553289,-0.04721423971012131,0.06769357261569753,0.10774253159757172,0.11530764348326837,-0.1141358767451789,0.15475888522218828,0.2114355525187095,0.08522114615472588,-0.030036772851991588,0.09118530161734259,0.13170101687199032,0.05685492142076443,-0.06117150408347642,-0.10720298192931998,-0.051437437601780454,-0.11089573402089167,0.015505617443899913,-0.08311720995795184,-0.04154430709763814,0.1285638809672845,0.07464780580693471,-0.11285554190496054,0.05505793934558104,0.07541463493145596,0.23691612121219122,-0.044006353919457,-0.20317056870536282,-0.10310416418760736,-0.010446424577778522,-0.06937820469612671,-0.0860607084966974,-0.09539123059883901,-0.09610570616049816,-0.05151313089266929,-0.0497183733374932,-0.0040456838779449845,-0.10471808015509003,-0.03160189052289022,-0.026610911158049887
l,0.1814355747378721,0.1488659932193637,0.2428620989932088,0.31932867318793506,0.06237731582571859,0.09065475619680258,0.12595913625789776,0.10640779177832674,-0.020735605950701414,-0.038342435421814605,-0.1938778931993582,-0.21877837977136455,-0.057444711242126106,-0.008649106967621284,-0.13153051807736998,-0.1251842891649499,-0.0729641056661494,0.04995087934502757,-0.051056248032773165,-0.059885402926094934,-0.0029072839991668336,0.06982844793375374,0.12727154356488035,-0.1491031661739118,-0.008460907357737439,0.05767644631883024,0.05065937944744228,-0.23886461428547964,-0.1388885608461855,-0.24931481306046085,-0.2565138969110085,-0.1924667228036999,-0.0815951906546347,-0.16455097359295578,-0.14902390220580639,-0.10620373909332162,0.005537132669246303,-0.06424843857834533,-0.060102225983483935,-0.03031806739547494,-0.02732603076084608,-0.06128452987094799,0.08383215538662504,0.07998175952873812,0.03139485980233007,-0.11557082772798058,-0.034554881333122074,-0.18307929618303717,-0.21559009662596607,-0.0569358552254803,0.01288968856862744,-0.09440009416943933,-0.11426214835572322,0.006708673577586663,0.07325691727789559,0.012185130553232403,0.008220319640538706,-0.1686486547435104,0.2499148141120809,0.3587785956761727,0.2128160746632679,0.07945542285277363,0.20933248172700358,0.3369612644490263,0.14505253514394933,-0.00937164188032322,0.21950263151324895,0.302415321105143,0.1825944422217824,0.08134923746984267,0.23465758651673221,0.2819645859596388,0.22822215448083719,0.20109403734996453,0.3831620649324734,0.5112050857085063,0.34630154634829335,0.1866674597401177,0.38756160939727097,0.5328211962028683,0.3807282670811859,0.17138786352410876,0.3592476340800267,0.45506028514837016,0.35979943496568106,0.24349597594686334,0.3668853089875156,0.408336851382947,0.3643772598164523,0.3396301483941794,0.17191713697588248,0.0690740959237791,-0.06222529888104797,-0.1591219645727632,-0.016370539156280877,-0.18638941136161757,-0.26534507463533913,-0.053113906662837156,-0.005852274326897015,-0.09951658200087643,-0.16705139062653274,0.0051861109768358,0.050965658311006044,0.008477638065362603,0.019231574387248304,-0.36344341101651156,-0.256194138174613,0.005493563901597516,0.029037676607049187,-0.05952766133687276,-0.19897848431348383,-0.08100285899875637,-0.042428513054236464,-0.012409221451704573,-0.13363643268647035,-0.03790702381403819,-0.03924414591090064,-0.012691576431263528,0.0012941422162879887,-0.053546880424308954,0.028994625625354774,0.13240198841405662,0.21024315781410788,0.1538193138114402,-0.017869582678270882,0.022303200957376406,0.1286775185095523,0.07970500355307122,0.0039457047570327294,-0.022062033044098497,0.049247626379671144,0.0766420348943985,-0.04799677165443857,0.16794314664193732,0.297755398874995,0.2219218824888758,-0.025752080074836987,0.0690842282969472,0.18760451282944424,0.13636116930502598,0.008614920789119811,-0.0054461009567968195,0.09211708317229383,0.12188229220376401,-0.007794424525413661,-0.18590941274992942,-0.3240283043737199,0.034647334127010716,0.04932298545990864,-0.08893861753280403,-0.20016314019648715,0.06880232429746547,0.13209828261625656,0.01934764206946909,0.016464756062015157,-0.02795690683153627,-0.08325028721651834,-0.12329605991895273,-0.09095846487191946,-0.020336159356254595,-0.11828024831090186,-0.09780120374059587,-0.0759393555509062,-0.07850746028830388,-0.08662567968775604,-0.024667608340464227,-0.24103954314809645,-0.07315096582606495,-0.09297320322551501,-0.11265209804507377,-0.22285188064357445,-0.08620620110285741,-0.11161760343258854,-0.10843783441814096,-0.3173512270437584,-0.09283372690920291,-0.10387490882003166,-0.09380589623983239,-0.27467121182511767,-0.12033478034468276,-0.10663341408311414,-0.08160301206393561,-0.019178992661519588,-0.11501193271781854,-0.27100306080680575,0.09715859003517517,0.10333769126869441,-0.052566067096590244,-0.03344605202588387,0.0806069264283803,-0.11950467399894546,-0.046610054320500166,-0.05536442716359969,-0.05268690486023396,-0.09243993458123569,-0.2628547686384915,-0.15581252514922178,0.00658949337167047,-0.04711300292952867,-0.07313994444318758,-0.24199331035687163,-0.11543845345922547,-0.056184782977432374,-0.00035677001499533545,0.08852022501072461,-0.13864902291233652,-0.10437809958660592,0.19111575543983825,-0.005445395144682572,-0.2711788229217154
m,-0.48593109653580324,-0.21612806690473338,-0.11536223484309815,-0.0640674137352318,0.022562793453902448,-0.2902474374909472,-0.3141608562780619,-0.26920714048335226,0.3146660881267962,-0.053398074768232946,-0.13426581740137927,-0.18183866610304567,0.2858241773305536,0.11064122447416785,0.0524668331143154,-0.05848423625649907,0.02530750392998499,-0.14965570660018876,-0.13074790494905858,-0.13324290882542536,0.1465728764022946,0.1005442848205244,0.05621652933382063,0.09566109442178852,-0.33660523613861754,-0.3020053165009464,-0.2198217422559944,0.20054558989828658,-0.04803876700991594,-0.09632755439000104,-0.1351945304099327,0.08131803341050699,0.06960139421978523,0.04599389507620163,-0.0866848232023608,-0.02966099187802954,-0.20577713064895292,-0.19017533708144976,-0.22345275212386123,0.0693678854754959,-0.0535320063107536,-0.044582245078402215,-0.6210065530700021,-0.4992749854850336,-0.3428806957564283,-0.013962586493954371,-0.26606571926606,-0.2335628910382629,-0.24873801843686752,0.02298230049841989,-0.1521648805462829,-0.18349973978089404,-0.302047371527302,-0.018415927409348967,-0.31199088253577517,-0.31829582215565216,-0.2458418725512421,0.1164477721112379,0.20962239350937517,-0.3380000558650917,-0.41224515809405887,-0.3134490581532624,0.19105579403654846,-0.04695028050739899,-0.1274586577092817,-0.11192194865943532,0.17104629413140643,0.00927808912001794,-0.17216621872749305,-0.16390534548554783,0.1332621902343567,-0.10140223091285892,-0.13134032840818793,-0.032326562401973936,0.4523250767338279,0.29906598979029875,0.08735973206117496,-0.01947330456742614,0.44744490909716966,0.36100907784469577,0.29923945859014944,0.3133876706116697,0.3315254562368506,0.22797220296534598,0.11151562246319596,0.23458797381452678,0.24375534266365415,0.09636359383454218,0.10689950477605593,0.20244900617993697,-0.030376927949005133,-0.17985072513107594,-0.15646649191427114,0.053991293806318084,-0.062255711722601366,-0.22555040478708113,-0.18916981764098878,-0.07534803142083742,-0.07640374050192117,-0.21664792768310312,-0.20199200552865765,-0.05238982797469777,-0.06931086218742438,0.03607821757435635,0.20354561181656047,0.024746232779857977,0.16831602256432204,0.44259190875757776,0.16979710125107786,-0.26796917324182795,-0.10260218765334404,0.2728229430970314,0.14260239426957824,-0.15244287649784902,-0.27370520679605187,0.13148586689962227,0.05691412594448187,0.14089863327637273,0.2423257404065783,0.192109841987035,0.07241227024447827,0.23923216277797826,0.032910862769690234,-0.0579315627572879,0.0952796371756842,0.06007932455227208,0.04233258452472517,-0.12841159979097108,0.040250148788249854,-0.10603397902490011,0.020949286572920563,0.07736958964628472,0.019383095663770167,0.20223106906147015,0.10846227514790058,-0.019401410694729556,-0.021976120298828925,0.07844610776510663,0.050396778051963756,-0.03994833180728578,-0.07306024389424523,-0.22732141627414362,-0.13899910038514537,-0.051345051486473156,0.3742497645600076,0.0089926537949879,-0.06725860861141608,-0.015288624259723924,0.4352383675735584,-0.10318365302228788,-0.11012053974591497,0.25466698694962664,0.23250295338331364,0.13031415973121682,0.335158293503818,-0.20516546655140205,0.03012260633318789,0.2789820950213394,-0.05694999548518773,-0.1687663608230937,-0.20608921537165653,0.15588044076193885,0.04038959126355725,0.23728002415578628,0.3675751803290675,0.35555220884032857,0.014834995506692237,-0.2527331191870431,-0.08154100256314073,-0.09459137936473076,-0.022833792203282112,-0.2549863844781596,-0.0376759610647704,0.07616071654284153,-0.08659808828136004,-0.03816073052768604,-0.04002511611920812,-0.09781870317394256,-0.12370665179727275,-0.2875124018666107,-0.192844735678815,-0.0617872645259477,0.530411151755823,0.10236105977485543,-0.008844946159098614,0.5448596998304387,0.13599207071443795,-0.026428033193339594,0.28705704743922916,-0.5468777079357684,-0.3621851533691189,0.46321550889859825,0.22760841007429009,0.4731483628324862,0.5101074118778027,0.04894308987063944,0.14618477677692102,-0.23547300883172012,0.08650124947493765,0.21393964383230202,-0.0051287425921127386,-0.3190891922568141,-0.11854613667616258,0.053908039708777125,0.3201152269518557,0.16483300848852098,0.1720857575153262,-0.06969583773969754,-0.11110423903309828,0.033767689103341
n,-0.18625096584459172,0.016760718211547402,0.0660792199802363,0.16135167506101092,0.03264489327853074,0.002002875142687925,-0.1732733765349498,-0.27606260348908745,0.01570814503628123,-0.0021564042584426815,-0.0513464757904611,-0.0898549142079223,-0.1572172124289386,-0.18002055470841083,-0.07605702677756944,-0.04187272807406036,-0.19423568873965327,-0.1514672888273774,-0.023695068326581484,0.034481913375305255,0.15722621650491372,0.11655375511690835,0.1948717931044578,0.03797614673800409,-0.052089001479756925,-0.20866602372961304,-0.28076129649807763,-0.029752302927553875,-0.13973685399640068,-0.06843538992169636,-0.07027357615865487,-0.1231476189262204,-0.2574983088214819,-0.09526914149643398,-0.008054224642170815,-0.19030365588622972,-0.18817930263903423,-0.0294663347244347,0.06493253071172896,-0.008162150811870522,0.09393793962605859,-0.0043890858655392575,-0.1690680105695783,-0.2811731241055774,-0.3092452526580578,-0.07619610027529003,-0.2028300205715768,-0.14005212274734086,-0.11776648732986343,-0.211459083320841,-0.3425893188805969,-0.14134049933131135,0.02496272141669969,-0.14647056263781774,-0.26962667114372874,-0.11782458734031588,0.008794507918303544,0.11134687653175485,-0.14449454868381276,-0.07370617217314494,-0.09064585074944861,-0.10702316952060566,-0.04734407969905115,-0.08570514784208946,-0.10167056770109227,-0.10188808643742849,-0.037369185390532376,-0.23510261788034117,0.011274719422490559,0.06697031836663056,0.010115158060821998,-0.1409732621799984,-0.04751939111138826,0.03801987127411983,-0.18401204661495862,-0.1628222744424148,0.02403715384786101,0.011856303348767297,-0.04588127249997813,-0.09012125393746735,0.0364592293125358,-0.016565197187502472,0.05252970048683538,-0.08338340886485007,0.1685381843105668,0.1680649150108661,0.10757882460038558,0.040791737529240715,0.1035721000768303,0.10831166283055528,-0.033286650983613365,-0.028269466357282592,-0.12760937851758755,-0.21790309432308422,0.09697866339059431,0.018501942363464266,-0.10928365649995112,-0.05552406123338754,-0.27702035771956873,0.07007772679851938,0.03793168555652113,0.01496227778759551,-0.3325314672419985,-0.18008168347267656,-0.12050360878869473,0.1868848765733104,-0.04378612576945474,0.24937171543359324,0.13480518207843825,0.016486881556072742,-0.004614948381397954,0.2980302947503473,0.04830975462953873,0.3117893403947484,0.4572450498776994,0.2599743862424375,0.06462047349050562,0.10681317682516679,0.1522702122500265,-0.005551440276420686,0.11259401289224011,0.07414043537646309,0.03684562210728636,0.009692555906947028,0.17673074004364825,-0.19839482624319216,0.043832258580115246,0.1691018924149532,0.16935444538124053,-0.02656137200383398,-0.028774604115224346,0.029266044596073116,-0.049356777907569746,0.0303449858007076,-0.07818974369611086,0.03463387763081572,-0.03191499728007996,-0.325916248470453,-0.2356381478141564,-0.004005007629725369,-0.036749677366311344,-0.20914108658676897,-0.20679368087428263,-0.10214686594051556,0.3467753094275044,0.17756604926277758,0.010242313015011852,0.09968425966170366,0.09933315641959349,0.293511351588569,0.10709766993751646,0.12197716954230796,-0.2656619840902407,-0.005922612375838834,-0.06802266574254692,0.18822008663718237,0.09366545790378077,0.4689335849098251,0.19147911821556626,0.5027808984772585,0.5414999846868245,0.39935836015783743,0.18599953296558802,0.21735436322877844,0.21798189398851078,0.028766470875369397,0.20351374169530465,-0.16514771960127608,0.004100406918277969,0.10761317032836235,0.1826378730541496,-0.026237058847840153,-0.03788904563828644,0.0033254785365396016,0.020259392936637713,-0.42057437431493094,-0.2626743367164877,-0.06852534083145073,-0.007415932565981753,-0.2625684933301031,-0.2043965113857761,-0.11292483840509404,0.4096839248605229,0.31676416626828874,0.09646601892720888,0.1336837814766483,0.07070379824944435,0.1554210933462774,-0.06150456817173383,0.3658027153615994,0.3289999441507925,0.42766356676720485,0.11209111890707468,0.07911384092099316,0.07606478675134566,0.31149321200687763,0.26469459118492195,0.10974981480512716,-0.0638397422997727,-0.0026815743008834687,0.061575916234225855,-0.06847712303604613,-0.15379443062908155,-0.05707681899474367,0.3970852046140572,0.223329295070415,-0.019810573499159868,0.02599489752771733,-0.09040511209112212,0.0958039553727345
o,0.39249754051147623,0.032254946959061746,-0.18742880334869225,-0.19503280531224362,-0.38872173408899036,-0.5168374492923039,-0.052100106037988016,-0.39269145946766754,-0.5283892496525869,-0.8945320964866292,-0.33496676505871537,-0.3769858722351181,-0.5196145038279418,-0.4941684583276649,-0.16212061072840883,-0.36431273134524755,-0.17327257971339513,-0.10265050591806894,0.31696758283865795,0.04988051144250655,-0.013325515263275238,-0.1607613505774808,-0.21800254903288516,1.0487727849863253,0.2507108453121376,0.4165713691949704,-0.18355122422184628,0.5250766147022321,-0.36246945519961815,-0.105561387242634,-0.2579193314513099,0.2816706339986251,-0.05053314047616499,0.03574842983791259,-0.2757098268456037,0.4409597404094655,0.3364500351886874,0.5265855610021215,0.16631729087605063,-0.6251244861890084,-0.813775277837837,0.8835098515542918,0.23713482338642192,0.447948483458486,-0.344827107178533,0.4285630221603983,-0.6023623028987153,-0.2336278963671412,-0.483577020272195,0.23719521036393837,-0.34053472937828055,-0.13165790888792023,-0.5797554561784318,0.23250381308926443,0.013340778723166951,0.39654682993234824,-0.049390124845213636,-1.015353845278178,0.5029114327979963,0.10454721117601902,0.8684335616428728,0.08309590432239702,0.19651770841410635,-0.6960871064029348,-0.22696019154292965,-0.457410201286172,0.07087734862093467,-0.608840083613534,-0.200638703569606,-0.5540365083003334,-0.04605552687325009,-0.417409576179279,0.275318266529874,0.330502548038326,0.4830106839450193,-0.3414938913697598,0.5511294749067158,0.3473365100813403,0.15388920547328244,-0.7908655785153405,-0.46222517647844574,-0.3963016983562674,0.035501335094974974,-0.7267579246770033,-0.49185673518561907,-0.3446280977846735,-0.09185638788782766,-0.5405216422357821,-0.3894237006638077,0.1800400555193086,1.2402941647544423,0.1295366609833442,-0.23887531639568324,-1.0570180361117845,0.038934927961879334,-0.1986395840491478,-0.45027314141638225,0.3056096574401847,0.506979160752091,-0.0753067574312938,-0.4627472166600761,-0.09831673972770963,0.36311185865928314,0.4876596877967972,-0.06884727523329837,-0.6636243835040049,-0.21376048465317496,0.5492024729380477,-1.2428852564271502,-0.26041022014138426,-0.42981854639855716,0.25812774889795537,-0.3720920191151534,-0.052765399661240435,-0.13998023498874748,0.3732034560315005,-0.4514607109986208,-0.07183581692005421,-0.4298453671875199,1.5570631076676869,0.03953713609912935,-0.3055524347908932,-0.2720146258662433,0.15822066401787097,0.08513359223829682,0.3832544019798594,-0.21084171130450552,0.2612311915927104,0.20283063947611812,0.41213823783078934,0.055248514057148895,0.04279893660135396,-0.2621017487129365,-0.33388884402864,-0.027240441805406194,-0.05579176092101909,-0.1710119362590878,0.1877097902851679,0.03406027972857596,-0.2736778105267576,-0.05944035428751448,0.22395357371038482,0.0002643505776932418,0.008817530745673588,-0.2139380372605097,-0.1442805175510255,-0.3401043491460088,0.253259207567339,0.39856364650293685,-0.021626382802451837,-0.3117914555007896,-0.4062139972853343,0.5065823947244504,0.5529124434332454,0.013251851157259558,-0.06708188315837647,-0.3448416100029607,-0.5254761059716974,-0.02529314360344348,-0.055490243025165746,0.06123104971490911,-0.7108346983672539,-0.038418221859470844,-0.5071799305023612,-0.6459763256428249,-0.20775605353115437,-0.07032485802438808,0.3754448453408694,0.07929655812215292,0.11301792386163925,-0.05124895839355144,-0.06983810669985603,-0.3219799198845657,-0.2550016803157981,-0.2131412501015717,0.18132845681572496,-0.10076071155882355,0.11606284051763781,-0.09688393938372715,0.09481744435733111,-0.12910592362163245,-0.06339107491015845,0.10907313630389744,0.0877437522224741,-0.12120845088362887,-0.9883376101913828,0.7355649493447628,0.7244859246321766,0.25336760648821993,0.7652803678905361,0.8235047795120389,-0.31541073978115497,-0.41514431155971937,-0.4888147617484128,-0.34356633072235504,0.8402471026586565,0.14214829321492248,0.1979207378651335,-0.7107489119372097,-0.8058910019040482,0.002796898083160117,0.49194824726940056,0.2204448966969591,-0.1924805841100945,0.9596184105201212,0.9561231993207124,0.5251487538450272,1.5550500725376453,0.8199975235539052,0.13023128188943617
p,-0.18960167314401433,-0.07380096393591266,0.06520706542056626,0.17712888623208203,-0.04715822387823618,0.10051979974410179,0.14449106252559774,0.15448063560119704,-0.04865225812441249,0.01615576460672604,0.10731482792098318,0.10863640685024999,0.014034779230226514,0.030245254821558057,0.08447617583173517,0.08545610011692086,0.14809850063191227,0.03856004038113078,0.10058585110053511,0.09817633296836367,-0.0030329403138588343,0.059697146654632896,0.15295858478741806,0.08928796007786864,0.13151990691905754,0.1370154622841359,0.1356483283300894,-0.04571480608535137,-0.034244365567469445,0.07308535922112323,0.0782428849589559,-0.10546669316633371,-0.0770445965726041,0.024205057802746986,0.039395542242437936,-0.09320973581691416,-0.13299853602648554,-0.007144306418583114,0.01930674071538642,-0.045710688377131055,0.062410511748927006,0.31071724420670027,0.19213993772937413,0.14679684755723,0.13410902015811374,0.019408126405486115,-0.07534450619116032,0.03491761187920214,0.04995779999382877,-0.17956732414612622,-0.17658272181485757,-0.05148479794921148,-0.009304260678873508,-0.2741863684525691,-0.27924116611753697,-0.1324551572842579,-0.0714079928436118,0.12333334196517287,0.26077186923320095,0.1673606325137706,0.1487676701830927,0.14843893186420137,0.13391879081764635,-0.052135665602547634,-0.061594874578458816,-0.05599196412580806,-0.03890109310196354,-0.1439399977853103,-0.08836390982281753,-0.0824749192974044,-0.20426993409719846,-0.24540543738866788,-0.16202985834555203,-0.15948704525882848,0.2130938796201011,0.0831508916721779,0.11185977724043383,0.10836782751410476,0.12783983428482698,-0.012855240345533071,-0.30573463653937194,-0.4250347853045904,0.0600735248180805,-0.03936813227754112,-0.21835785453144613,-0.32397063696092143,-0.024153041206416318,-0.051922464458016244,-0.15598324930959914,-0.2404638462349712,0.22097966282742337,0.09457992785471474,0.10020623342292695,-0.05481033473651842,0.052719667748327884,0.18307201508457693,0.2167245527361266,-0.049404196304793487,-0.005911886465022814,0.1640977912620886,0.22217302272751405,-0.15816382156912923,-0.11694883790025777,0.062275812957327085,0.1259054435169779,-0.009060795205109691,0.05613498917708807,-0.07434411381857106,-0.031369840310574194,0.08894870965925417,0.25001108338374495,-0.17125273292679438,-0.061611102209494,0.030514104788864106,0.1542782432856258,-0.21751883560341742,-0.11055699118478969,-0.05944234977847598,-0.011074827795558805,0.14538660579882637,0.012169236819767823,0.11463662200619801,0.12602909906138404,0.18316543670225935,-0.06280532806021696,0.032326089168966184,0.09866538305648301,0.13947851205261844,-0.12625518531164762,-0.006965736193233569,0.026941565094231353,0.04433072216398067,0.058200832800744555,0.20697673326360563,0.12443270991356802,0.18892663487678474,0.014536970843510395,0.11321325565532878,0.11866009063826521,0.15720558834778417,-0.03796021017584005,0.06270948654869707,0.07022868120060519,0.09782330529760572,-0.07488226583684661,0.0946117069274543,0.14074853757395606,-0.08416986024034606,-0.010323730191843735,0.12521708148996424,0.18062523708648348,-0.2637364578155172,-0.1567528468457153,0.06706215471532766,0.11899306791175085,0.12989977898501345,0.22586356909382257,-0.2662117520118636,-0.12735527007050865,0.07199005918494705,0.1556224905794328,-0.3305510266762961,-0.1985112754593745,-0.07454881430201216,-0.025258073794624778,0.19447779697708564,-0.009667076380702824,-0.2305240939851338,-0.030097837094646484,0.020204902159689203,-0.11078606648927256,-0.18216693927286456,-0.08471791693465916,-0.05223586424162477,0.04777793952603626,-0.1704679158626664,-0.06418472004371466,-0.015674257289129998,-0.03778403665324907,-0.1793397189527766,-0.09641060537730164,-0.04509960257471225,-0.09476908075010199,0.06830392673541962,0.12756341563148826,-0.44543606645843126,-0.14749720228981258,0.06244171837248149,0.09287461368753232,-0.04873222305675692,-0.011138263596286894,-0.28381631544431374,-0.20526406328318061,-0.09222820852732357,-0.08854019754558293,-0.035653316961085334,-0.0025969623471314295,-0.13583491546832188,-0.09113330170937872,-0.06319767164392484,0.07581674163799597,-0.11808133489696308,-0.09466696895821879,-0.0464827688091884,-0.17079198862982273,0.06183803236643713,0.07970698923269774,-0.08951304215220637,-0.25572911474498683,-0.37368330606474265
q,-0.3112341722615558,0.055997203185669295,0.09457643672234832,0.08225747493479243,-0.05329639724037199,0.11482262781714098,0.12116510191248352,0.0652783963486961,-0.12137298169596124,0.024352677829120605,-0.00784369510717334,0.01657198088353948,-0.0751258967238236,0.1755315139837829,0.07954117869599202,0.05528102675920938,0.13211311145967874,0.10985262881836248,-0.03079399878617447,-0.10035591695704478,0.33148689384380714,0.2352409256106454,0.18786547566116543,-0.13545423993240188,0.018821679588766276,0.09682545683242169,0.06284757512766165,-0.4607328200581432,-0.08260817668721807,-0.023145673635192255,0.015930637529177172,-0.1345392256163124,0.06715272785766885,0.057277253324543975,0.047449362701079835,0.03873461708188457,0.029978255119206258,-0.06223405710370041,-0.12227290116077781,0.12169320076171312,0.109889233660427,0.04480092963990249,-0.32861692639074097,-0.12577302571405763,-0.0721503773028267,-0.06414715586295205,-0.2742350260344206,-0.17184732866536184,-0.0922557640883955,0.009678287491310366,-0.0716814924655646,-0.07709553893017247,-0.06494423277664502,0.13540070636914872,0.024614543720330558,-0.10178231007135201,-0.18120552129661285,0.028731213998639704,0.44732223586524644,0.12381836019700929,-0.22070040510454553,-0.18682335796445496,0.22986646845342734,0.07224263406517588,-0.15100023690230896,-0.1092090696552573,0.010843897644033977,0.13832957361426343,-0.014659401302197459,-0.04557005922667079,0.07043523957503156,0.22219196221433984,0.06686077627348072,-0.01681489975580872,0.507635084505253,0.4016813244947093,-0.14365050114860523,-0.24490670199827846,0.29057050090593983,0.24807332776357738,0.07422329034520608,0.12455265023659892,0.10195776544723469,0.14114927763608537,0.19295223190431632,0.18878602826550178,-0.04159782510584148,0.08731808229514458,0.2303637552348239,0.20128502152612143,0.2572088215011137,0.2556084183749611,0.21488889615837137,-0.3973578383293718,0.03792866916724573,0.006765632992869452,-0.009704316640310066,-0.30692548812273895,0.07560733864896396,0.042119092785561286,-0.09893712249431845,-0.13207888039332405,0.036535346666699525,-0.10231393442474987,-0.3071399270091904,0.9111040577264364,0.8977089853567269,0.030914002561873145,-0.07609238874774368,0.07872916249270222,0.01045859743897917,-0.22016155247104952,0.019291678784834707,-0.11018188791464624,-0.3683389579338956,-0.10833321398050995,0.15459677209243322,0.1059373951194254,-0.18751698211566123,0.8403336215423712,0.1437932383688799,0.41575895199216917,-0.16853434423459898,-0.26196495496800254,-0.17756055618894814,-0.228491394352381,-0.09062624640901241,-0.49431997491466717,-0.34276551669813626,-0.14124158866791042,0.06922193640503752,-0.08675615714495453,0.14286841515193677,0.6950522046934197,0.09243917980310613,-0.2381802871129695,-0.0972788998737867,0.11309455593137657,-0.012309782739771222,-0.14131017361074666,-0.3519015546747416,-0.34949439130791193,0.01020608787221003,0.012994908413047769,0.07120160866465992,0.009322345898880879,0.009481837993704905,-0.15726404556652918,0.3049154775722621,0.11648624229449417,-0.03077771647488599,0.07580238640212889,0.29185951481907274,0.05729284031376962,-0.19454153843933172,0.21177626949674766,0.17899778170484013,-0.20905097354593208,0.04475287086678734,-0.061895582798179534,-0.3837297556641334,-0.21003206992068327,0.24600196819176634,0.15052207116563573,-0.20047421236233653,0.029543255967196175,-0.1346304213975042,-0.08650006412424807,-0.044240975455323316,-0.3520042317934388,-0.31312542477637595,-0.24696276967772168,0.056225639552186416,-0.05069370860379309,-0.08830238946222534,0.0680910283391716,-0.01715598055575398,-0.01748731729637508,-0.2476000499897112,-0.3603307226142997,-0.028444239663561414,0.04501389532007761,0.1654643986132198,0.045085883708777065,-0.045536324007782,0.29052470126080365,0.3432243356748614,0.06617874849391449,-0.14183059757506408,0.03503990280396271,-0.3411721581664523,-0.04257371261231631,0.39961093906016365,0.23901201820093157,-0.19072390585577664,-0.5854156593544775,-0.14438675588577674,-0.3691848817866443,0.10640489753659997,0.03530282396934031,-0.2146550408720663,-0.490878343157655,-0.20292062846566725,0.07737628149130822,0.05331204918815371,-0.10350288777921789,-0.2498955738700178,-0.14095687424427258,-0.5794997768973393,-0.6781638892757899
r,-0.01056693019282627,-0.010957320927957263,-0.07594799601775215,0.10972811250542502,-0.08187876956544404,-0.19392046799450477,0.06879278983669025,0.22773460608144308,-0.01505537778872895,0.06833780476941129,0.06214423123888698,0.1203292758381894,0.2065858434234901,0.0658880915535471,-0.02311911195728676,-0.0832882243648282,0.4331847302818373,0.07033301510459021,-0.022369471377980597,-0.08597004812436816,0.038902033133283866,-0.03673369594455747,0.2135823538559538,0.0038417151148245226,-0.05473066946981321,0.2128218442319182,0.3353593866596427,0.023674413500469144,-0.08299927911604643,-0.04585966522466867,0.03838226074895723,0.27063661411274403,0.05143037458458532,-0.01580495734960362,-0.07973776094256317,0.41142368927595685,0.07029314155081998,-0.0659409708745054,-0.1502149428390882,-0.14521698287838686,0.32605571705375036,0.08341697248151476,0.01890637136069512,0.27972531897078734,0.39383692590767033,0.06852600060398162,-0.2373628416438901,-0.16092814748050843,-0.04490257014157886,0.26752112670572653,0.01567177601257833,-0.03263852910724842,-0.07096504008059402,0.31813270402052185,0.04932964142464279,-0.11541308490948314,-0.16036717253773392,0.4399353820688271,0.2592736943201377,-0.35491300623586275,0.017807437955235414,0.2409469938133195,0.13597535480081901,-0.26401425171760606,-0.1864162824445129,-0.06603315060123267,0.08745679409294933,-0.08568819918104649,-0.08107903426067338,-0.046805723407075936,0.036978165874051075,-0.06500124911806471,-0.2258843356165957,-0.1856037686744115,-0.1865743830985318,-0.5816880238029247,-0.4304508647977902,-0.1735749366870106,-0.1428267438955025,-0.14952450791586727,-0.08406924467440303,0.00674970508703757,0.03219410491077549,-0.24200838162842706,-0.09039017128178783,0.06969986856798871,-0.009625741709834115,-0.1846779995626493,-0.19481842048992573,0.005336421604580727,-0.15436543693357474,0.19831366119356394,0.3367944420057113,-0.20811317996831127,-0.6713319259586283,-0.30152469081288247,-0.1692907412829729,0.09148819065771004,-0.30931551150164693,-0.27578242987515117,-0.08727934247290829,0.08993064912731673,-0.14647813153901806,-0.30514764809682804,-0.09988980560460754,0.44897205646206667,0.7089820114730001,-0.6751920908041573,-2.0014269843408288,-1.214754253846665,-0.9480217286029827,-0.6322026038592958,-0.5892323176415594,-0.3966747647840318,-0.2957319454772767,-0.45873045771724996,-0.3964608355845788,-0.36479194375616825,-0.3217617835042872,1.0159624627298318,-0.04874483769392624,-1.5062585345225932,-1.3748221488283245,-0.8197861357723635,-0.3001821211556776,-0.7182304192653711,-0.09807462299309255,0.05428182600506067,-0.36699304002191024,-0.4050955052614484,-0.20903769341925799,-0.08170116814483701,0.19405991177759574,-0.3562402848144228,-0.478507432322095,-0.7415627954206627,0.012290148523238745,-0.5150731718792143,0.05386903948921232,0.2394473490902897,-0.11098767011487744,-0.23767427202922625,-0.020359449986130474,0.11450445981717815,0.048693195556669,0.011017282200651665,0.06136923277888421,0.3210862777235704,-0.19337889522896046,-0.18198853779439053,-0.24240256435756238,0.16602069798845304,-0.17259126164153338,-0.29914539056588096,-0.15796982148302102,-0.314281294517207,-0.2997448807880264,0.3926705249852845,1.0769132769850807,0.19178809681065176,0.09463616116140458,0.3917365944019967,0.6398097183875237,0.29959203212457886,0.14631975492179242,-0.12154564543881405,0.19713903385533463,0.6710653482985723,0.22280222496326987,0.1560072806738516,0.3095822351071804,0.5601920948176289,0.2630609697660631,0.17891105606512758,0.2335443373837887,0.47865097706975474,0.20866137167743432,0.21986256948653107,0.3438007950964928,0.5527750324711466,0.30729901809858695,0.23414078730769264,-0.06661770526723944,0.14540035021754633,-0.06311870681867811,0.022882580248877824,-0.5265892936873293,-0.04861527823927225,-0.12749904058444309,-0.20581994054353295,0.050828230147306634,-0.0398406279476862,0.2514839634978229,-0.03555990588815988,0.021576975161542843,0.33044086461194094,-0.02052333422325154,-0.015663112633963663,0.03858893443363249,0.005486370941141685,0.0077533386470039585,0.07036265409949802,0.02239645648555177,-0.02129661918776376,0.030220919936359576,0.2948972894362377,0.029368213354940817,-0.07208033976278701,0.1956872025839693,0.38266600350047597
s,-0.00673985639781829,-0.0944576251436667,-0.09028545641056289,-0.12329401973077153,0.2122533086735539,0.032779633121871043,-0.15469952039515023,-0.14619919149051933,0.10203327432884231,0.0462740407296696,-0.060743275639008325,-0.022013152892888743,0.10845192966506195,-0.0030361062504129393,-0.09465393631332794,-0.057309888506599,0.21738572222898625,-0.004857042247645674,-0.19522644813946802,-0.17651980030514217,-0.24796486108786636,-0.17225428131828915,-0.1429823360915892,0.20060494015417818,0.11341962783490761,-0.13916748604883356,-0.13767182491312618,0.10462314752821464,0.10828062214039266,-0.08735200240552557,-0.02704103677477289,0.1412923784779164,0.051198389270409365,-0.10793280537974755,-0.03375331780757324,0.22270140341235056,0.05871847354419456,-0.17065153463608712,-0.14497159508294907,-0.07576774274145719,-0.0025409155301507036,0.20882903049624774,0.32793691221618587,-0.03257417746400703,-0.05761549628477007,0.14727189607765878,0.2509229153147597,-0.05736306939017015,-0.04016016350882078,0.1701872572653472,0.17063950831509142,-0.043078751486141854,0.00815043057366224,0.21053953534913938,0.1518117314529134,-0.054309580116819495,-0.05945400472931864,0.1668670648283312,-0.25381337898777734,0.031286156926478834,-0.2326328488335457,-0.13811670550110702,-0.03012549228951633,0.05979278104561686,-0.10516748397558294,-0.1431296780779641,0.0406814000276723,0.08211164310685821,-0.011277866969164918,0.0013627555231825162,0.10705673469183177,0.10810361360523314,0.010212124194896576,-0.006877527069527044,-0.5770882848505022,-0.2933049879701673,-0.44302213209451813,-0.4595413253491003,-0.339924038029727,-0.46479384822765485,-0.3878005195506329,-0.31856105115911926,-0.15903504817374792,-0.24507222501798634,-0.18968448359916004,-0.1237146707866804,-0.07854048565149828,-0.1005008935428417,-0.12446055407525564,-0.11720276493029685,-0.04720037438666483,-0.19218634324009565,-0.1470096424742712,0.33385138573391143,0.14107420025413,-0.019287386394920596,-0.05497820872447706,0.34106840033880026,0.2577162342147271,0.09401170464072027,0.11770140799297045,0.3660042416670138,0.3249686614781592,0.11346515198617134,0.07534371647843173,0.47239145545211514,-0.11177987181963725,-0.18598145604487956,-0.1680302175561955,-0.13898986369105665,-0.07399443316129764,-0.11812038293208442,-0.06811440850244624,-0.13271988908458243,0.039838451540651965,0.009830982864829035,0.005093056182420901,-0.04917184634463828,0.0035743798696379497,-0.47022086768017946,-0.2201548908422803,-0.02079350023438587,-0.24260203230732227,-0.19605272681535504,-0.1878232982944993,-0.05979973649988411,-0.20317155814537557,-0.11141920914199695,-0.0746789746143091,-0.037886970824491106,-0.17280353264561196,-0.17005349890963073,-0.2523953718224053,-0.07797077970700589,-0.18223506085540772,-0.19771494267480702,-0.17058562268369695,-0.04867029563268694,-0.17917719215946565,-0.12492620095268299,-0.08314685809985294,-0.04050995736369429,-0.19307703502134443,-0.20564892729631604,0.013915629490318045,-0.04965466638811095,-0.13343556537151954,0.3485285012347211,0.01942597696525834,0.053921173282884524,0.029862548690830083,0.37727753286729104,0.2682644617877865,0.02243370489230407,-0.038384232712735195,0.40279006957615116,0.14735605838796328,-0.015370433314862758,0.012814272986030249,0.09808880830140615,0.20963158312598773,0.046282997049569424,0.057198443738834544,0.03514861390222344,0.08183407877533712,-0.24053251606223544,-0.000587626528866785,0.22809151594741203,-0.0554141371733834,0.03435373654331267,0.09246027874107596,0.13905880960904515,-0.09426312032015363,-0.10238319343871993,-0.05765932855920274,0.04999319246103691,-0.08369726693322983,0.008206262962252119,0.03822593105920975,0.04569650646234266,-0.11231695620021842,-0.112575295362074,-0.11531763508087535,0.07761244754558923,-0.008338107457981875,0.38552511547368334,-0.0017139639057004545,-0.060557881923375884,-0.1727860468483748,0.44583888729876137,0.2801439725166296,-0.016654900958438204,0.02417267314522307,0.03986938095225355,0.05856332141113377,0.030133165178680657,0.17716711509635866,0.30980756829121625,-0.143008911824878,-0.16698067543941444,0.044297439437045345,0.10996837606166664,-0.2211826346413627,-0.22546723460900223,-0.3227734644518508,-0.017718781373765424,-0.1848330718657423,0.47664120912246255,0.20810800464112206,-0.1700637955596093
t,0.1484475655922619,-0.04848884397861101,0.018282816583145782,0.1934295583036967,-0.07971305037015815,-0.09004883816858736,-0.32968768321589886,-0.3855448311701179,0.21771569443744293,0.002968542721788656,-0.2007668216196841,-0.23370316987945336,0.45818428365720987,-0.021094403164769945,-0.24804968749610265,-0.1727233834992995,0.6718447525879776,0.10470763171282513,-0.17993835916436793,-0.1731092098848776,-0.1890051980144322,-0.0342966734632202,0.1377466302331243,-0.016027384021199912,0.008673117294077829,-0.20095843452992537,-0.33452533502328685,0.2328922314853426,-0.009908598601633555,-0.2401481800386678,-0.35155383688093633,0.3426456597154881,0.015673645025098496,-0.17936420111688722,-0.2063055636540044,0.41680059825682575,0.16276250027274466,-0.07246768040745054,-0.1373985752405133,0.00793191425532527,-0.06932873231015226,-0.12271130464292336,-0.09607405547119918,-0.2202036017254927,-0.3120057157734765,-0.07523565971592867,-0.21324991355505934,-0.3452686196182639,-0.2871729702346105,-0.03261853641956414,-0.13010681736758456,-0.1957982139034411,-0.19447908727254062,0.014871149381391422,0.03667843488343724,-0.053554081248193906,-0.1345317597957306,-1.0165253476895666,0.0002847021956748965,-0.1990160953217572,-0.327475913918702,-0.5239376742049106,-0.028616272824610996,-0.2737895239942631,-0.3642650938344705,-0.1178351656284742,-0.006403498469372375,-0.10514905158575655,-0.09858396504390567,-0.09729058332962506,-0.036070582821471145,0.05640894360966927,0.04686692701642917,-0.026120236452955675,0.1632583349148606,-0.3395190478949562,-0.40142242669935674,-0.17971203041803832,0.2521220671527926,-0.20996960881055937,-0.12196959249054419,0.16173991028828016,0.18545211526697,0.04288300818834692,0.12108662351897438,0.155242286913841,0.16176457700156113,0.11970894509532373,0.17870855427826227,0.15188289418412595,0.20261194395248053,0.21718111885907843,-0.1824691350511215,0.06458372061388966,-0.1142668464531476,0.005801708283519221,0.10391359051473084,0.005679639723967777,0.05660475105020212,0.19900551617417125,0.09380077398761442,-0.052759491518676996,0.318386459407583,0.329350576786542,0.13825488627417676,-0.7871798233158597,-0.45755241488816784,-0.05501339135307678,0.10779772970274788,0.1791041056306347,0.2892173596227936,-0.13002241029873451,-0.1509693801465892,0.183383240884203,0.08218166800423304,-0.2566953108532646,-0.17904493808122401,0.06575993809480714,-0.001833687286084429,0.11124973133238679,0.2244389731503289,0.2789150993967676,0.14873749456684263,0.19886899266919592,0.08889951703714337,0.14124024182393655,-0.029094225618839856,-0.009715195845311464,-0.07048510729042684,-0.14894382826980024,-0.15777978465259054,-0.22973230534223799,-0.03121548098171589,0.008449051304522642,-0.01634844668197091,0.05323793927309083,-0.07862724996810139,0.02943934976575658,-0.03566093784245446,-0.16543663715238183,-0.16032264200389992,-0.1030992417580709,-0.19727888113853165,-0.3314618674849605,-0.002142114858182754,-0.07610175393915047,0.1266309391908776,-0.0778602066834732,-0.235691570113071,0.1820834951931627,0.13271661368860344,-0.07018830795037834,0.3241892269075381,0.39434911036989095,0.21925702713058165,-0.01028037184096755,0.3906468858918319,0.21522007077745214,0.13970719730175188,0.32638202585088705,0.16119617047579962,0.11377640621903345,-0.06915513487510201,0.327767143885775,0.20962419368751126,0.7138430275917049,-0.00023764272168268777,-0.07659658426247831,0.036796947105240015,0.02173072710405288,-0.030729096783027886,-0.1462798169747669,-0.17758139527271563,-0.1606470778525699,0.03521919770211655,0.11359990683803384,0.08383256423203332,-0.05800759768693947,-0.040015326981326246,0.027411958822866653,-0.07068070097084653,-0.1775716126334927,-0.007426240905353795,-0.04578959337955721,0.039861136833829046,0.004733819636005897,0.16259122360055814,0.27266873288756427,0.17711223129242956,-0.05398253337178747,-0.03828548378073194,0.1630348189807832,-0.24245249636131982,0.35507064714992626,0.17931221061651562,0.03993054668575681,-0.11691320893521337,-0.24579498972255273,-0.2934903262009361,-0.2121264031828265,-0.10419324859310237,-0.12639748546049837,-0.13010970778410072,-0.21437777056805493,-0.19572576701749525,-0.1570585338477639,-0.05282008883948288,0.1892452941846706,0.0956081406526875,-0.04988522753585313
u,0.27731358448883714,0.3782234895483396,0.12208807184671638,-0.25296635427165065,0.3296408356276827,0.41077693021337564,0.2693980831438249,0.14660790696651105,0.23317366899193828,0.30118876578904197,0.23535938267262707,0.19501033646466123,0.13062121519509934,0.3047533758118414,0.061031054169023435,0.03703175301032712,0.31017202579220493,0.3912548213285791,0.162809057808039,0.07283311373320378,0.3326328544594371,0.027693543132385104,-0.3456066406224944,0.0164837782026251,0.2731251610903133,0.1756599448148345,0.088621585163644,-0.11323249838846669,0.1473470541210995,0.1687505355080701,0.152388051873084,-0.16599522076254195,0.19576411335495622,-0.002310440913620384,-0.00549504333651171,0.11116055371379506,0.2565849760264541,0.15540962942258157,0.1071819213602595,0.0908413386077238,-0.22200166882687197,-0.34436512510323203,0.07166691100532158,0.05920303803634299,0.016150817198542864,-0.31203341632029324,-0.021160938100944948,0.09530990716698805,0.11063732038468663,-0.19515669975599137,0.11385712974321378,-0.02795768419439882,-0.032149442396212195,0.0786530175867848,0.1959024636395247,0.2103364397529421,0.15834646219773874,-0.17721696731810385,-0.38275612207901855,0.22248410766881685,0.11299767582100592,0.02992539655058637,-0.5835752450251696,-0.010135639070642605,0.13515238855925954,0.16206594769861268,-0.21680453364406962,-0.02953500210561764,-0.23950963677289547,-0.25624305839307876,-0.08845657100266618,-0.00462131106505259,0.018187980941576334,-0.02337397632232925,0.2400542924164856,0.654919000543407,0.5679519347998023,0.3696938643996993,-0.037151692305686816,0.4050706127003354,0.44542911788277045,0.4170762324664319,-0.46874963016776705,-0.10959108084831928,-0.6933875157295926,-0.47000899237849747,-0.3816404951077598,-0.28210467206475043,-0.3642767453213365,-0.3714837452222938,0.3026428410802771,0.08094065155175278,0.00519917231594227,-0.013890598666158955,0.03074200622295612,0.10469551640241369,0.12889166207889646,-0.06897199369009091,0.13223419080237722,-0.13907203824506728,-0.2138010627022987,0.036436573274183905,0.10298714251178336,0.08622864135075474,-0.04145522877492623,-0.09308885411502338,-0.315265503133118,0.17044271483228626,-0.25525920430987215,-0.6501367278267703,-0.6958321403354728,0.11218915996130387,-0.08919944065576854,-0.06435410053810718,0.03326728590983063,0.0969810159218926,-0.07089167107293586,0.03648546367526748,0.1777038478857012,-0.8429531862106391,0.03361782400786246,-0.8062860940794337,-0.42676416739604806,-0.7885529959660478,0.06033245032879096,-0.15335574156392864,-0.00327698638713505,0.05002194511707796,0.0663704312585614,-0.08101139963627493,0.04019413177002571,0.13491404743628183,-0.05863105686854994,-1.1867879275273456,-1.0564655425892364,-0.7256489311207357,-0.047404593213641884,-0.3403546711682945,-0.057830699843454805,0.01053662787674453,-0.03374584119056809,-0.17421696910806916,-0.02713410489226745,0.061366851690368825,0.16624668410007357,0.16278586251971008,0.18328231071440312,-0.15964450586280682,0.2660510943107387,-0.37131062113765156,-0.12562190657468097,-0.026136137595238956,0.08821451644158981,-0.054043453446390145,-0.013653300716089806,0.23688761246175233,0.04515437604912835,0.17718068151383617,-0.2636616523286507,0.1422739036050138,0.13435951995260204,0.055282202307573254,-0.18919510838762188,0.029588625752427385,0.19256408252295737,-0.27598303993094986,0.19471743358158727,0.035955272499235746,0.21095457233962642,0.21363648042086636,0.14504177526946507,0.0175135253920589,0.14941915447218948,0.23077053375916448,0.20347093655950532,0.04642486436048775,0.20871299980180447,0.20808967840106365,0.1545851474054905,0.07088436723097064,0.16825488323796903,0.22226592750628876,0.3305598742227491,-0.45945944751179807,-0.3515071406541703,0.008938046415350478,0.397343710710764,-0.5469051728306761,-0.12504337278918054,0.316903507713586,0.10036037236280007,0.08953233344482737,-0.3572783385200218,0.08491952328421969,0.1857711883120498,-0.2836197023267181,-0.19690531041531348,-0.23516054153014315,-0.2386038031364702,-0.05680942213307677,-0.22178754563588962,-0.13156770272894086,-0.1776442535170153,-0.15499752068732303,0.06621785125111575,-0.5161837400162743,-0.2793329810245328,-0.0478047855611528,0.04519726041230587,0.10559972280174608
v,0.8613666378047763,0.8036615999203878,0.1879065487588177,-0.8867265017852947,-0.44467569240570437,-0.014576549802702149,-0.09324687846289408,-0.11150456652792003,-0.27180228561388,-0.10784125400849767,0.15214496156228816,0.10559091010499039,-0.12396254856165957,-0.13098202006988072,-0.17675176892232924,-0.2637315051521208,0.10104106473631795,-0.18446468944727656,-0.30380234632174524,-0.4389811603785208,0.23590969142691987,-0.14019386497205386,-0.8987392105050819,-0.49288854239169033,-0.0351244644270765,-0.12998655346505814,-0.13264485852459612,0.021737548971583743,0.038445215579861934,0.21984903766106284,0.15371147741709648,0.15197223951064467,0.0278809038971032,-0.13261458466393317,-0.2123036659978322,0.289217404381497,-0.1268962487205911,-0.24266440481629015,-0.315674559925406,-0.042526680931853515,-0.7000850055872281,-0.177567011250213,-0.14989796448475487,-0.24345864710134577,-0.22211910189798018,0.15457855177204513,0.037689710479225175,0.21199777391775068,0.14516255390126312,0.12410679013293564,0.022714346974123212,-0.08644473090611003,-0.01692101919086181,0.2274353958827196,-0.12436176737404221,-0.06838701955612371,-0.04569653167630259,-0.44129106265674334,-0.4311292270508481,-0.18117394677748835,-0.2508106296394337,-0.2815736690083147,0.8273827996578379,-0.16302218799997437,0.030223245112911894,-0.003907065294989972,0.3775816896129843,-0.20855938732259935,0.3317795692594955,0.47661233639258155,0.3363281246298083,-0.05973006829333064,0.29321294085607297,0.20840337455163152,0.05705625300735938,0.7039552701304372,0.6855051680886056,0.48090598574126187,-0.34999344177111813,0.19671339514404515,0.3413243564095149,0.22561850114497306,-0.23226572554261962,0.24426603272575925,0.24468693523584148,-0.4950096357810486,-0.20520635101478757,0.013673861922755824,-0.13137865805038415,-0.5964108522754613,1.1976757851789168,0.34038141003150585,0.20572764263564897,0.198049195546866,0.6790599821753337,0.5216284688478972,0.3665144616254219,0.10035848738446684,0.7055126317717763,0.09788388880243264,-0.22986932392339518,0.03660262935011079,-0.22211301794872748,-0.16631851760434596,-0.160917480424049,-0.22315479038355318,-0.26726652489452096,0.37771747508158804,0.57580996815702,0.014085225763899197,-0.24029185755943505,0.3276360373553115,0.7195846632748103,0.09481680301653055,-0.12807086565054865,0.22477213965904072,0.25648024490132854,0.35139798448134063,0.29656381536616755,-0.32070421634077934,0.13555096704401917,0.573561651126026,0.25269079298770836,-0.09986946031171115,0.0505036245456242,0.6736024619368028,0.04301081648286692,-0.030782614732664536,0.09258706337310438,0.2821243676216191,0.27762643905268525,0.25373762438873027,0.07007734060273037,-0.20605270232283138,0.049971400454436314,0.13907645780677838,-0.0991289376695519,0.29014282179127265,-0.09415404056810142,-0.0721412915327701,-0.08859275098563514,0.12232551487487052,0.1398606282751837,0.14594895148832593,0.39204047542751824,0.4173302479924458,0.27961905024557177,0.04257726516719706,0.7098550920735949,0.31487538117319896,-0.07920952921764655,-0.03191960805050453,-0.3984051720510352,0.19489108398905308,-0.1008987518001105,0.39405254733262557,-0.07444528743511375,-0.11841994336840812,0.03640407096698279,-0.19985234852770378,-0.03647568710636824,-0.32965975836383626,0.02555644043685225,0.20226970806479821,0.2379170001994836,-0.7647154037166887,0.28439060478301426,0.09891300712372823,0.24238105538246874,0.3636960621237987,0.02977324517692336,0.08819013401263967,0.29822985224258347,0.4071467454886489,0.1487039076766567,-0.24201692053669846,0.12405344037298714,0.2848593110281694,-0.05130947340449534,-0.16102688521869066,0.14081249505510904,0.30122859575347194,0.2363375436652663,0.037685822675871054,-0.11561576839930728,-0.15234027165274086,-0.2503373972274803,-0.03576733115971714,-0.1888197868044487,-0.16781583969175567,-0.15260803269733922,-0.46372217777032304,-0.5108153641227962,0.12349733387964533,0.1893303666942771,-0.03027911117268342,-0.16950221922276038,-0.31763547651538265,0.006328181202403232,-0.0882474272216745,-0.04222395560205883,-0.5019904688649376,-0.20440798096515048,0.06260877224320344,-0.09512626063919202,0.10898832755902445,-0.2205057174536749,-0.5070042195982202,-0.45849643364859566,-0.06419310986489823
w,-0.31773472181816664,-0.5024387925997637,-0.28695581205162257,0.3010936525646009,-0.6313821018187595,0.08495675685241838,0.44452606462093813,0.2638582996772972,-1.0170662251533744,0.0016475897660798897,0.08628506976840464,0.06317206753415672,-0.5035784487870533,-0.4963423526849856,0.4319016732346831,0.5742603744407356,-0.5491614642662456,-0.41141990890861946,0.23492567774311116,0.17123108775318077,-0.6472301361716271,-0.14293017349138348,0.5288445509224287,-0.9557778033149406,0.09300778677322748,0.5519629508595761,0.33927599545544523,-0.3269340208882884,0.4389144953335956,0.3420780972883672,0.20461786972098275,0.228129861826431,-0.21409254806236938,0.6822125974142437,0.7772266285282231,-0.1501321870204995,-0.16450779978957625,0.12688316910217004,0.0642692451017677,0.5103221091315758,0.47272798217176487,-0.32946226591267497,-0.2402165232936395,0.29658025482633243,0.1318838291937969,-0.3441084861365243,0.5200904074990835,0.38674012434440685,0.19969232358827793,-0.10436532462056067,-0.28600171782222905,0.711370707921728,0.8607959215887445,-0.4418303752419141,-0.14952741232974812,-0.21607225402379726,-0.37550997153059296,-0.4057559913289571,0.07458069575555042,-0.026903640979718518,-0.008906094729746333,-0.2230844867883414,0.9043163255955156,0.5908365562245338,0.38734081466971443,0.20104496475475903,-0.10482449529586475,0.005860576255041882,0.6128309959830721,0.608773463238601,0.10339389962419916,0.14276475117122456,-0.05848744066984267,-0.0941781496563323,-0.2992144395292581,-0.2923963150674476,-0.4145226432819049,-0.6017223996808279,0.42506659822289966,0.14498936139455654,0.01686454768057359,-0.023092267721020722,1.328017310171809,-0.04303611456071196,0.003281529980685428,-0.2137359156641487,-0.8210957814865739,0.7661000542979786,1.8895461993355764,-0.025295352564348155,0.8270166019665589,0.50318104083263,0.18133265052141967,0.11585011621349632,0.5528307669563892,0.12916523027519533,-0.08871532214312905,0.32372894421865017,-0.8429537222983846,0.44732934440018673,0.6354614029878428,-0.15162091284941054,0.1484470956418469,-0.6167161939900396,-0.7295004838840444,0.6554802108599519,0.008801851295318146,0.700208085666711,0.4153286757964261,0.15096037995801778,-0.5788556984457757,0.6128530693653597,-0.00852998896770618,0.37380265537682333,0.6384781362725324,0.13737341531885114,0.9063998646770167,0.37182513192211936,0.331585055792447,-1.0999756878017766,0.3399948963031831,0.09807672606290786,-0.18126695790511305,-0.9930092982945341,0.3258772366618554,-0.07334138072256542,-0.030600648463311415,-0.023422534437835617,0.09457355638883781,0.8768966879602846,0.27824496086210226,0.2796212672610613,0.00683726126553872,-0.43684182128346155,-0.07551339702711311,-0.5777740504621391,-0.024123109978563786,-0.22945695903391036,-0.14996668052166878,-0.0787649373810158,-0.11450182680924961,0.6709270033610049,0.0811777857702441,0.07145179072027305,0.40137543535373993,0.004802410060902793,-0.1163791048737771,0.44735141988153604,-1.1256420934307874,0.27671506395331924,0.3588199929363522,-0.25396672955788113,-0.11493098086503903,-1.305548876749254,-1.2588352376713663,-0.5188829751049299,-0.9142433204775079,0.07920260213562787,-0.3834771572696294,-0.5124000578388199,-0.2389283745592828,-0.09927383260094325,0.9279492044979958,-0.07095919794557547,0.20524744937266112,-0.8174699120978758,-0.14862083075045548,-0.09078634929421789,-0.18914972686038795,-0.07868652493879517,-0.22545080635290346,0.5503111386598412,-0.16125306776226953,-0.002623990985059803,-0.18495179499188408,0.09755140418228626,-0.04547955017226718,0.1883093524976287,-0.19971616891707192,0.44429645378427723,-0.15974314382517552,-0.046998650132677296,-1.5032393092801632,-0.10046029293671484,0.0784439446052819,-0.5897880767526067,-0.3910328686312236,-1.956229979067407,-1.3149310180942666,0.2572305259690648,0.3247200957830692,-1.4328261286159438,1.1536585185838317,-0.1687672324429805,0.3075971829766112,0.2864180725019291,-0.32833530279839196,0.16921129498465726,0.06281787748243643,0.52130760575166,-0.09153471492129168,-0.009585816446047665,0.18247832102412317,0.5317573358039441,-0.2982828066347462,-0.3836952978732912,-2.326239504223051,-0.923911108530147,-0.20825425978292306,1.0969790342964112
x,0.22092035247850678,0.2322907393843071,-0.01754803847957569,-0.0854148442893297,0.274208336165259,0.20940759393835687,0.05792754661405422,-0.029035134769530332,0.15817485694500105,-0.05974720839998108,-0.15365458510544147,-0.1724356417510777,0.15319459320440781,0.004112526786858443,-0.09885381341441553,-0.10990645482529539,0.14270855310570738,0.059687096986886394,-0.08781955984246227,-0.13940825538838653,0.11745858544146037,-0.1562383947214214,-0.19398038851925214,0.019463495477333708,-0.0033675855410652596,-0.0388494083542206,-0.06319194209267051,-0.09863319685964902,-0.1607175274443171,-0.1575345498589141,-0.1706266256260201,-0.0456644844679985,-0.04477429767144962,-0.07304518457795742,-0.08851724161578835,0.002871227637623342,0.027938218494259127,-0.0665381819162247,-0.11400937251749203,-0.12542407924790955,-0.07376488910622997,-0.011856446851972992,-0.06748681514036343,-0.03517012838684072,-0.04133767839833237,-0.06092201813959327,-0.057853179348395345,0.013027396190269462,-0.013367725877031961,-0.005739483039142277,0.06653558383469267,0.07346966723648757,0.02077637745772564,0.030549687763396824,0.10446002915174206,0.04831658551378454,-0.007944885225378487,-0.1205487723362439,-0.15239748947684947,-0.03853028056952611,-0.06041689843969929,-0.08459004840852037,-0.20933529384166044,-0.13715512475804278,-0.00937324340987858,0.004639124049549942,-0.16332644193421256,-0.052080034100880426,0.0048071399228884525,-0.015005772740509562,-0.11925596863652237,-0.016906281940927182,-0.015457582143242528,-0.028583147955217696,-0.1485500359921208,0.05326178359838237,-0.09752934321255251,-0.2095031286808235,-0.2972956439741573,-0.1985452767557099,-0.14758939489053768,-0.029436542722754845,-0.18172413406397395,-0.12060674841387024,-0.051902739378983695,-0.028531551287287082,-0.1383944805508549,-0.057140941587056814,-0.049575967411917825,-0.03568512238239406,-0.09783301100778753,-0.06011543043055978,-0.07274673910285775,0.05225234200932048,0.07208055890375245,0.19053858490141853,0.12699306137198776,0.07268593345858188,0.22057863587749682,0.19897576561973418,0.08301487875551337,0.04447877987249791,0.17579301780869144,0.11981735792635698,0.04211210183551559,-0.005854641797825113,-0.1387570073715674,0.26118676986165695,0.5410221622473247,0.6059203658510087,0.5302154308187906,0.2546404837138118,0.34444688602220086,0.4012057976603102,0.30615125028579027,0.15228675588514604,0.23226114821171107,0.24806936690200584,0.22023880948814836,-0.5914165738156318,-0.08769169208180674,0.03874592290851453,0.2277397834352172,0.2544100986195656,-0.10258788470370732,0.015717716387635628,0.13426279573908248,0.10199504409166359,-0.08776292608076972,-0.010343603767643875,0.051104232378489,0.05296588230339553,-0.18986818039056572,-0.4571514186399166,0.0814411666255709,0.12604767646911408,-0.2751226464886911,-0.3236345731783263,-0.0030032681509138954,0.0071010674104136275,-0.27530024775479545,-0.23741513615245832,-0.09295919751529408,-0.058907322833477535,-0.1909683577600505,0.07792971303919743,0.06341338989579184,0.06798251782569557,0.16730317223577382,0.11917310107447092,0.03512793105707693,0.00792252795872223,0.20154071554455427,0.07259947014394134,0.006581723717288284,0.19579123045298708,0.24870070358909174,-0.3844418062987829,-0.050888064538619084,0.06914000972724095,-0.0031529883819731088,-0.28044071508302854,-0.07926856861607547,-0.024709452348292284,-0.01420539566773735,0.27549748242839067,-0.17981659772681463,-0.06815344953472184,-0.06831372222510063,-0.0928163704256115,-0.2828553477328149,-0.10177555218108514,-0.13158310038554694,-0.14331751726547975,-0.07022302660322702,0.0955922980904382,-0.014901972065403243,-0.07035404122189522,-0.1755803098241535,-0.02882071687181871,-0.08207905424772484,-0.11595627321255918,-0.1125511721404809,0.01672742506341755,-0.0037550909743917864,-0.05895261248396989,0.13156006428853903,0.006788058283670303,-0.009803413183785182,0.1716953610955096,0.1115947038836203,-0.33977157579861905,-0.11508644731581603,0.06673056506832405,0.09822453792058097,0.04422590439845522,-0.2236107319363488,-0.07278436870194224,-0.13976425610724985,-0.14225519902324577,-0.10645489445660618,0.023486196182588563,-0.055181512756532256,-0.10181945811923171,-0.10988564630766377,-0.1540033449764248,-0.0677677344943968,0.23625807464312082,0.2651594052250564,0.21096239043550077
y,0.25623591530055934,0.17494982908967027,0.033125467093492615,0.27246810639059954,0.2084294699610457,-0.0013212006153960482,-0.3408671611391663,-0.28552799961685815,0.08685604310303337,-0.2808124293642366,-0.35018234337749127,-0.2718637432235331,-0.1567694323482869,-0.23255448552538807,-0.29617946745317253,-0.2838108164653249,-0.3572370706470136,-0.1746387544300968,-0.03294118593253401,-0.0029447855870785044,0.14794011884299665,0.05943915826669278,0.3052575742249795,0.12372490103979446,0.16563237773474548,-0.2268009208270476,-0.21359534385577492,0.07895443494287348,-0.10380288051759662,-0.2932862985714532,-0.28504993210795176,-0.04886849914123009,-0.04065656012010074,-0.21579329613252182,-0.2717730735487409,-0.13406031641679064,0.014408547162550042,0.05635740622641222,0.042436914223569086,0.006618819683624085,0.1558590339325173,-0.08842969620976748,0.19690976837905874,-0.09809438302607633,-0.09609211412736296,-0.02590685929170177,0.009411638466680129,-0.15401669332185608,-0.19811303939306363,-0.047533174011524224,0.0607789743156581,-0.08776696095588815,-0.1558609425865645,-0.08952499232234414,0.049802915675500097,0.07329964855688675,0.05651684790293681,-0.2840350275250315,-0.14000274964873907,0.1795344513294796,0.25902894423401135,0.23691907095807785,-0.06535746842074358,0.08765138937714231,0.0007417335796505197,-0.10286720317928567,-0.05655563443136519,0.08131922208232605,0.03555970523894567,-0.017678795805086894,-0.07874947160496894,0.033043051626280746,0.05784948015386171,0.06946294721195291,0.008568395971179418,0.4774261072853746,0.5043393672291003,0.4525959507984707,0.1977966218625046,0.4043410595836693,0.29662283737780387,0.22833153224759534,0.24446538244692392,0.34553250437135835,0.36735038542503917,0.3489941559900188,0.24069941134039843,0.2830958026183798,0.2976499227370791,0.3074156416055062,0.7331004730133989,-0.002977196181384033,0.057886594254271194,0.09552336138090167,0.2327822237139123,-0.18331788440388863,-0.22272244057003637,0.045202159987331764,0.21612184087049496,-0.1268502774157289,-0.14787148807732786,-0.06886387174254548,0.054196611821941326,-0.015954900895070526,-0.032416156327241825,0.4425445423495115,0.36578307747017674,0.1515052154197411,-0.269505598443851,0.13545141429359267,0.08554256322255592,-0.045982587036638246,-0.22144085733526664,0.013536392625962323,0.12385126339029667,-0.22687146124528357,-0.19990305438629047,-0.2267581043807293,-0.24120545190498657,0.24841293427166855,0.01646535539929653,-0.15174629154078714,-0.05841470900314202,-0.04246654900310907,0.03564768653762166,-0.25708130921622224,-0.08352030327928507,-0.0038780115102425693,-0.09681338507167675,-0.11782135028835776,-0.0848970404537955,-0.07757332471032799,0.0861045684464541,0.06182940191608701,-0.05096684540460509,0.06061966741320325,0.11057784624022443,-0.06102236680426155,-0.013379365692420755,0.05130995420868321,0.016624468328960668,0.050962487600568755,0.044959874891130194,0.04971954899333277,-0.08880914894917676,-0.1675326940628143,-0.15497641463314654,0.025246391990695047,0.1397690014602389,-0.187898361202485,-0.07875110381127126,-0.14737340784525974,-0.028400253242275197,-0.10397606198439255,-0.06230095180366566,0.32465560601323523,0.10647414481459397,-0.2587171088105135,-0.23150473493439297,0.037981415114426424,0.11213436153221613,-0.32519387792181437,-0.21130286521717626,-0.18567226179805676,-0.14038908357004387,-0.26776164330295665,-0.18569559877068115,0.216426694068265,-0.060552526138015664,-0.07467615055423582,-0.23684754504853772,0.048813208418671386,0.09947196942525272,0.1264542512370627,-0.15355328477037314,0.18536977523342626,0.006373584157820588,-0.03807046381997709,-0.14086517865456497,0.10613515956516176,0.14732154254183857,0.14379695161214945,0.06498292319039899,-0.21844238443951364,-0.038559469295824385,-0.3358065114034447,-0.019841678888580485,-0.1342857230653956,-0.014340600339097261,0.4006824725523164,0.4722318774591129,-0.1418569134804274,0.03599085502575716,0.03852096754516901,0.09472742515038092,0.2366110965432632,-0.2309122189038942,0.16663824876599456,0.2956251284880867,0.3513137800800846,-0.09052153170869413,0.31198246341943214,0.3583343248448327,0.33016255165735364,0.03654103576573275,-0.0819241862389762,0.04188992910432654,-0.5911211691490506,-0.3275677843749062,0.1985525149925723
z,0.7049269132959084,0.7300188343397975,0.09599154852425927,-0.36161311507356847,1.0816351409908218,0.5673919664104028,0.28485393547578075,0.32621144842565336,0.602338355364625,0.22621741780771876,-0.02847644080171326,-0.05987959189901268,0.18870929519328514,-0.025314813789405647,-0.020846219202041126,-0.07697457688307921,-0.3188437537148483,-0.011638193654562376,-0.0709852575514422,-0.13894605745624886,0.6388547578218735,0.03627905534680246,-0.393221382529266,0.8532722096612035,0.36394380746927185,0.17721292688875934,0.2512198825659364,0.2843647228312616,-0.04562413512096665,-0.22871473344545248,-0.23520463826198737,-0.053537417797175954,-0.24200190756835316,-0.16834437866347401,-0.17236014686699902,-0.39397391632641066,-0.15989107560834315,-0.1674831922935066,-0.16090925354057176,0.012110831997151655,-0.1546885813044994,0.37130840269334464,0.11626258928856358,0.07757716438619998,0.19112601388801592,0.12730749080832784,-0.1806439192289424,-0.22753366877977083,-0.30759613417955534,0.009824117419821301,-0.18366381732221435,0.006819842102796617,-0.022056231670902475,-0.17849211528797485,-0.06828861980599393,-0.01319412878969175,0.006254736793993047,0.3503556484393134,-0.2560840510180048,-0.06129132317152208,-0.003848390055094282,0.17668739800859717,-0.3573884684661019,-0.23765304778104862,-0.10472406998541828,-0.4069539507363202,-0.4119240881436692,-0.37449711017000853,-0.30502200428568804,-0.2820131422745336,-0.5063488595467618,-0.37368964536327903,-0.2911185222247938,-0.23022442750044725,0.480517689189361,0.07528440532804287,0.08259592593148661,0.3262718886093533,-0.6949722144234766,0.20114855689680775,-0.2643076561673493,-0.21294442963346308,-0.8467158353011147,-0.5093872479571946,-0.7575687849242391,-0.49011625319364815,-0.7352072302918651,-0.6074156062198056,-0.5641535315952008,-0.477997067618402,-0.4817799495319243,-0.18223741257830994,0.0425478035397173,0.4603190625623818,-0.40299779710169636,-0.16248534405400836,-0.0909846145637406,0.3313592657575406,-0.15245428649215928,0.26412377461251063,0.32418270814251265,0.05509837621239417,0.010227637515141394,0.20498866352346845,0.2860298955557783,-0.18016638571064908,0.21392762152186687,-0.15923338513416507,-0.34430187845797733,0.10858331368768939,0.16969749541633422,0.016424004371275825,-0.038544600719514564,0.21321458173126473,0.3669142916961553,-0.11917735438903797,-0.10015106737835318,0.08497392945840154,0.16924891498142697,0.6943376531415407,-0.2353910937271695,-0.5502488025365732,0.13640646144167773,0.20903240211134086,-0.25367684322883205,-0.3132762737956618,0.04467295667515889,0.14186903727775518,-0.34430221175177117,-0.32631604983445134,-0.06204145153102383,0.012063283828580814,0.07002420608372682,0.19258338009402748,0.38274501123876636,0.38123598370221234,0.08216008665220008,0.09346698311953568,0.24270067395841158,0.273166643725556,-0.0223554662575655,-0.04228682865911833,0.1556254335231778,0.18793498760914645,-0.7196975098506829,-0.2643935806603869,-0.007996565212229679,0.15262476201768083,-0.32587479203980624,0.0430836569188769,0.21300521989599278,-0.22147820714348307,-0.385381632952445,0.03814602286904911,0.16822253641697463,0.2658393481375645,0.36578814687446115,-0.37180529164398113,0.15883704008523472,0.21780988280772634,0.2968041465963888,-0.3095846505611541,-0.09095085671664165,0.120949791977854,0.15038839909412066,-0.2793080413778428,-0.35339448104969595,-0.16269061747402205,-0.08669406935285355,-0.09227251383219157,-0.387016421475618,-0.12847306239813241,-0.11033349698101899,-0.08759516723146947,-0.06063759733883683,0.07716338705222282,-0.1069813338062335,-0.04735165751484603,-0.1576853975404619,0.0986726541062405,-0.0577698416979408,-0.03364044098491389,-0.814138216778059,0.018095117445070797,0.14534306340383907,-0.6218687464813392,-0.4301353748004213,0.09735346641472557,0.12499463203864236,0.0007432699680150411,0.2818961991887077,-0.7544243550314831,-0.38999499357741807,-0.03985478252208217,0.013918731742865202,-0.158728637334667,-0.26875332863435486,0.09779837885058865,-0.08751328792678928,-0.11288157228488718,-0.034047787559442835,0.3456794967725026,0.1156931519708516,-0.0025266623655778486,-0.7424736432027966,-0.06098554409865553,0.01552626325321033,0.30079938710598875,0.43716167829269786,-0.06149859533973899
